icd9_code,icd10_code,rank,reason
00589,A058,1,"This code covers other specified bacterial foodborne intoxications, which aligns closely with 'Other bacterial food poisoning'."
00589,A054,2,"This code is specific to Bacillus cereus intoxication, which is a type of bacterial food poisoning but does not encompass the broader category of 'Other bacterial food poisoning'."
00845,A0472,1,"This code describes enterocolitis due to Clostridium difficile without specifying recurrence, which aligns closely with the general description of an intestinal infection due to the same organism."
00845,A0471,2,"This code refers to recurrent enterocolitis due to Clostridium difficile. While still related, the recurrent specification makes it a less direct match compared to A0472."
01480,A1832,1,"Tuberculous enteritis is a specific type of intestinal tuberculosis, directly related to the ICD-9 description."
01480,A1839,2,Retroperitoneal tuberculosis is related but refers to a different anatomical location than the intestines or peritoneum.
01485,A1832,1,"Tuberculous enteritis is a specific type of intestinal tuberculosis, closely matching the ICD-9 description."
01485,A1839,2,Retroperitoneal tuberculosis may involve the intestines indirectly but is less specific to the intestinal site than A1832.
01730,A1850,1,"Exact match for tuberculosis of eye, unspecified."
01730,A1859,2,Other tuberculosis of eye is related but less specific than A1850.
01730,A1851,3,Tuberculous episcleritis is a specific type of tuberculosis of the eye.
01730,A1852,4,Tuberculous keratitis is a specific type of tuberculosis of the eye.
01730,A1853,5,Tuberculous chorioretinitis is a specific type of tuberculosis of the eye.
01730,A1854,6,Tuberculous iridocyclitis is a specific type of tuberculosis of the eye.
01792,A1889,1,"This code captures tuberculosis of other sites, which is the most general match for the unspecified organs mentioned in the ICD-9 description."
01792,A1884,2,"This code specifies tuberculosis of the heart, which is a specific site but not mentioned in the ICD-9 description. It is less relevant than A1889."
01796,A1889,1,"This code captures tuberculosis of unspecified or other sites, which aligns with 'other specified organs' in the ICD-9 description."
01796,A1884,2,"This code is specific to tuberculosis of the heart, which is a more specific site than 'other specified organs' and may not align as closely with the broader description."
0218,A218,1,"This code specifically corresponds to 'Other forms of tularemia,' which closely aligns with the ICD-9 description of 'Other specified tularemia.'"
0218,A217,2,"This code refers to 'Generalized tularemia,' which is more specific and does not encompass the broader category of 'Other specified tularemia.'"
025,A243,1,Specificity - 'Other melioidosis' provides a more specific classification of the condition.
025,A249,2,"Lacks specificity - 'Melioidosis, unspecified' is broader and less specific than the ICD-9 code."
0270,A329,1,"Listeriosis, unspecified is the most general and directly corresponds to the ICD-9 description of Listeriosis."
0270,A3289,2,"Other forms of listeriosis captures variations of the condition, aligning well with the general term Listeriosis."
0270,A3211,3,"Listerial meningitis is a specific manifestation of listeriosis, indicating a complication but still related."
0270,A3212,4,"Listerial meningoencephalitis is another specific manifestation of listeriosis, indicating a more severe complication."
0270,A327,5,"Listerial sepsis is a severe systemic manifestation of listeriosis, related but less directly to the general term."
0270,A3281,6,Oculoglandular listeriosis is a specific form but less common and more specialized compared to the general description.
03289,A3689,1,"This code captures other unspecified complications related to diphtheria, aligning closely with 'other specified diphtheria'."
03289,A3682,2,"This code specifies a complication of diphtheria related to radiculomyelitis, making it a relevant but more specific condition."
03289,A3683,3,"This code specifies a complication of diphtheria related to polyneuritis, relevant but more specific than 'other specified diphtheria'."
03289,A3684,4,"This code specifies a complication related to the kidneys (tubulo-interstitial nephropathy) due to diphtheria, which is very specific and not as broadly relevant."
0340,J020,1,"Streptococcal pharyngitis is a direct match for streptococcal sore throat, indicating the specific condition."
0340,J0300,2,"Acute streptococcal tonsillitis, unspecified is related but refers specifically to tonsillitis rather than pharyngitis, making it a less precise match."
0398,A4289,1,"This code represents 'Other forms of actinomycosis,' which aligns closely with the unspecified nature of the ICD-9 description."
0398,A4281,2,"Actinomycotic meningitis is a specific form of actinomycosis, making it a relevant but more specific match than the ICD-9 description."
0398,A4282,3,"Actinomycotic encephalitis is another specific form of actinomycosis, relevant but more specific compared to the ICD-9 description."
0398,A438,4,"Nocardiosis is a different type of infection that is not synonymous with actinomycosis, thus it is the least relevant match."
04149,B9629,1,matches 'Other Escherichia coli [E. coli]'
04149,B9620,2,matches 'Unspecified Escherichia coli [E. coli]'
04181,A493,1,"Directly corresponds to mycoplasma infection with unspecified site, aligning well with the ICD-9 description."
04181,B960,2,"While related to mycoplasma, it specifically refers to pneumonia caused by M. pneumoniae, which is a more specific condition than the general bacterial infection described in ICD-9."
04619,A8100,1,Exact match for unspecified Creutzfeldt-Jakob disease.
04619,A8109,2,"Matches 'Other' category of Creutzfeldt-Jakob disease, but is less specific than the first."
0498,A858,1,"Specific to viral encephalitis, matching the broader category of viral diseases affecting the central nervous system."
0498,A888,2,"Covers other specified viral infections of the central nervous system, closely related to the description of non-arthropod-borne viral diseases."
0498,A850,3,"Specific to enteroviral encephalitis; while it is a viral disease affecting the CNS, it is less general than the 'other specified' category."
0498,A851,4,"Specific to adenoviral encephalitis; similar to A850, it is a specific type of viral disease affecting the CNS but less aligned with the 'other specified' aspect."
0499,A89,1,"This code specifically addresses unspecified viral infections of the central nervous system, closely matching the description of unspecified non-arthropod-borne viral diseases."
0499,A86,2,"While this code refers to unspecified viral encephalitis, it is more specific than the broader category of viral infections of the central nervous system and therefore ranks lower."
0527,B0189,1,"Directly corresponds to 'other varicella complications', matching the ICD-9 description."
0527,B010,2,Specific complication (meningitis) related to chickenpox but not a general 'other' complication.
0527,B0181,3,Specific complication (keratitis) related to chickenpox but does not match the 'other specified complications' aspect.
0578,B09,1,"This code captures unspecified viral infections with skin lesions, which aligns closely with 'other specified viral exanthemata'."
0578,L444,2,"While related to a viral infection with skin manifestations, it refers specifically to Gianotti-Crosti syndrome, making it less general than the original description."
0654,A91,1,"Dengue hemorrhagic fever is a specific type of mosquito-borne hemorrhagic fever, making it a direct match."
0654,A920,2,"Chikungunya virus disease is also mosquito-borne but does not typically present as a hemorrhagic fever, making it a less specific match."
0663,A928,1,Other specified mosquito-borne viral fevers; directly aligns with 'other' category.
0663,A920,2,Chikungunya virus disease; a specific type of mosquito-borne fever.
0663,A921,3,O'nyong-nyong fever; another specific mosquito-borne fever.
0663,A924,4,Rift Valley fever; also a recognized mosquito-borne fever.
0663,A925,5,Zika virus disease; a specific type of mosquito-borne illness.
0663,A930,6,Oropouche virus disease; related to mosquito-borne illnesses but less commonly recognized.
0663,B331,7,Ross River disease; a mosquito-borne disease but not as directly related to the category of 'fever.'
07020,B162,1,"Directly matches the description of acute hepatitis B with hepatic coma, aligning with the ICD-9 code."
07020,B1911,2,"Matches the unspecified nature of the hepatitis B with hepatic coma, but lacks the specificity of 'acute'."
07030,B169,1,"Directly corresponds to acute hepatitis B without delta-agent and without hepatic coma, matching the specificity of the ICD-9 description."
07030,B1910,2,"Describes unspecified viral hepatitis B without hepatic coma, which is less specific than the first option but still relates to viral hepatitis B."
07059,B178,1,"Other specified acute viral hepatitis is closely related to 'Other specified viral hepatitis' as both pertain to unspecified viral hepatitis types, though the ICD-9 indicates absence of coma."
07059,B188,2,"Other chronic viral hepatitis is a relevant match because it refers to another type of unspecified viral hepatitis, differing mainly in the chronicity aspect."
07059,B189,3,"Chronic viral hepatitis, unspecified is the least specific match as it does not specify the type of viral hepatitis and does not align with the acute aspect suggested by the ICD-9 description."
07798,A740,1,"directly corresponds to chlamydial conjunctivitis, which is a specific disease of the conjunctiva due to chlamydiae."
07798,A7489,2,"refers to other chlamydial diseases but does not specify conjunctival involvement, making it less relevant."
07889,B338,1,"This code directly corresponds to 'Other specified viral diseases', which aligns well with the ICD-9 description."
07889,A983,2,"Marburg virus disease is a specific viral disease, which is a subset of the broader category in the ICD-9 code, but not as general as 'Other specified viral diseases'."
07889,A984,3,"Ebola virus disease is also a specific viral disease, similar to Marburg virus disease, but is less related to the generality of the ICD-9 code compared to B338."
07989,B338,1,"Directly matches 'Other specified viral diseases', aligning well with 'Other specified viral infection'."
07989,B348,2,"Covers 'Other viral infections of unspecified site', which is a broad category that can include unspecified viral infections."
07989,B341,3,"Refers to 'Enterovirus infection, unspecified', which is a specific type of viral infection that may fall under 'other specified viral infection'."
07989,B342,4,"Refers to 'Coronavirus infection, unspecified', which is another specific type of viral infection."
07989,B344,5,"Refers to 'Papovavirus infection, unspecified', which is a specific viral infection but less commonly related to 'other specified viral infection'."
07989,B9719,6,"Describes 'Other enterovirus as the cause of diseases classified elsewhere', but is too specific to match well with the general category of 'other specified viral infection'."
07989,B9729,7,"Describes 'Other coronavirus as the cause of diseases classified elsewhere', which is specific to coronaviruses and less relevant as a general match."
07989,B9789,8,"Describes 'Other viral agents as the cause of diseases classified elsewhere', which is very specific and does not match the broad category of 'other specified viral infection'."
0840,B508,1,"More specific, refers to severe and complicated Plasmodium falciparum malaria, closely related to 'malignant tertian' malaria."
0840,B509,2,"Less specific, refers to Plasmodium falciparum malaria without specifying severity or complications."
0844,B538,1,"Directly corresponds to 'Other malaria, not elsewhere classified' which aligns with the ICD-9 description."
0844,B531,2,"Specifically refers to 'Malaria due to simian plasmodia', which is a subtype of malaria and does not encompass the broader category of 'Other malaria'."
0849,B508,1,Other severe and complicated Plasmodium falciparum malaria closely aligns with 'other pernicious complications'.
0849,B518,2,Plasmodium vivax malaria with other complications captures the idea of 'other complications' in the context of malaria.
0849,B528,3,"Plasmodium malariae malaria with other complications reflects the 'other complications' aspect, though specific to a different species."
0849,B500,4,"Plasmodium falciparum malaria with cerebral complications is specific to cerebral issues, which is a specific type of complication."
0849,B510,5,"Plasmodium vivax malaria with rupture of spleen is specific to a particular complication, which may not fit under 'other complications'."
0849,B520,6,Plasmodium malariae malaria with nephropathy is a specific complication that does not align well with 'other pernicious complications'.
0860,B572,1,"Chagas' disease (chronic) with heart involvement is a direct match for the diagnosis of Chagas' disease with heart involvement, reflecting the chronic nature."
0860,B570,2,"Acute Chagas' disease with heart involvement is related but specifies an acute condition, which does not match the unspecified nature of the ICD-9 code."
0913,A5139,1,"This code specifically refers to other secondary syphilis of the skin, which is directly related to the ICD-9 description."
0913,A5131,2,"This code refers to condyloma latum, which is a manifestation of secondary syphilis but is more specific and does not encompass all forms of secondary syphilis affecting the skin or mucous membranes."
1105,B354,1,"B354 is a direct match for 'Dermatophytosis of the body' as it specifically refers to 'Tinea corporis', which is a synonym."
1105,B355,2,"B355 refers to 'Tinea imbricata', which is a specific type of dermatophytosis but not synonymous with the general term for dermatophytosis of the body, making it less relevant."
1120,B370,1,"Candidal stomatitis is a direct synonym for candidiasis of the mouth, maintaining the same body site and condition."
1120,B3783,2,"Candidal cheilitis refers specifically to candidiasis of the lips, which is related but not the same as candidiasis of the mouth; thus, it is less specific."
1122,B3749,1,"This code directly corresponds to 'Other urogenital candidiasis', which is a broader term encompassing candidiasis of various urogenital sites, aligning closely with the ICD-9 description."
1122,B3742,2,"Candidal balanitis is a specific type of urogenital candidiasis affecting the glans penis. While related, it is more specific and does not encompass all other urogenital sites as indicated in the ICD-9 description."
1161,B410,1,"Specific to pulmonary paracoccidioidomycosis, a common manifestation of the disease."
1161,B419,2,"General code for paracoccidioidomycosis, less specific than B410."
1171,B429,1,"Sporotrichosis, unspecified - matches the general diagnosis without specifying location."
1171,B421,2,Lymphocutaneous sporotrichosis - a specific form of sporotrichosis that is commonly recognized.
1171,B420,3,Pulmonary sporotrichosis - a specific form but less common than lymphocutaneous.
1171,B427,4,Disseminated sporotrichosis - represents a more severe and less common form of the disease.
1175,B457,1,"Disseminated cryptococcosis is a specific type of cryptococcosis that indicates a more severe form of the disease, closely related to the general term 'cryptococcosis'."
1175,B450,2,"Pulmonary cryptococcosis is a specific manifestation of cryptococcosis that affects the lungs, still closely related to the general term but less general than 'cryptococcosis, unspecified'."
1175,B459,3,"Cryptococcosis, unspecified is the most general code and does not specify the type or location of cryptococcosis, making it the least specific match."
1179,B488,1,"This code specifically refers to 'Other specified mycoses', which aligns closely with the ICD-9 description of 'Other and unspecified mycoses', indicating a specific type of mycosis."
1179,B49,2,"This code refers to 'Unspecified mycosis', which is a broader match to 'Other and unspecified mycoses', but lacks the specificity of the first candidate."
1229,B6790,1,Directly matches the unspecified category of echinococcosis.
1229,B6799,2,"Represents other forms of echinococcosis, aligning with 'other and unspecified' but is less specific than the first."
1269,B769,1,"This code directly corresponds to hookworm disease in an unspecified form, matching the ICD-9 description of ancylostomiasis and necatoriasis, which are types of hookworm infections."
1269,B768,2,"While this code refers to other hookworm diseases, it is less specific than the unspecified code and does not directly match the description of ancylostomiasis and necatoriasis."
1342,B834,1,"Internal hirudiniasis is a direct match to hirudiniasis, indicating a specific site of infestation."
1342,B883,2,"External hirudiniasis also matches hirudiniasis but specifies an external site, making it less specific than internal."
1368,B998,1,"Broader category encompassing various infectious diseases, aligning with 'Other specified infectious and parasitic diseases'."
1368,B608,2,"Specific to protozoal diseases, which is a subset of infectious diseases but not a direct match to the broader category."
1369,B999,1,"This code captures the broader category of unspecified infectious diseases, aligning closely with the ICD-9 description."
1369,B89,2,This code is specific to parasitic diseases and does not encompass the broader category of infectious diseases as described in the ICD-9 code.
138,B91,1,Directly corresponds to the late effects (sequelae) of poliomyelitis.
138,G14,2,"Related to poliomyelitis but specifically refers to postpolio syndrome, which may not encompass all late effects."
1398,B948,1,"Directly corresponds to sequelae of other specified infectious and parasitic diseases, aligning with the laterality and specificity of 'other' in the ICD-9 description."
1398,B949,2,"Corresponds to sequelae of unspecified infectious and parasitic disease, which is a broader and less specific match to the ICD-9 description."
1468,C108,1,"This code refers to malignant neoplasms in overlapping sites of the oropharynx, which is closely related to the specified site in the ICD-9 description."
1468,C104,2,"While this code refers to a malignant neoplasm, it specifically mentions the branchial cleft, which is not directly related to the oropharynx."
1550,C228,1,"This code directly corresponds to the primary malignant neoplasm of liver and is unspecified as to type, matching the general description."
1550,C220,2,"Liver cell carcinoma is a specific type of primary malignant neoplasm of the liver, making it a close match."
1550,C227,3,"This code refers to other specified carcinomas of the liver, which can include primary malignancies, but is less specific than C228 or C220."
1550,C222,4,"Hepatoblastoma is a specific type of liver cancer primarily seen in children, which does not match the adult primary malignant neoplasm context."
1578,C257,1,"synonymous with 'malignant neoplasm of other parts of pancreas', directly matches the description of 'other specified sites'."
1578,C258,2,"refers to overlapping sites which is less specific than 'other specified sites', making it a less accurate match."
1588,C481,1,Exact match in meaning; both codes refer to malignant neoplasm of specified parts of peritoneum.
1588,C488,2,"Related but less specific; refers to overlapping sites of retroperitoneum and peritoneum, which is broader than the specified parts."
1715,C494,1,"Direct match in description, specifies malignant neoplasm of connective and soft tissue of abdomen."
1715,C49A0,2,"Related to soft tissue neoplasm but specifies gastrointestinal stromal tumor, which is a subtype."
1715,C49A1,3,"Specific gastrointestinal stromal tumor but located in the esophagus, which is not in the abdomen."
1715,C49A2,4,"Specific gastrointestinal stromal tumor but located in the stomach, which is part of the abdomen."
1715,C49A3,5,"Specific gastrointestinal stromal tumor but located in the small intestine, which is part of the abdomen."
1715,C49A4,6,"Specific gastrointestinal stromal tumor but located in the large intestine, which is part of the abdomen."
1715,C49A5,7,"Specific gastrointestinal stromal tumor but located in the rectum, which is not strictly considered part of the abdominal cavity."
1715,C49A9,8,Related to soft tissue neoplasm but unspecified site makes it less relevant to the abdominal context.
1718,C498,1,"directly matches the description of malignant neoplasm of connective and soft tissue, with emphasis on overlapping sites, which aligns with the ICD-9 description."
1718,C478,2,"while it is a malignant neoplasm, it specifically pertains to peripheral nerves and autonomic nervous system, which is not relevant to the connective and other soft tissue specified in the ICD-9 description."
1720,C430,1,Exact match in terms of malignancy and body site (lip).
1720,D030,2,"Related condition (melanoma in situ) but not malignant, hence less specific."
1722,C4320,1,"Matches the diagnosis of malignant melanoma of the ear and external auditory canal, with unspecified laterality."
1722,D0320,2,"Represents melanoma in situ of the ear and external auditory canal, but is not malignant."
1722,D0321,3,"Represents melanoma in situ of the right ear and external auditory canal, but is not malignant."
1722,D0322,4,"Represents melanoma in situ of the left ear and external auditory canal, but is not malignant."
1723,C4330,1,Directly matches 'malignant melanoma of unspecified part of face'.
1723,C4331,2,"Specific to the nose, which is a part of the face; however, it's more specific than 'unspecified'."
1723,C4339,3,"Covers malignant melanoma of other parts of face, aligning with 'other parts of face'."
1723,D0330,4,"Refers to melanoma in situ, which is a different stage than malignant melanoma but still relates to the face."
1723,D0339,5,"Similar to D0330 but pertains to other parts of the face; however, it is still in situ and not malignant."
1724,C434,1,Exact match in malignancy type and location.
1724,D034,2,"Different stage of melanoma (in situ vs malignant), but same location."
1725,C4359,1,"Malignant melanoma of other part of trunk is the closest match, as it specifies the trunk and maintains the malignant nature."
1725,D0359,2,"Melanoma in situ of other part of trunk, while not malignant, still refers to the trunk and is the same anatomical region."
1725,D0351,3,"Melanoma in situ of anal skin is related to melanoma but does not involve the trunk, thus less relevant."
1725,D0352,4,"Melanoma in situ of breast (skin) (soft tissue) is also not located on the trunk, making it a poor match."
1726,C4360,1,Directly corresponds to malignant melanoma of unspecified upper limb.
1726,D0361,2,Melanoma in situ of right upper limb is a specific location variant but denotes a different stage (in situ) than malignant.
1726,D0362,3,Melanoma in situ of left upper limb is a specific location variant but denotes a different stage (in situ) than malignant.
1726,D0360,4,Melanoma in situ of unspecified upper limb is less specific than C4360 and denotes a different stage (in situ) than malignant.
1727,C4370,1,"Malignant melanoma of unspecified lower limb, including hip - directly matches the malignant nature and body site."
1727,D0371,2,"Melanoma in situ of right lower limb, including hip - related to lower limb but specifies right side, which is less specific than the original malignant melanoma."
1727,D0372,3,"Melanoma in situ of left lower limb, including hip - related to lower limb but specifies left side, which is less specific than the original malignant melanoma."
1727,D0370,4,"Melanoma in situ of unspecified lower limb, including hip - related but refers to 'in situ' rather than malignant, making it a less accurate match."
1728,C438,1,"Both codes refer to malignant melanoma, but C438 specifies overlapping sites, which aligns with the broader category of 'other specified sites'."
1728,D038,2,"D038 refers to melanoma in situ, which is a different classification and does not match the malignant nature of the original code."
1729,C439,1,"This code directly corresponds to malignant melanoma of skin, matching the unspecified site aspect of the ICD-9 code."
1729,D039,2,"This code refers to melanoma in situ, which is a different classification than malignant melanoma; therefore, it is a less direct match."
17330,C44300,1,Directly corresponds to unspecified malignant neoplasm of skin of unspecified part of face.
17330,C44309,2,"Refers to unspecified malignant neoplasm of skin of other parts of face, closely aligned with the original description."
17330,C44301,3,"Specific to the nose, which is a part of the face, but not as broadly applicable as the others."
17331,C44319,1,"This code specifically refers to basal cell carcinoma of skin of other parts of face, which aligns well with the ICD-9 description."
17331,C44310,2,"This code refers to basal cell carcinoma of skin of unspecified parts of face, which is somewhat less specific than the first choice but still relevant."
17331,C44311,3,"This code specifically refers to basal cell carcinoma of skin of the nose, which is not applicable to the broader description of 'other and unspecified parts of face'."
17332,C44329,1,Exact match for 'other parts of face' specified in the ICD-9 description.
17332,C44320,2,"Matches 'unspecified parts of face'; however, it lacks the specificity of 'other parts'."
17332,C44321,3,"Specific to the nose, which is not mentioned in the ICD-9 description; thus, it is less relevant."
17339,C44399,1,"Directly corresponds to 'other parts of face', matching the description of unspecified parts."
17339,C44390,2,"Refers to unspecified parts of face, which is a broader match but still relevant."
17339,C44391,3,"Specifically refers to the nose, which is a more specific site and does not match 'other and unspecified parts'."
17350,C44509,1,"This code specifies a malignant neoplasm of skin of other part of trunk, which closely matches the ICD-9 description."
17350,C44500,2,"This code pertains to malignant neoplasm of anal skin, which is not directly related to the trunk but is a malignant skin neoplasm."
17350,C44501,3,"This code specifies a malignant neoplasm of skin of breast, which is not part of the trunk as described in the ICD-9."
17351,C44519,1,"specific to basal cell carcinoma of skin of other part of trunk, aligning with the trunk location."
17351,C44510,2,"refers to basal cell carcinoma but is specific to anal skin, which is not aligned with trunk."
17351,C44511,3,"refers to basal cell carcinoma of skin of breast, which is not aligned with trunk."
17352,C44529,1,"specificity to trunk, other part of trunk matches the description of trunk skin cancer"
17352,C44520,2,"related to squamous cell carcinoma but refers to anal skin, not trunk"
17352,C44521,3,"related to squamous cell carcinoma but refers to skin of breast, not trunk"
17359,C44599,1,"Matches the body site (trunk) and is specified as 'other part of trunk', aligning closely with the ICD-9 description."
17359,C44590,2,"Refers to malignant neoplasm of skin, but specifically of anal skin, which is not part of the trunk. However, it is still a skin-related malignancy."
17359,C44591,3,"Refers to malignant neoplasm of skin of the breast, which is not part of the trunk; thus, it is less relevant."
1820,C549,1,"direct match to the description of 'Malignant neoplasm of corpus uteri, unspecified', maintaining the same site."
1820,C541,2,"related site as it refers to the malignant neoplasm of endometrium, which is part of the corpus uteri."
1820,C543,3,"refers to the fundus uteri, which is anatomically related but more specific than the corpus."
1820,C542,4,"refers to the myometrium, which is a different layer of the uterus and less specific to the corpus."
1848,C577,1,synonymy; directly corresponds to the description of malignant neoplasm of other specified female genital organs
1848,C578,2,"related but less specific; refers to overlapping sites, which may not be the exact match for 'other specified sites'"
1869,C6210,1,"Specific to malignant neoplasm of the descended testis, which is a more precise classification than unspecified."
1869,C6290,2,"Broader category for unspecified testis without distinguishing whether descended or undescended, making it less specific than C6210."
1878,C637,1,"Directly corresponds to 'other specified male genital organs', maintaining specificity."
1878,C608,2,Related to malignancy of the penis but is more specific to overlapping sites.
1878,C638,3,Describes overlapping sites of male genital organs but is less specific than C637.
1921,C700,1,exact match in description and specificity
1921,C709,2,"related condition but less specific, as it is unspecified"
1922,C720,1,exact match in description for malignant neoplasm of spinal cord
1922,C721,2,"related condition (malignant neoplasm) but refers specifically to the cauda equina, which is not the spinal cord itself"
1943,C751,1,exact match for malignant neoplasm of the pituitary gland
1943,C752,2,"specific match for malignant neoplasm of the craniopharyngeal duct, related but less general than the pituitary gland"
1978,C7889,1,"This code directly corresponds to 'Secondary malignant neoplasm of other digestive organs,' matching the description of the ICD-9 code."
1978,C787,2,"This code refers specifically to the liver and intrahepatic bile duct, which is a more specific site than 'other digestive organs' and thus not a suitable match."
1981,C7919,1,direct match with the description of secondary malignant neoplasm of other urinary organs
1981,C7911,2,"related but more specific to the bladder, which is a subset of urinary organs"
1984,C7949,1,Direct match to the description of secondary malignant neoplasm of other parts of nervous system.
1984,C7932,2,"Specific to secondary malignant neoplasm of cerebral meninges, which is a subset of nervous system but not the same as 'other parts'."
1985,C7951,1,"Directly corresponds to secondary malignant neoplasm of bone, matching the body site."
1985,C7952,2,"Directly corresponds to secondary malignant neoplasm of bone marrow, matching the body site."
20000,C8339,1,"Direct match to 'extranodal and solid organ sites', which aligns with the unspecified site in ICD-9 description."
20000,C8330,2,Related to 'Diffuse large B-cell lymphoma' but lacks the specificity for extranodal and solid organ sites.
20010,C8359,1,"direct match with 'extranodal and solid organ sites', maintaining specificity."
20010,C8350,2,"broader category of lymphoma, but lacks specification for extranodal and solid organ sites."
20020,C8379,1,"Directly corresponds to Burkitt lymphoma at extranodal and solid organ sites, matching the specificity of the ICD-9 description."
20020,C8370,2,"Refers to Burkitt lymphoma but is unspecified for the site; therefore, it is less specific than C8379."
20030,C8389,1,"Directly matches 'extranodal and solid organ sites', which is specified in the ICD-9 description."
20030,C8380,2,"Describes 'other non-follicular lymphoma' but does not specify 'extranodal and solid organ sites', making it less specific."
20040,C8319,1,Directly matches the description of mantle cell lymphoma at extranodal and solid organ sites.
20040,C8310,2,Matches the general description of mantle cell lymphoma but lacks specificity regarding extranodal and solid organ sites.
20050,C8339,1,Directly matches the description of lymphoma at extranodal and solid organ sites.
20050,C8389,2,"Refers to non-follicular lymphoma at extranodal and solid organ sites, closely related but less specific."
20050,C8380,3,Describes other non-follicular lymphoma but lacks the specificity of site detail.
20051,C8331,1,"Diffuse large B-cell lymphoma is a type of lymphoma, and it specifically involves lymph nodes of the head, face, and neck, making it a closely related diagnosis."
20051,C8381,2,"Other non-follicular lymphoma also involves lymph nodes of the head, face, and neck, but is less specific compared to the first code as it does not indicate the particular type of lymphoma."
20052,C8332,1,"Diffuse large B-cell lymphoma is a specific type of lymphoma, closely related to the primary central nervous system lymphoma, and both involve intrathoracic lymph nodes."
20052,C8382,2,Other non-follicular lymphoma also involves intrathoracic lymph nodes but is less specific than diffuse large B-cell lymphoma.
20054,C8334,1,"specificity and synonymy; both describe lymphoma located in the lymph nodes of the axilla and upper limb, with a specific subtype."
20054,C8384,2,related but less specific; describes a different type of lymphoma in the same anatomical location but does not match the primary type stated.
20058,C8388,1,Other non-follicular lymphoma is closely related to primary central nervous system lymphoma in terms of being a type of lymphoma affecting multiple lymph nodes.
20058,C8338,2,Diffuse large B-cell lymphoma is a specific subtype of lymphoma that may be considered but is less directly related to the primary central nervous system aspect mentioned in the ICD-9 description.
20060,C8469,1,Directly matches the description with 'extranodal and solid organ sites' and is more specific than the unspecified site.
20060,C8479,2,"Matches 'extranodal and solid organ sites' but refers to ALK-negative variant, still relevant."
20060,C8460,3,"Refers to ALK-positive variant but is unspecified, making it less specific than C8469."
20060,C8470,4,"ALK-negative and unspecified site, which is the least relevant match to the original description."
20061,C8461,1,specificity in subtype (ALK-positive) matches the diagnosis of anaplastic large cell lymphoma in the same body site.
20061,C8471,2,specificity in subtype (ALK-negative) matches the diagnosis of anaplastic large cell lymphoma in the same body site.
20064,C8464,1,Specific subtype (ALK-positive) of anaplastic large cell lymphoma affecting the same anatomical site.
20064,C8474,2,Specific subtype (ALK-negative) of anaplastic large cell lymphoma affecting the same anatomical site.
20080,C8389,1,"More specific as it refers to extranodal and solid organ sites, aligning closely with the description of 'other named variants of lymphosarcoma and reticulosarcoma, unspecified site, extranodal and solid organ sites'."
20080,C8380,2,"Less specific as it refers to lymphoma at an unspecified site, which does not capture the extranodal and solid organ detail from the ICD-9 description."
20140,C8109,1,"Direct match for extranodal and solid organ sites, closely aligns with Hodgkin's disease description."
20140,C8100,2,"Refers to nodular lymphocyte predominant Hodgkin lymphoma, unspecified site, which is similar but lacks the extranodal specification."
20140,C8149,3,"Lymphocyte-rich Hodgkin lymphoma, extranodal and solid organ sites, though different subtype, matches the site specification."
20140,C8140,4,"Lymphocyte-rich Hodgkin lymphoma, unspecified site, does not match the extranodal specification."
20141,C8141,1,Lymphocyte-rich Hodgkin lymphoma is closely related to lymphocytic-histiocytic predominance and affects the same body site.
20141,C8101,2,Nodular lymphocyte predominant Hodgkin lymphoma is a different subtype but also affects the lymph nodes of the same anatomical regions.
20143,C8103,1,"This code specifies 'Nodular lymphocyte predominant Hodgkin lymphoma' which is closely related to 'Hodgkin's disease, lymphocytic-histiocytic predominance' and also specifies 'intra-abdominal lymph nodes'."
20143,C8143,2,This code refers to 'Lymphocyte-rich Hodgkin lymphoma' which is a variant of Hodgkin's lymphoma but is less specific to the description provided in the ICD-9 code.
20148,C8148,1,"Lymphocyte-rich Hodgkin lymphoma is semantically close to lymphocytic-histiocytic predominance, specifically referring to the same cell type and body site."
20148,C8108,2,"Nodular lymphocyte predominant Hodgkin lymphoma is related but refers to a different subtype of Hodgkin lymphoma, making it a less precise match."
20150,C8119,1,This code directly matches the description of Hodgkin's disease with extranodal and solid organ sites.
20150,C8110,2,"This code refers to nodular sclerosis Hodgkin lymphoma but specifies an unspecified site, making it less specific than C8119."
20160,C8129,1,"Direct match to the description specifying 'extranodal and solid organ sites', aligns with the ICD-9 description."
20160,C8120,2,Matches 'mixed cellularity Hodgkin lymphoma' but lacks the specificity of 'extranodal and solid organ sites'.
20170,C8139,1,"This code specifies lymphocyte depleted Hodgkin lymphoma at extranodal and solid organ sites, matching the specificity of the ICD-9 description."
20170,C8130,2,"This code refers to lymphocyte depleted Hodgkin lymphoma but does not specify the site, making it less specific compared to C8139."
20190,C8199,1,"Directly matches 'Hodgkin lymphoma, unspecified, extranodal and solid organ sites' which includes the specific context of extranodal and solid organ involvement."
20190,C8190,2,"Matches 'Hodgkin lymphoma, unspecified, unspecified site' but lacks the specific detail of extranodal and solid organ sites."
20200,C8299,1,Directly matches the description of extranodal and solid organ sites.
20200,C8290,2,Related to follicular lymphoma but does not specify extranodal and solid organ sites.
20210,C8409,1,"This code specifically refers to mycosis fungoides at extranodal and solid organ sites, directly matching the ICD-9 description."
20210,C8400,2,"While this code refers to mycosis fungoides, it is unspecified in terms of site, making it less specific compared to C8409."
20220,C8410,1,Directly matches the description of Sezary disease with unspecified site.
20220,C8419,2,"Matches Sezary disease but specifies extranodal and solid organ sites, which is a more specific aspect."
20240,C9140,1,"Hairy cell leukemia is a type of leukemia, which relates to leukemic reticuloendotheliosis, though it specifies a particular type and condition status."
20240,C9141,2,"Hairy cell leukemia is related to leukemia as well, but the description specifies 'in remission', which does not match the unspecified status in the ICD-9 description."
20260,C9620,1,"synonymous with malignant mast cell tumors, unspecified"
20260,C9629,2,"related to malignant mast cell neoplasms, but less specific than C9620"
20260,C9621,3,"specifically refers to aggressive systemic mastocytosis, which is a specific subtype"
20260,C9622,4,"refers to mast cell sarcoma, which is a specific type of malignant mast cell tumor, but not synonymous with unspecified"
20270,C8449,1,Directly matches the description of peripheral T-cell lymphoma with emphasis on extranodal and solid organ sites.
20270,C8440,2,Relates to peripheral T-cell lymphoma but lacks the specificity of extranodal and solid organ sites.
20280,C8589,1,"Direct match in specificity, indicating extranodal and solid organ sites."
20280,C8580,2,Related diagnosis of non-Hodgkin lymphoma but lacks specificity regarding extranodal and solid organ sites.
20283,C8583,1,"This code refers to other specified types of non-Hodgkin lymphoma affecting intra-abdominal lymph nodes, closely matching the description of 'other malignant lymphomas' in the ICD-9 code."
20283,C8493,2,"This code specifies mature T/NK-cell lymphomas, which are a subtype of non-Hodgkin lymphoma but is classified as unspecified. It still relates to lymphomas affecting intra-abdominal lymph nodes but is less specific than C8583."
20290,C969,1,"This code directly relates to malignant neoplasms of lymphoid tissue, which aligns closely with the ICD-9 description of unspecified malignant neoplasms of lymphoid and histiocytic tissue."
20290,C96Z,2,"This code refers to other specified malignant neoplasms of lymphoid tissue, which is relevant but less specific than C969."
20290,C964,3,"This code refers to sarcoma of dendritic cells, which is a more specific type of cancer and does not align well with the broader category of unspecified malignant neoplasms of lymphoid tissue."
20291,C96Z,1,"This code covers other specified malignant neoplasms of lymphoid tissue, which closely aligns with the unspecified nature of the ICD-9 description."
20291,C969,2,This code indicates a malignant neoplasm of lymphoid tissue but is more general and lacks specificity regarding the site compared to C96Z.
20292,C969,1,Directly matches the description of unspecified malignant neoplasm of lymphoid tissue.
20292,C96Z,2,"Refers to other specified malignant neoplasms, but is less specific than C969."
20293,C969,1,"This code specifies a malignant neoplasm of lymphoid tissue, which aligns closely with the ICD-9 description of malignant neoplasms of lymphoid tissue."
20293,C96Z,2,"While this code pertains to malignant neoplasms of lymphoid tissue, it is more general and less specific than C969, making it a less suitable match."
20295,C96Z,1,"This code specifically addresses other specified malignant neoplasms of lymphoid tissue, which aligns closely with the unspecified nature of the ICD-9 description."
20295,C969,2,"While this code is for malignant neoplasms of lymphoid tissue, it is more generic and does not specify the lymph nodes of the inguinal region and lower limb, making it less precise."
20296,C96Z,1,"This code is specific to 'other specified malignant neoplasms of lymphoid, hematopoietic and related tissue', which aligns closely with the 'other and unspecified' nature of the ICD-9 description."
20296,C969,2,"This code refers to 'malignant neoplasm of lymphoid, hematopoietic and related tissue, unspecified', which is broader and less specific than C96Z, making it a less suitable match."
20298,C96Z,1,"This code specifically covers other specified malignant neoplasms of lymphoid tissue, which aligns well with the description of unspecified malignant neoplasms in lymph nodes of multiple sites."
20298,C969,2,"This code is for unspecified malignant neoplasms of lymphoid and hematopoietic tissue, which is broader and less specific than C96Z."
20380,C888,1,"Directly corresponds to 'Other malignant immunoproliferative diseases', matching the category of the ICD-9 code."
20380,C9020,2,"Describes 'Extramedullary plasmacytoma not having achieved remission', which is a specific type of immunoproliferative neoplasm."
20380,C9030,3,"Describes 'Solitary plasmacytoma not having achieved remission', which is also a specific type of immunoproliferative neoplasm."
20382,C9022,1,Extramedullary plasmacytoma in relapse is closely related to immunoproliferative neoplasms and specifies the condition's relapse status.
20382,C9032,2,"Solitary plasmacytoma in relapse is also related to immunoproliferative neoplasms and specifies the condition's relapse status, but it is more specific to solitary cases."
20382,C888,3,Other malignant immunoproliferative diseases is a broader category that encompasses various conditions but lacks the specific relapse detail.
20500,C9200,1,"Directly corresponds to acute myeloid leukemia with a focus on myeloblastic type, maintaining the context of not achieving remission."
20500,C9250,2,"Acute myelomonocytic leukemia is a specific type of acute myeloid leukemia, also indicating not having achieved remission."
20500,C9240,3,Acute promyelocytic leukemia is a subtype of acute myeloid leukemia but is more specific and differs from the general classification without remission context.
20501,C9201,1,synonymous condition (acute myeloblastic leukemia) and same remission status
20501,C9241,2,related condition (acute promyelocytic leukemia) and same remission status
20501,C9251,3,related condition (acute myelomonocytic leukemia) and same remission status
20502,C9202,1,"Exact match in meaning for acute myeloid leukemia, specifying the type as myeloblastic."
20502,C9252,2,Related type of acute leukemia (myelomonocytic) that is still within the acute myeloid spectrum.
20502,C9242,3,"Different subtype (promyelocytic) of acute leukemia, less specific to the original diagnosis."
20780,C9480,1,"This code directly corresponds to 'Other specified leukemias not having achieved remission,' aligning closely with the ICD-9 description."
20780,C9430,2,"While this code refers to a specific type of leukemia (mast cell leukemia), it is a narrower category and may not fully encompass the 'other specified leukemia' mentioned in the ICD-9 description."
20781,C9481,1,"This code directly corresponds to 'Other specified leukemias, in remission', matching the specificity of the ICD-9 description."
20781,C9431,2,"This code refers to 'Mast cell leukemia, in remission', which is a specific type of leukemia but does not match the 'other specified' category in the ICD-9 description."
20782,C9482,1,"This code directly corresponds to 'Other specified leukemias, in relapse,' which matches the ICD-9 description closely."
20782,C9432,2,"This code refers specifically to 'Mast cell leukemia, in relapse,' which is a specific type of leukemia and does not match the more general description of 'Other specified leukemia.'"
20931,C4A30,1,Specific to the face and matches the general site of Merkel cell carcinoma.
20931,C4A39,2,"Related to Merkel cell carcinoma of other parts of face, which is closely linked to the diagnosis."
20931,C4A10,3,"Specific to eyelid, a part of the face, but more specific than the general term."
20931,C4A0,4,"Specific to the lip, a part of the face, but more specific than the general term."
20931,C4A20,5,"Specific to ear and external auricular canal, not directly related to the face as per the original diagnosis."
20936,C4A8,1,"This code specifies Merkel cell carcinoma of overlapping sites, which is closely related to the diagnosis of Merkel cell carcinoma of other sites."
20936,C4A9,2,"This code is more general, representing Merkel cell carcinoma unspecified, which lacks the specificity of the other site detail."
20979,C7B8,1,Directly matches the description of secondary neuroendocrine tumors with broader specificity.
20979,C7B09,2,"Specifically refers to secondary carcinoid tumors, which are a type of neuroendocrine tumor but not synonymous with all secondary neuroendocrine tumors."
2104,D1030,1,synonymous description with 'unspecified part of mouth' matching the unspecified nature of the ICD-9 code
2104,D1039,2,"closely related description with 'other parts of mouth', but less specific than the first"
2111,D131,1,exact_match
2111,K317,2,no_good_match
2112,D132,1,"Direct match to benign neoplasm of duodenum, a specific part of the small intestine."
2112,D1330,2,"Refers to benign neoplasm of unspecified part of small intestine, which includes duodenum, jejunum, and ileum, but lacks specificity."
2112,D1339,3,"Covers benign neoplasm of other parts of small intestine, but does not match the specified sites in the ICD-9 description."
2113,D126,1,"Benign neoplasm of colon, unspecified is directly related to the general diagnosis of a benign neoplasm in the colon."
2113,D120,2,"Benign neoplasm of cecum is a specific location within the colon, making it relevant but less general than the unspecified code."
2113,D121,3,"Benign neoplasm of appendix is related to a benign neoplasm but is not part of the colon, thus lower in rank."
2113,K635,4,"Polyp of colon is a related condition but not a benign neoplasm, so it is the least semantically aligned with the original diagnosis."
2114,D128,1,Exact match for benign neoplasm of rectum.
2114,D129,2,"Semantically related as it pertains to benign neoplasm of anus and anal canal, which is closely associated with the rectum."
2114,D127,3,"Related but refers specifically to the rectosigmoid junction, which is not the same as the rectum or anal canal."
2115,D134,1,"Directly corresponds to benign neoplasm of liver, matching both site and nature."
2115,D135,2,"Refers to benign neoplasm of extrahepatic bile ducts, which is part of biliary passages but is more specific and less general than the original description."
2118,D200,1,"Direct match to benign neoplasm of soft tissue of retroperitoneum, specific to the retroperitoneum site."
2118,D201,2,"Direct match to benign neoplasm of soft tissue of peritoneum, specific to the peritoneum site."
2141,D171,1,Directly matches the description with specific localization to trunk.
2141,D1739,2,"Matches the description with the term 'other sites', which aligns with 'other skin and subcutaneous tissue'."
2141,D1730,3,Vague 'unspecified sites' does not provide a good match compared to specific site codes.
2143,D175,1,exact match in terms of benign lipomatous neoplasm of intra-abdominal organs
2143,D1771,2,"related but more specific to the kidney, not general intra-abdominal organs"
2163,D2330,1,Directly matches the description of a benign neoplasm of skin of unspecified part of face.
2163,D2339,2,"Refers to other benign neoplasm of skin of other parts of face, which is less specific than the first option but still relevant."
2168,D239,1,"This code specifically addresses other benign neoplasms of skin, closely aligning with the ICD-9 description."
2168,D229,2,"While this code refers to a type of benign skin neoplasm, it specifically describes melanocytic nevi, which is narrower than the general category of 'other specified sites of skin.'"
2252,D320,1,Exact match in description and specificity.
2252,D329,2,General match for benign neoplasm of meninges but lacks specificity regarding cerebral location.
2273,D352,1,Directly corresponds to benign neoplasm of pituitary gland.
2273,D353,2,Directly corresponds to benign neoplasm of craniopharyngeal duct.
2300,D0000,1,"Carcinoma in situ of oral cavity, unspecified site - matches the broad category of the ICD-9 code."
2300,D0008,2,"Carcinoma in situ of pharynx - directly relates to the pharynx, which is part of the oral cavity."
2300,D0001,3,Carcinoma in situ of labial mucosa and vermilion border - closely related to lip area which is part of the oral cavity.
2300,D0002,4,Carcinoma in situ of buccal mucosa - pertains to the oral cavity.
2300,D0003,5,Carcinoma in situ of gingiva and edentulous alveolar ridge - relates to the oral cavity.
2300,D0004,6,Carcinoma in situ of soft palate - pertains to the oral cavity.
2300,D0005,7,Carcinoma in situ of hard palate - pertains to the oral cavity.
2300,D0006,8,Carcinoma in situ of floor of mouth - pertains to the oral cavity.
2300,D0007,9,Carcinoma in situ of tongue - pertains to the oral cavity.
2304,D012,1,exact match
2304,D011,2,related site but not the same as rectum
2307,D0140,1,synonymous with carcinoma in situ of unspecified part of intestine
2307,D0149,2,"specific to carcinoma in situ of other parts of intestine, closely related"
2309,D017,1,"This code specifies carcinoma in situ of other specified digestive organs, which closely aligns with the ICD-9 description."
2309,D019,2,"This code represents carcinoma in situ of a digestive organ, unspecified, which is less specific than D017 but still relevant to the ICD-9 description."
2323,D0430,1,"specific to carcinoma in situ of skin of unspecified part of face, closely matches ICD-9 description"
2323,D0439,2,"specific to carcinoma in situ of skin of other parts of face, relevant but less precise than D0430"
2339,D0910,1,"Directly corresponds to 'unspecified urinary organ', maintaining the specificity of carcinoma in situ."
2339,D0919,2,"Refers to 'other urinary organs', which is slightly less specific than unspecified but still relevant."
2350,D37039,1,"This code captures neoplasms of uncertain behavior in major salivary glands without specifying which gland, aligning closely with the ICD-9 description."
2350,D37030,2,"This code specifies the parotid salivary glands, which is one of the major salivary glands, making it a relevant match."
2350,D37031,3,"This code specifies the sublingual salivary glands, which are considered major salivary glands, but it is more specific than the ICD-9 code."
2350,D37032,4,"This code specifies the submandibular salivary glands, also major salivary glands, but is more specific than the ICD-9 code."
2351,D3701,1,"Directly corresponds to neoplasm of uncertain behavior of lip, which is part of the specified ICD-9 description."
2351,D3705,2,"Corresponds to neoplasm of uncertain behavior of the pharynx, which is included in the ICD-9 description."
2351,D3704,3,"Corresponds to neoplasm of uncertain behavior of the minor salivary glands, which are part of the oral cavity."
2351,D3702,4,"Neoplasm of uncertain behavior of tongue is related but not explicitly mentioned in the ICD-9 description, making it less relevant."
2352,D371,1,"Specific to the stomach, directly corresponds to the description."
2352,D372,2,"Specific to the small intestine, related to the intestines mentioned in the description."
2352,D374,3,"Specific to the colon, also related to the intestines mentioned in the description."
2352,D375,4,"Specific to the rectum, directly corresponds to the description."
2354,D483,1,Directly matches the specific site (retroperitoneum) and behavior (uncertain) from the ICD-9 description.
2354,D484,2,Directly matches the specific site (peritoneum) and behavior (uncertain) from the ICD-9 description.
2355,D378,1,"Directly corresponds to neoplasm of uncertain behavior of other specified digestive organs, which aligns closely with the ICD-9 description."
2355,D379,2,"While it refers to an unspecified digestive organ, it is a more general category, making it less specific than D378."
2358,D382,1,Directly matches the description for neoplasm of uncertain behavior of pleura.
2358,D383,2,Directly matches the description for neoplasm of uncertain behavior of mediastinum.
2358,D384,3,Directly matches the description for neoplasm of uncertain behavior of thymus.
2359,D385,1,Directly matches the description with 'other respiratory organs' specified.
2359,D386,2,"Matches the broader category of unspecified respiratory organ, but less specific than D385."
2363,D399,1,"This code directly corresponds to an unspecified neoplasm of female genital organs, aligning closely with the ICD-9 description."
2363,D398,2,"This code is specific to other specified female genital organs, which is less relevant than the unspecified version since the ICD-9 code does not specify a particular organ."
2366,D409,1,"This code directly corresponds to an unspecified male genital organ, aligning closely with the ICD-9 description of neoplasm of uncertain behavior of unspecified male genital organs."
2366,D408,2,"This code refers to neoplasm of uncertain behavior of other specified male genital organs, which is less specific than the unspecified category in the ICD-9 description."
23691,D4100,1,Neoplasm of uncertain behavior of unspecified kidney matches the description of neoplasm of uncertain behavior of kidney.
23691,D4120,2,Neoplasm of uncertain behavior of unspecified ureter is related but not directly a match for the kidney and ureter.
2370,D443,1,Directly matches the neoplasm of uncertain behavior of pituitary gland.
2370,D444,2,Directly matches the neoplasm of uncertain behavior of craniopharyngeal duct.
2373,D447,1,"Neoplasm of uncertain behavior of aortic body and other paraganglia is broader and includes paraganglia, which is consistent with the description."
2373,D446,2,"Neoplasm of uncertain behavior of carotid body is more specific and refers to a particular type of paraganglia, thus less general than the ICD-9 description."
2374,D449,1,matches the description of neoplasm of uncertain behavior of unspecified endocrine gland
2374,D440,2,"specific to thyroid gland, which is an endocrine gland"
2374,D442,3,"specific to parathyroid gland, which is also an endocrine gland"
2375,D432,1,"Directly matches the description of neoplasm of uncertain behavior of brain, which is part of the original ICD-9 description."
2375,D434,2,"Matches the description of neoplasm of uncertain behavior of spinal cord, which is also part of the original ICD-9 description."
2376,D420,1,"Directly matches the neoplasm of uncertain behavior of cerebral meninges, which is a specific site under meninges."
2376,D421,2,"Matches the neoplasm of uncertain behavior of spinal meninges, a specific site but different from cerebral."
2376,D429,3,"General code for neoplasm of uncertain behavior of meninges, unspecified; less specific than the other two."
2379,D439,1,"This code represents a neoplasm of uncertain behavior of the central nervous system in an unspecified location, which aligns closely with the unspecified nature of the ICD-9 code."
2379,D438,2,"This code refers to a neoplasm of uncertain behavior in other specified parts of the central nervous system, which is a broader category that still pertains to the central nervous system."
2379,D433,3,"This code specifically refers to cranial nerves, which is a more specific location within the nervous system and does not encompass all unspecified parts as described in the ICD-9 code."
2385,D4709,1,Other mast cell neoplasms of uncertain behavior directly relates to the uncertain behavior aspect of the neoplasm.
2385,D4701,2,"Cutaneous mastocytosis is a specific type of mast cell neoplasm, but it does not capture the uncertain behavior aspect."
2385,D4702,3,"Systemic mastocytosis, while related to mast cells, is more specific and does not address the uncertain behavior of the neoplasm."
23872,D46A,1,Refractory cytopenia with multilineage dysplasia is a more specific condition that relates closely to myelodysplastic syndromes.
23872,D46B,2,"Refractory cytopenia with multilineage dysplasia and ring sideroblasts is related to myelodysplastic syndromes, but includes additional detail about ring sideroblasts."
23872,D4620,3,"Refractory anemia with excess of blasts, unspecified aligns with the myelodysplastic syndrome context but is less specific than D46A."
23872,D4621,4,"Refractory anemia with excess of blasts 1 is related to myelodysplastic syndromes, but is more specific than D4620."
23872,D460,5,Refractory anemia without ring sideroblasts is related but does not capture the myelodysplastic syndrome aspect directly.
23872,D461,6,Refractory anemia with ring sideroblasts is related to myelodysplastic syndromes but is not a direct match.
23879,D479,1,"Directly corresponds to neoplasm of uncertain behavior of lymphoid, hematopoietic and related tissue, aligning well with the general category of 'other lymphatic and hematopoietic tissues'."
23879,D47Z9,2,"Specifically mentions 'other specified neoplasms of uncertain behavior of lymphoid, hematopoietic and related tissue', making it relevant to the ICD-9 description."
23879,D471,3,Chronic myeloproliferative disease relates to hematopoietic tissue but is more specific to chronic conditions rather than 'other' tissues.
23879,D47Z2,4,Castleman disease is a specific condition related to lymphatic tissue but may not broadly cover 'other' lymphatic tissues.
23879,C9440,5,Acute panmyelosis with myelofibrosis not having achieved remission pertains to a specific acute condition in hematopoietic tissue but is too narrow.
23879,C9441,6,"Acute panmyelosis with myelofibrosis, in remission, is also a specific condition and less relevant due to its focus on remission status."
23879,C9442,7,"Acute panmyelosis with myelofibrosis, in relapse, is similarly too specific and relates to a specific clinical status that does not broadly match 'other tissues'."
2395,D4959,1,Directly matches the description of neoplasm of unspecified behavior of other genitourinary organ.
2395,D49519,2,"Refers to neoplasm of unspecified behavior of unspecified kidney, which relates to unspecified genitourinary organs."
2395,D49511,3,"Specific to right kidney, which is a part of the genitourinary system but is more specific than the original description."
2395,D49512,4,"Specific to left kidney, which is a part of the genitourinary system but is more specific than the original description."
2409,E049,1,"Nontoxic goiter, unspecified is a direct match to the unspecified nature of goiter in ICD-9."
2409,E012,2,"Iodine-deficiency related (endemic) goiter, unspecified is related to goiter but specifies a cause that is not mentioned in the ICD-9 description."
24280,E0580,1,"This code refers to 'Other thyrotoxicosis without thyrotoxic crisis or storm', which is a broader category that includes thyrotoxicosis of unspecified origin, making it semantically closer to the ICD-9 description."
24280,E0540,2,"This code refers specifically to 'Thyrotoxicosis factitia without thyrotoxic crisis or storm', which is a specific type of thyrotoxicosis and not a general or unspecified origin, making it less relevant."
24281,E0581,1,This code captures 'other thyrotoxicosis' which aligns closely with the unspecified origin in the ICD-9 description and includes mention of thyrotoxic crisis.
24281,E0541,2,"This code specifies 'thyrotoxicosis factitia,' which is a specific type of thyrotoxicosis and may not fully align with the more general 'other specified origin' in the ICD-9 description."
2448,E038,1,"This code directly corresponds to 'Other specified hypothyroidism', which is closely related to the ICD-9 description of 'Other specified acquired hypothyroidism'."
2448,E018,2,"This code refers to iodine-deficiency related thyroid disorders, which is not a direct match to acquired hypothyroidism, making it less relevant."
2468,E0789,1,"Directly matches the description of 'Other specified disorders of thyroid', providing specificity."
2468,E034,2,"While related to thyroid disorders, it specifically refers to atrophy, which may not encompass all other specified disorders."
24900,E139,1,"Other specified diabetes mellitus without complications is the closest match to secondary diabetes mellitus without complications, aligning with the lack of specification in the ICD-9 description."
24900,E089,2,"Diabetes mellitus due to underlying condition without complications is a good match since secondary diabetes is often due to an underlying condition, but it is less specific than E139."
24900,E099,3,"Drug or chemical induced diabetes mellitus without complications does not directly relate to secondary diabetes mellitus, as it specifies the cause as drug or chemical, making it the least relevant match."
24901,E0865,1,"While this code represents diabetes mellitus due to an underlying condition, it does not specify the uncontrolled aspect, it aligns more closely with the underlying cause rather than secondary diabetes."
24901,E0965,2,"This code indicates drug or chemical induced diabetes mellitus, which is not directly related to secondary diabetes mellitus and does not match the description of being uncontrolled."
24920,E1300,1,Other specified diabetes mellitus with hyperosmolarity aligns with secondary diabetes and the hyperosmolarity aspect.
24920,E0801,2,"Diabetes mellitus due to underlying condition with hyperosmolarity is somewhat relevant, but it specifies 'with coma' which is not indicated in the ICD-9 description."
24920,E0901,3,"Drug or chemical induced diabetes mellitus with hyperosmolarity is less relevant as it focuses on drug-induced causes, which do not match the ICD-9 description."
24940,E0821,1,"This code specifies diabetes mellitus due to an underlying condition, which aligns with the concept of secondary diabetes mellitus and includes renal manifestations (diabetic nephropathy)."
24940,E0921,2,"While this code also includes diabetic nephropathy, it specifies drug or chemical induced diabetes, which does not match the unspecified cause of the secondary diabetes in the ICD-9 description."
24950,E08319,1,Specificity in diabetic retinopathy without macular edema matches the ophthalmic manifestations.
24950,E08311,2,Specificity in diabetic retinopathy with macular edema matches the ophthalmic manifestations.
24950,E0839,3,General category for other diabetic ophthalmic complications which fits secondary diabetes with unspecified manifestations.
24950,E0836,4,"Diabetic cataract is an ophthalmic manifestation, though less directly related than retinopathy."
24950,E09319,5,"Similar to E08319 but related to drug or chemical induced diabetes, still within the ophthalmic complication context."
24950,E09311,6,"Similar to E08311 but for drug or chemical induced diabetes, relevant to ophthalmic manifestations."
24950,E0939,7,General category for other diabetic ophthalmic complications in the context of drug or chemical induced diabetes.
24950,E1339,8,"Other specified diabetes mellitus with other diabetic ophthalmic complication, relevant but less specific."
24950,E0837X1,9,Diabetic macular edema resolved in the right eye; not a direct match as it specifies resolution.
24950,E0837X2,10,Diabetic macular edema resolved in the left eye; similar issue as above.
24950,E0837X3,11,Diabetic macular edema resolved bilaterally; still specifies resolution.
24950,E0837X9,12,"Diabetic macular edema resolved, unspecified eye; specifies resolution which is not directly relevant."
24950,E0937X1,13,Drug induced macular edema resolved in the right eye; specifies resolution.
24950,E0937X2,14,Drug induced macular edema resolved in the left eye; specifies resolution.
24950,E0937X3,15,Drug induced macular edema resolved bilaterally; specifies resolution.
24950,E0937X9,16,"Drug induced macular edema resolved, unspecified eye; specifies resolution."
24950,E0936,17,Drug or chemical induced diabetic cataract; relevant but less specific than retinopathy.
24960,E0840,1,"Direct match for diabetes with neurological manifestation, unspecified."
24960,E0849,2,"Covers other diabetic neurological complications, relevant to unspecified manifestations."
24960,E1340,3,"Specifies other diabetes with diabetic neuropathy, matching secondary diabetes context."
24960,E1349,4,Covers other diabetic neurological complications under other specified diabetes.
24960,E0841,5,"Specifies mononeuropathy, relevant but less broad than unspecified."
24960,E0842,6,"Specifies polyneuropathy, relevant but less broad than unspecified."
24960,E0843,7,"Specifies autonomic neuropathy, relevant but less broad than unspecified."
24960,E0844,8,"Specifies amyotrophy, relevant but less broad than unspecified."
24960,E08610,9,"Describes neuropathic arthropathy, less direct match but still a complication."
24960,E0940,10,Drug-induced diabetes with unspecified neuropathy; relevant but different etiology.
24960,E0941,11,Drug-induced diabetes with mononeuropathy; relevant but different etiology.
24960,E0942,12,Drug-induced diabetes with polyneuropathy; relevant but different etiology.
24960,E0943,13,Drug-induced diabetes with autonomic neuropathy; relevant but different etiology.
24960,E0944,14,Drug-induced diabetes with amyotrophy; relevant but different etiology.
24960,E0949,15,Drug-induced diabetes with other neurological complications; relevant but different etiology.
24960,E09610,16,Drug-induced diabetes with neuropathic arthropathy; relevant but different etiology.
24960,E1341,17,Other specified diabetes with mononeuropathy; relevant but less broad.
24960,E1342,18,Other specified diabetes with polyneuropathy; relevant but less broad.
24960,E1343,19,Other specified diabetes with autonomic neuropathy; relevant but less broad.
24960,E1344,20,Other specified diabetes with amyotrophy; relevant but less broad.
24970,E0851,1,"This code specifies diabetes mellitus due to an underlying condition with diabetic peripheral angiopathy, closely aligning with the peripheral circulatory disorders noted in the ICD-9 description."
24970,E1359,2,"This code captures other specified diabetes mellitus with circulatory complications, which is a broader category that includes peripheral circulatory disorders."
24970,E0951,3,"While this code refers to drug or chemical induced diabetes mellitus with diabetic peripheral angiopathy, it does not match the secondary diabetes context in the ICD-9 code."
24990,E138,1,"Other specified diabetes mellitus aligns closely with secondary diabetes mellitus, as it accounts for unspecified complications."
24990,E088,2,Diabetes mellitus due to underlying condition is relevant but slightly less specific than 'other specified' as it suggests a direct causal relationship.
24990,E098,3,Drug or chemical induced diabetes mellitus is a specific cause of diabetes that does not align with 'secondary diabetes mellitus' as it implies a different etiology.
25010,E1110,1,"Directly corresponds to type II diabetes with ketoacidosis, maintaining specificity and clarity."
25010,E1310,2,"While it refers to 'other specified diabetes mellitus', it includes ketoacidosis, making it relevant but less specific than E1110."
25010,E1169,3,"Though it pertains to type 2 diabetes, it discusses 'other specified complication' without direct reference to ketoacidosis, making it the least relevant."
25020,E1100,1,"Directly corresponds to type 2 diabetes with hyperosmolarity without coma, matching the ICD-9 description of diabetes with hyperosmolarity not stated as uncontrolled."
25020,E1101,2,"Related to type 2 diabetes with hyperosmolarity but specifies the presence of coma, which does not match the ICD-9 description that indicates no such condition."
25030,E1111,1,"Type 2 diabetes mellitus with ketoacidosis with coma is closely related to the diabetes type and coma aspect, despite the specific cause of coma being different."
25030,E11641,2,"Type 2 diabetes mellitus with hypoglycemia with coma is relevant due to the diabetes and coma, but hypoglycemia is a different cause than 'other coma'."
25031,E1011,1,"Type 1 diabetes with ketoacidosis includes coma, matching the description of diabetes with other coma."
25031,E10641,2,"Type 1 diabetes with hypoglycemia includes coma, but the specificity of ketoacidosis is a closer match to 'other coma' than hypoglycemia."
25050,E11311,1,"directly relates to diabetes with ophthalmic manifestations, specifying diabetic retinopathy with macular edema."
25050,E11319,2,"directly relates to diabetes with ophthalmic manifestations, specifying diabetic retinopathy without macular edema."
25050,E1139,3,"relates to diabetes with other diabetic ophthalmic complications, though less specific than retinopathy."
25050,E1136,4,"refers to diabetic cataract, which is an ophthalmic manifestation but less directly related than retinopathy."
25051,E10311,1,"Directly corresponds to diabetes with ophthalmic manifestations, specifically diabetic retinopathy, which aligns with the ICD-9 description."
25051,E10319,2,"Also relates to diabetes with ophthalmic manifestations, specifically diabetic retinopathy, but without macular edema, making it slightly less specific than E10311."
25051,E1037X1,3,"Pertains to diabetic macular edema resolved in the right eye, relevant to the ophthalmic manifestations aspect."
25051,E1037X2,4,"Pertains to diabetic macular edema resolved in the left eye, relevant to the ophthalmic manifestations aspect."
25051,E1037X3,5,"Pertains to diabetic macular edema resolved bilaterally, relevant to the ophthalmic manifestations aspect."
25051,E1037X9,6,"Pertains to diabetic macular edema resolved in an unspecified eye, relevant to the ophthalmic manifestations aspect."
25051,E1036,7,"Relates to diabetic cataract, another ophthalmic complication of diabetes, but less directly related to the specific manifestations mentioned in the ICD-9 description."
25051,E1039,8,"Refers to other diabetic ophthalmic complications, which is relevant but lacks the specificity of the other codes directly related to retinopathy or macular edema."
25080,E1169,1,"This code captures 'other specified complications' related to type 2 diabetes, which aligns with the ICD-9 description of 'other specified manifestations'."
25080,E11618,2,"This code refers to a specific complication (diabetic arthropathy) related to type 2 diabetes, making it a valid manifestation."
25080,E11620,3,"Diabetic dermatitis is a specific manifestation of type 2 diabetes, fitting the description of an 'other specified manifestation'."
25080,E11621,4,"Foot ulcer is a recognized complication of diabetes, thus it aligns with the concept of specified manifestations."
25080,E11622,5,"Other skin ulcers are also considered complications of diabetes, making it a valid specified manifestation."
25080,E11628,6,"This code covers other skin complications, which are manifestations of diabetes and fits the provided ICD-9 description."
25080,E11630,7,"Periodontal disease is a recognized complication of diabetes, aligning with the concept of specified manifestations."
25080,E11638,8,Other oral complications are related to diabetes and can be seen as specified manifestations.
25080,E11649,9,Hypoglycemia without coma is a complication of diabetes but does not directly align with 'other specified manifestations'.
25080,E1165,10,Hyperglycemia is a complication of diabetes but is less aligned with the concept of 'other specified manifestations' than other options.
25081,E1069,1,Type 1 diabetes mellitus with other specified complication is a broad category that aligns closely with 'other specified manifestations'.
25081,E10618,2,"Type 1 diabetes mellitus with other diabetic arthropathy is a specific manifestation of diabetes, making it relevant."
25081,E10620,3,"Type 1 diabetes mellitus with diabetic dermatitis is a specified manifestation, thus relevant."
25081,E10621,4,Type 1 diabetes mellitus with foot ulcer is a specific complication that fits within the context of other specified manifestations.
25081,E10622,5,Type 1 diabetes mellitus with other skin ulcer is a relevant manifestation under the umbrella of complications.
25081,E10628,6,Type 1 diabetes mellitus with other skin complications aligns with the concept of specified manifestations.
25081,E10630,7,"Type 1 diabetes mellitus with periodontal disease is a specific complication, making it relevant."
25081,E10638,8,Type 1 diabetes mellitus with other oral complications fits as a specified manifestation.
25081,E10649,9,Type 1 diabetes mellitus with hypoglycemia without coma is a specific complication relevant to diabetes.
25081,E1065,10,Type 1 diabetes mellitus with hyperglycemia is a recognized complication but less aligned with 'other specified manifestations'.
2511,E161,1,Other hypoglycemia is a broader category that directly corresponds to 'other specified hypoglycemia'.
2511,E160,2,"Drug-induced hypoglycemia without coma is a specific type of hypoglycemia, which may not encompass all cases of 'other specified hypoglycemia'."
2531,E228,1,"This code specifically describes other hyperfunction of the pituitary gland, aligning closely with the ICD-9 description of 'Other and unspecified anterior pituitary hyperfunction'."
2531,E229,2,This code refers to hyperfunction of the pituitary gland but is unspecified. It is less specific than E228 but still relates to hyperfunction of the pituitary gland.
2537,E893,1,"Postprocedural hypopituitarism directly relates to iatrogenic causes, aligning with the description of iatrogenic pituitary disorders."
2537,E231,2,Drug-induced hypopituitarism is a type of hypopituitarism but does not specifically indicate an iatrogenic context as it pertains to drug effects rather than procedural interventions.
2539,E237,1,Direct match to the unspecified disorder of the pituitary gland.
2539,E233,2,Related to hypothalamic dysfunction but less specific than the disorder of the pituitary gland.
2550,E248,1,"Other Cushing's syndrome is a broad category that encompasses various forms of Cushing's syndrome, making it a good match."
2550,E249,2,"Cushing's syndrome, unspecified, is directly related to the diagnosis of Cushing's syndrome without specifying the cause."
2550,E240,3,"Pituitary-dependent Cushing's disease is a specific type of Cushing's syndrome, related but not synonymous."
2550,E243,4,"Ectopic ACTH syndrome is another specific type of Cushing's syndrome, related but not synonymous."
2550,E242,5,"Drug-induced Cushing's syndrome is a specific cause of Cushing's syndrome, which is related but not synonymous."
25510,E269,1,Direct match in specificity and meaning as it is the exact equivalent of unspecified hyperaldosteronism.
25510,E2609,2,"Related but not a direct match as it refers to other forms of primary hyperaldosteronism, which may not be unspecified."
2552,E258,1,"This code represents 'Other adrenogenital disorders', which is a broader category that encompasses various adrenogenital conditions that do not fall under the specific enzyme deficiency."
2552,E250,2,"This code specifies 'Congenital adrenogenital disorders associated with enzyme deficiency', which is a specific type of adrenogenital disorder but may not cover all types included in the ICD-9 description."
2552,E259,3,"This code indicates 'Adrenogenital disorder, unspecified', which is the least specific option and does not provide additional detail compared to the other codes."
25541,E271,1,"Primary adrenocortical insufficiency is a direct synonym for glucocorticoid deficiency, indicating a specific condition."
25541,E2740,2,"Unspecified adrenocortical insufficiency is related to glucocorticoid deficiency but lacks specificity, making it a less precise match."
25541,E272,3,"Addisonian crisis is a potential complication of glucocorticoid deficiency, but it does not directly describe the deficiency itself."
2561,N981,1,"Hyperstimulation of ovaries is a specific condition related to ovarian hyperfunction, making it a direct match."
2561,E281,2,Androgen excess can be associated with ovarian hyperfunction but is broader and less specific than hyperstimulation of ovaries.
2562,E8941,1,"Symptomatic postprocedural ovarian failure is a more specific and relevant match as it indicates the presence of symptoms, aligning closely with the concept of 'postablative ovarian failure'."
2562,E8940,2,"Asymptomatic postprocedural ovarian failure is related but less specific since it does not account for any symptoms, making it a less precise match compared to E8941."
25631,E28310,1,"Directly corresponds to premature menopause with symptoms, which aligns with the ICD-9 description."
25631,E28319,2,Relates to premature menopause but without symptoms; still relevant but less specific than symptomatic.
2588,E318,1,"directly corresponds to 'Other polyglandular dysfunction', maintaining specificity in the polyglandular context."
2588,E3120,2,"refers to a specific syndrome that may involve polyglandular dysfunction but is more specific to neoplasia, making it a less direct match."
261,E41,1,exact match
261,E43,2,related condition but less specific
2650,E5111,1,Directly corresponds to the type of beriberi (dry) indicated in the ICD-9 description.
2650,E5112,2,"Also corresponds to a type of beriberi (wet), but not the primary type associated with the ICD-9 description."
2651,E518,1,"This code specifies 'Other manifestations of thiamine deficiency', which is closely aligned with the ICD-9 description of 'Other and unspecified manifestations of thiamine deficiency'."
2651,E519,2,"This code is for 'Thiamine deficiency, unspecified', which is less specific than the ICD-9 description but still relevant to the deficiency itself."
2691,E568,1,Directly matches the description of 'Deficiency of other vitamins'.
2691,E560,2,"Specifically refers to vitamin E deficiency, which is a subset of vitamin deficiencies but not a match for 'other vitamins'."
2693,E58,1,Dietary calcium deficiency is a specific type of mineral deficiency and is directly related to the general concept of mineral deficiency.
2693,E59,2,Dietary selenium deficiency is another specific type of mineral deficiency that falls under the broader category of mineral deficiencies.
2693,E60,3,"Dietary zinc deficiency is also a specific mineral deficiency, making it relevant to the general classification of mineral deficiencies."
2693,E614,4,"Chromium deficiency is a specific mineral deficiency, aligning with the general concept of mineral deficiencies."
2693,E615,5,"Molybdenum deficiency is a specific mineral deficiency, thus is relevant to the general category of mineral deficiencies."
2700,E7200,1,Exact match in meaning to the ICD-9 description with unspecified status.
2700,E7209,2,"Related to amino-acid transport disorders, providing a broader category for unspecified cases."
2700,E7201,3,Specific type of amino-acid transport disorder (cystinuria) but not a direct match to the general term.
2700,E7204,4,"Specific type of amino-acid transport disorder (cystinosis), but not a direct match to the general term."
2702,E708,1,Directly matches the description of 'Other disorders of aromatic amino-acid metabolism'.
2702,E7021,2,"Specific to tyrosinemia, which is an aromatic amino acid metabolism disorder."
2702,E7029,3,"Related to disorders of tyrosine metabolism, which is an aromatic amino acid."
2702,E705,4,"Specific to tryptophan metabolism, which is another aromatic amino acid but less relevant to the original code."
2702,E7030,5,Albinism is associated with amino acid metabolism but is not directly related to the disturbances of aromatic amino-acid metabolism.
2703,E7119,1,"This code specifically addresses other disorders of branched-chain amino-acid metabolism, closely related to the general category of disturbances mentioned in the ICD-9 description."
2703,E710,2,"Maple-syrup-urine disease is a specific type of disorder within the branched-chain amino-acid metabolism category, making it a relevant match."
2703,E712,3,"This code refers to disorders of branched-chain amino-acid metabolism, unspecified, which is a broader classification but still relates directly to the disturbances mentioned."
2703,E71120,4,"Methylmalonic acidemia is a specific condition but does not directly relate to branched-chain amino-acid metabolism; therefore, it is a less suitable match."
2704,E7210,1,Direct match in description; unspecified type of disorder aligns with the general category.
2704,E7219,2,"Includes 'other disorders' which may encompass unspecified disturbances, but is less specific than E7210."
2704,E7211,3,Specific type of disorder (Homocystinuria) that is a subtype; not a general match for all disturbances.
2706,E7220,1,"Broad match to the general category of disorders of urea cycle metabolism, specified as unspecified."
2706,E7229,2,"Matches the general category, capturing other unspecified disorders of urea cycle metabolism."
2706,E7221,3,"Specific disorder within the urea cycle metabolism, specifically argininemia."
2706,E7222,4,"Specific disorder within the urea cycle metabolism, specifically arginosuccinic aciduria."
2706,E7223,5,"Specific disorder within the urea cycle metabolism, specifically citrullinemia."
2708,E728,1,directly matches the description of 'Other specified disorders of amino-acid metabolism'
2708,E7203,2,no_good_match
2710,E7400,1,"Glycogen storage disease, unspecified is a direct match to glycogenosis, covering all unspecified cases."
2710,E7409,2,Other glycogen storage disease is relevant as it includes glycogen storage diseases not specifically classified elsewhere.
2710,E7401,3,"von Gierke disease is a specific type of glycogen storage disease, thus it is semantically related."
2710,E7404,4,"McArdle disease is another specific type of glycogen storage disease, making it relevant but less general than E7400."
2710,E744,5,"Disorders of pyruvate metabolism and gluconeogenesis are not directly related to glycogen storage diseases, hence a no good match."
2712,E7412,1,Exact match in description with the ICD-9 code.
2712,E7411,2,"Related condition (fructosuria) but not the same disorder; thus, less specific."
2718,E748,1,"This code directly addresses 'Other specified disorders of carbohydrate metabolism', making it the closest match to the ICD-9 description."
2718,E744,2,"While it specifies disorders of pyruvate metabolism and gluconeogenesis, it is still related to carbohydrate metabolism, though more specific."
2718,E7252,3,"Trimethylaminuria is a metabolic disorder, but it is not directly related to carbohydrate transport or metabolism."
2718,E7253,4,Hyperoxaluria is a specific metabolic disorder that does not relate to carbohydrate transport or metabolism.
2718,E771,5,Defects in glycoprotein degradation do not relate to carbohydrate transport or metabolism.
2720,E7800,1,Exact match in description with 'pure hypercholesterolemia' and unspecified.
2720,E7801,2,"Related condition (familial hypercholesterolemia) but specifies a genetic component, thus less specific to 'pure hypercholesterolemia'."
2724,E784,1,"direct match to 'Other hyperlipidemia', aligns with the specificity of the ICD-9 description."
2724,E785,2,"matches 'Hyperlipidemia, unspecified', which is less specific than 'Other hyperlipidemia' but still relevant."
2727,E7521,1,Fabry disease is a specific type of lipidosis.
2727,E7522,2,Gaucher disease is another specific type of lipidosis.
2727,E75249,3,"Niemann-Pick disease is also a type of lipidosis, though unspecified."
2727,E770,4,Defects in post-translational modification of lysosomal enzymes can relate to lipid metabolism issues.
2727,E771,5,"Defects in glycoprotein degradation can also affect lipid metabolism, though less directly related."
2728,E7889,1,"This code specifically addresses disorders of lipoprotein metabolism, which is closely related to lipoid metabolism disorders."
2728,E7881,2,"While this code refers to a specific condition (lipoid dermatoarthritis), it is still within the realm of lipoid metabolism disorders but is more specific to a type of arthritis."
2728,E8889,3,"This code is more general, referring to unspecified metabolic disorders, which may not directly correlate with lipoid metabolism disorders."
27403,M1A00X1,1,"Direct match to chronic gout with tophus, unspecified site, aligned with ICD-9 description."
27403,M1A9XX1,2,"General chronic gout with tophus, unspecified, closely related to the ICD-9 description."
27403,M1A20X1,3,"Drug-induced variant of chronic gout with tophus, related but not a direct match."
27403,M1A30X1,4,"Chronic gout due to renal impairment with tophus, related to gout but specifies a cause not mentioned in ICD-9."
27403,M1A40X1,5,"Other secondary chronic gout with tophus, related but does not match the unspecified nature of the ICD-9 code."
27503,E83118,1,exact match in description with 'Other hemochromatosis'
27503,E83119,2,"less specific match as it refers to 'Hemochromatosis, unspecified'"
27509,E8319,1,"This code directly corresponds to 'Other disorders of iron metabolism', making it the most specific match."
27509,E8310,2,"This code is less specific as it refers to a disorder of iron metabolism that is unspecified, which is not as precise as the original description."
2751,E8300,1,"Exact match in terms of disorder type, but unspecified."
2751,E8309,2,"Covers other disorders of copper metabolism, providing specificity beyond unspecified."
2751,E8301,3,"Specific to Wilson's disease, which is a known disorder of copper metabolism but is a specific condition rather than a general disorder."
2752,E8340,1,"Direct match to the general category of magnesium metabolism disorders, unspecified."
2752,E8349,2,"Covers other disorders of magnesium metabolism, providing a broader but relevant classification."
2752,E8341,3,"Specific condition of hypermagnesemia, which is a type of disorder of magnesium metabolism."
2752,E8342,4,"Specific condition of hypomagnesemia, which is also a type of disorder of magnesium metabolism."
2753,E8330,1,Direct match to the description with unspecified details.
2753,E8339,2,"Covers other disorders of phosphorus metabolism, more specific than unspecified."
2753,E8331,3,Specific type of disorder related to phosphorus metabolism but is familial.
2753,E8332,4,"Specific hereditary condition affecting phosphorus metabolism, but not a direct match to the broader category."
27549,E8359,1,direct match in description for 'Other disorders of calcium metabolism'
27549,E201,2,related condition (Pseudohypoparathyroidism) affecting calcium metabolism but not a direct match
27669,E8779,1,Exact match of the description 'Other fluid overload'.
27669,E8770,2,"Related concept of fluid overload, but unspecified, which is less specific than 'other fluid overload'."
2771,E8020,1,"Unspecified porphyria is a broad category that encompasses various types of porphyria, making it a good match for disorders of porphyrin metabolism."
2771,E8029,2,"Other porphyria is also relevant as it includes types of porphyria not specifically listed, still related to disorders of porphyrin metabolism."
2771,E800,3,"Hereditary erythropoietic porphyria is a specific type of porphyria but may not encompass all disorders of porphyrin metabolism, making it a less suitable match."
27731,M041,1,"Periodic fever syndromes are a category that includes familial Mediterranean fever, making this a direct match."
27731,E850,2,"Non-neuropathic heredofamilial amyloidosis does not relate to familial Mediterranean fever, thus no good match."
27739,E8589,1,exact match for 'Other amyloidosis'
27739,E853,2,"related to systemic amyloidosis, which is a form of amyloidosis"
27739,E8581,3,"specific type of amyloidosis, light chain (AL) amyloidosis, which is a recognized variant"
27739,E8582,4,"specific type of amyloidosis, wild-type transthyretin-related (ATTR) amyloidosis, also a recognized variant"
27739,E851,5,"specific type of hereditary amyloidosis, which may not be included in 'Other amyloidosis'"
2774,E806,1,Specificity in disorders of bilirubin metabolism aligns closely with the description of bilirubin excretion disorders.
2774,E804,2,"Gilbert syndrome is a specific condition related to bilirubin metabolism, making it a relevant match."
2774,E805,3,"Crigler-Najjar syndrome is also a specific disorder related to bilirubin metabolism, relevant but slightly less general than E806."
2774,E807,4,Unspecified disorder of bilirubin metabolism is the least specific and provides no additional detail regarding the nature of the disorder.
27785,E71318,1,"This code represents other disorders of fatty-acid oxidation, making it the most general and inclusive match for disorders of fatty acid oxidation."
27785,E71310,2,"This code specifically identifies a deficiency related to long chain/very long chain acyl CoA dehydrogenase, which is a specific type of disorder of fatty acid oxidation."
27785,E71311,3,"This code refers to medium chain acyl CoA dehydrogenase deficiency, another specific disorder within the fatty acid oxidation category."
27785,E71312,4,"This code denotes short chain acyl CoA dehydrogenase deficiency, also a specific type of disorder related to fatty acid oxidation."
27785,E71313,5,"This code pertains to glutaric aciduria type II, which is a distinct condition but still falls under the broader category of fatty acid oxidation disorders."
27785,E71314,6,"This code indicates muscle carnitine palmitoyltransferase deficiency, which is a specific fatty acid oxidation disorder but less broadly applicable than the prior options."
27786,E7150,1,"direct match to peroxisomal disorder, unspecified"
27786,E71548,2,"refers to other peroxisomal disorders, related but not specifically defined"
27786,E71510,3,"specific type of peroxisomal disorder (Zellweger syndrome), relevant"
27786,E71511,4,"specific type of peroxisomal disorder (neonatal adrenoleukodystrophy), relevant"
27786,E71522,5,"specific type of peroxisomal disorder (adrenomyeloneuropathy), relevant"
27786,E71529,6,"specific type of peroxisomal disorder (X-linked adrenoleukodystrophy, unspecified type), relevant"
27787,E8840,1,"This code directly corresponds to a mitochondrial metabolism disorder, matching the general description of the ICD-9 code."
27787,E8849,2,"This code includes other mitochondrial metabolism disorders, which aligns with the broader category of the ICD-9 description."
27787,E8841,3,"MELAS syndrome is a specific type of mitochondrial disorder, making it semantically relevant to the ICD-9 description."
27787,E8842,4,"MERRF syndrome is also a specific mitochondrial disorder, relevant but less general than the unspecified codes."
27787,H49819,5,"This code refers to Kearns-Sayre syndrome related to the eye, which is not directly related to mitochondrial metabolism disorders, making it the least relevant."
27789,E8889,1,closest match to 'Other specified disorders of metabolism'
27789,E7139,2,"related to disorders of metabolism, specifically fatty-acid metabolism"
27789,E889,3,"general metabolic disorder, but less specific than E8889"
27789,E803,4,"defects related to metabolic processes, though more specific"
27789,C965,5,"not a metabolic disorder, focuses on histiocytosis"
27789,C966,6,"not a metabolic disorder, focuses on histiocytosis"
2792,D819,1,"Combined immunodeficiency, unspecified - closely matches the general concept of combined immunity deficiency."
2792,D8189,2,Other combined immunodeficiencies - relates to combined immunodeficiencies but specifies other types.
2792,D810,3,Severe combined immunodeficiency with reticular dysgenesis - a specific type of combined immunodeficiency.
2792,D811,4,Severe combined immunodeficiency with low T- and B-cell numbers - another specific type of combined immunodeficiency.
2792,D812,5,Severe combined immunodeficiency with low or normal B-cell numbers - also a specific type but less directly related than the previous ones.
2798,D8989,1,"Exact match in description; specifically states 'Other specified disorders involving the immune mechanism, not elsewhere classified'."
2798,D841,2,"Related to immune mechanism as it pertains to defects in the complement system, which is a part of the immune response."
2798,D8940,3,Related to immune mechanism; mast cell activation can be involved in immune disorders.
2798,D8941,4,Related to immune mechanism; monoclonal mast cell activation syndrome is a specific immune disorder.
2798,D8942,5,Related to immune mechanism; idiopathic mast cell activation syndrome involves immune dysfunction.
2798,D8943,6,Related to immune mechanism; secondary mast cell activation can occur due to other immune disorders.
2798,D8949,7,Related to immune mechanism; other mast cell activation disorder indicates unspecified immune involvement.
2798,M359,8,no_good_match
2808,D508,1,"This code directly corresponds to 'Other iron deficiency anemias', which aligns closely with the ICD-9 description."
2808,D501,2,Sideropenic dysphagia is a specific condition related to iron deficiency but does not encompass the broader category of 'Other specified iron deficiency anemias'.
2811,D518,1,"Directly corresponds to 'Other vitamin B12 deficiency anemias', matching the ICD-9 description."
2811,D513,2,"Matches the vitamin B12 deficiency aspect but is more specific to dietary causes, still relevant."
2811,D511,3,Specific to selective malabsorption with proteinuria; less relevant as it adds an additional specificity not present in the ICD-9 description.
2812,D520,1,Dietary folate deficiency anemia is a direct match to folate-deficiency anemia.
2812,D529,2,"Folate deficiency anemia, unspecified, closely relates to the general description of folate-deficiency anemia."
2812,D528,3,Other folate deficiency anemias include variations of folate deficiency but are less specific.
2812,D521,4,Drug-induced folate deficiency anemia is a specific cause of folate deficiency and not a general match.
2818,D538,1,"This code directly addresses 'Other specified nutritional anemias', which aligns closely with the ICD-9 description of anemia associated with other specified nutritional deficiency."
2818,D532,2,"While 'Scorbutic anemia' is a type of nutritional anemia, it is more specific and does not encompass all other nutritional deficiencies as indicated in the ICD-9 description."
2822,D551,1,"This code directly corresponds to disorders of glutathione metabolism, which is the underlying cause of the anemia described in the ICD-9 code."
2822,D550,2,"While this code relates to anemia, it specifically pertains to G6PD deficiency, which is a specific condition and not a general disorder of glutathione metabolism."
2827,D582,1,direct match to 'Other hemoglobinopathies'
2827,D564,2,"related condition but more specific to 'Hereditary persistence of fetal hemoglobin', not a direct match"
2830,D591,1,"Other autoimmune hemolytic anemias is a direct match to autoimmune hemolytic anemias, covering all unspecified types."
2830,D590,2,"Drug-induced autoimmune hemolytic anemia is a specific type of autoimmune hemolytic anemia, but it does not encompass all cases."
2832,D596,1,"Directly corresponds to hemoglobinuria due to hemolysis from external causes, matching the description closely."
2832,D595,2,"While it refers to hemoglobinuria, it specifies paroxysmal nocturnal hemoglobinuria, which is a specific condition that does not match the broader external cause context."
2832,D598,3,"Refers to acquired hemolytic anemias in general, which is too broad and does not specifically address hemoglobinuria or the external causes aspect."
28481,D600,1,"Chronic acquired pure red cell aplasia is the most specific match, indicating a persistent condition which aligns with the description of red cell aplasia."
28481,D601,2,"Transient acquired pure red cell aplasia is relevant but indicates a temporary condition, which does not fully align with the chronic nature implied by the ICD-9 description."
28481,D608,3,Other acquired pure red cell aplasias may apply but lacks the specificity regarding the chronicity or type of red cell aplasia described in the ICD-9 code.
28481,D609,4,"Acquired pure red cell aplasia, unspecified is the least specific and does not convey any information about the type or duration of the condition, making it the weakest match."
28489,D6189,1,Directly matches the description of 'Other specified aplastic anemias' and includes other related conditions.
28489,D612,2,"Specific to aplastic anemia due to external agents, which can be considered under 'other specified' but is less general than D6189."
28489,D611,3,"Specific to drug-induced aplastic anemia, which is a narrower category and not a direct match to 'other specified aplastic anemias'."
2850,D640,1,"Hereditary sideroblastic anemia is a specific type of sideroblastic anemia, closely related to the condition described in ICD-9."
2850,D641,2,Secondary sideroblastic anemia due to disease is also a form of sideroblastic anemia and relevant to the ICD-9 description.
2850,D642,3,"Secondary sideroblastic anemia due to drugs and toxins represents another specific cause of sideroblastic anemia, making it relevant."
2850,D643,4,"Other sideroblastic anemias is a broader category that includes various forms, making it the least specific match to the ICD-9 description."
2858,D6489,1,Exact match to the description of 'Other specified anemias'.
2858,D644,2,Specific type of anemia but not a direct match to the general category of 'Other specified anemias'.
2867,D684,1,Exact match in meaning; directly corresponds to acquired coagulation factor deficiency.
2867,D6832,2,"Related condition but not a direct match; refers to hemorrhagic disorder due to anticoagulants, which is a specific cause rather than a general deficiency."
2869,D688,1,"This code specifies 'Other specified coagulation defects,' which is a more specific description that aligns closely with the ICD-9 description of 'Other and unspecified coagulation defects.'"
2869,D689,2,"This code refers to 'Coagulation defect, unspecified,' which matches the unspecified aspect of the ICD-9 description but lacks the specificity of 'other specified' conditions."
28739,D6949,1,Direct match in description; same condition as described in ICD-9.
28739,D693,2,"Related condition (thrombocytopenia) but specifies immune etiology, which may not encompass all cases of primary thrombocytopenia."
28803,D702,1,"This code describes other drug-induced agranulocytosis, which closely relates to drug-induced neutropenia."
28803,D701,2,"This code specifies agranulocytosis secondary to cancer chemotherapy, which is a specific type of agranulocytosis but does not encompass all forms of drug-induced neutropenia."
2884,D761,1,"Directly corresponds to hemophagocytic lymphohistiocytosis, a specific type of hemophagocytic syndrome."
2884,D762,2,"Describes hemophagocytic syndrome with an association to infections, which is a subtype of hemophagocytic syndromes."
2884,D763,3,"Refers to other histiocytosis syndromes, which may include some overlap but is less specific to hemophagocytic syndromes."
28952,D5702,1,"Specific to Hb-SS disease, which is a common cause of splenic sequestration."
28952,D57212,2,"Related to sickle-cell/Hb-C disease, which also leads to splenic sequestration."
28952,D57412,3,"Involves sickle-cell thalassemia with splenic sequestration, relevant but less common than the others."
28959,D7389,1,Directly matches the description of 'Other diseases of spleen'.
28959,D733,2,"Specific condition related to the spleen (abscess), but not a general disease."
28959,D734,3,"Specific condition related to the spleen (cyst), but not a general disease."
28959,D735,4,"Specific condition related to the spleen (infarction), but not a general disease."
2897,D749,1,"Methemoglobinemia, unspecified is the most general and directly corresponds to methemoglobinemia without specifying type or cause."
2897,D748,2,Other methemoglobinemias includes various forms of methemoglobinemia but is more specific than unspecified.
2897,D740,3,"Congenital methemoglobinemia is a specific type of methemoglobinemia, which may not apply to all cases of methemoglobinemia."
28981,D6859,1,Other primary thrombophilia is a broad category that includes conditions like primary hypercoagulable states.
28981,D6851,2,Activated protein C resistance is a specific type of thrombophilia that can be associated with a hypercoagulable state.
28981,D6852,3,Prothrombin gene mutation is another specific cause of hypercoagulability and relates to primary hypercoagulable states.
28981,D6861,4,"Antiphospholipid syndrome is a condition that can lead to a hypercoagulable state, though it is a specific syndrome."
28981,D6862,5,Lupus anticoagulant syndrome is also related to hypercoagulability but is a specific condition.
28989,D7589,1,Direct match to the description of 'Other specified diseases of blood and blood-forming organs'.
28989,D474,2,"Related to blood-forming organs but more specific to osteomyelofibrosis, which is a specific condition."
28989,D892,3,Related to blood but not a disease of blood-forming organs; it is more about immunoglobulin levels.
29182,F10182,1,Directly relates to alcohol abuse with a specific mention of alcohol-induced sleep disorder.
29182,F10282,2,"Relates to alcohol dependence with a specific mention of alcohol-induced sleep disorder, closely aligned with the original diagnosis."
29182,F10982,3,General alcohol use with alcohol-induced sleep disorder; less specific than the other two options.
29189,F10188,1,"This code refers to 'Alcohol abuse with other alcohol-induced disorder,' which aligns closely with the ICD-9 description of 'Other alcohol-induced mental disorders.'"
29189,F10288,2,"Similar to F10188, this code addresses 'Alcohol dependence with other alcohol-induced disorder,' making it a good match for unspecified alcohol-induced mental disorders."
29189,F10159,3,"This code specifies 'Alcohol abuse with alcohol-induced psychotic disorder, unspecified.' While it is more specific than 'other disorders,' it still falls under the broader category of alcohol-induced mental disorders."
29189,F10259,4,"This code indicates 'Alcohol dependence with alcohol-induced psychotic disorder, unspecified.' It is specific to psychotic disorders but remains relevant to the broader category of alcohol-induced mental disorders."
29189,F10180,5,"This code is for 'Alcohol abuse with alcohol-induced anxiety disorder.' While it specifies a type of disorder, it is still a subtype of alcohol-induced mental disorders."
29189,F10280,6,"Similar to F10180, this code addresses 'Alcohol dependence with alcohol-induced anxiety disorder,' making it relevant but more specific."
29189,F10181,7,This code refers to 'Alcohol abuse with alcohol-induced sexual dysfunction.' It is a specific disorder but falls under the broader category of alcohol-induced mental disorders.
29189,F10281,8,"This code indicates 'Alcohol dependence with alcohol-induced sexual dysfunction,' which is more specific than the original ICD-9 description."
29189,F10959,9,"This code refers to 'Alcohol use, unspecified with alcohol-induced psychotic disorder, unspecified.' While it contains the term 'unspecified,' it is more general and less aligned with the specific context of 'other disorders.'"
29189,F10980,10,"This code describes 'Alcohol use, unspecified with alcohol-induced anxiety disorder.' It is also more general and less specific to the original description of 'other disorders.'"
29285,F13182,1,"Directly matches the concept of a sedative or hypnotic-induced sleep disorder, relevant to drug-induced sleep disorders."
29285,F13282,2,"Similar to F13182, but indicates dependence rather than abuse, still relevant to drug-induced sleep disorders."
29285,F13982,3,"Unspecified use of sedative, hypnotic, or anxiolytic aligns with drug-induced sleep disorders."
29285,F11182,4,"Specifically relates to opioid-induced sleep disorder, relevant but less general than sedative-related codes."
29285,F11282,5,"Similar to F11182 but denotes dependence, still applicable to drug-induced sleep disorders."
29285,F11982,6,"Unspecified use of opioids with sleep disorder is relevant, but less specific than those directly related to sedatives."
29285,F14182,7,Cocaine abuse leading to sleep disorder is relevant but not as closely related to the original description.
29285,F14282,8,Cocaine dependence with sleep disorder is relevant but less direct than sedative or opioid-related codes.
29285,F14982,9,Unspecified cocaine use with sleep disorder is applicable but less specific.
29285,F15182,10,Other stimulant abuse with sleep disorder is somewhat related but not directly tied to the original drug-induced classification.
29285,F15282,11,Other stimulant dependence with sleep disorder is relevant but less specific.
29285,F15982,12,Unspecified use of other stimulants with sleep disorder is the least specific.
29285,F19182,13,Other psychoactive substance abuse with sleep disorder is related but too broad for the specific context.
29285,F19282,14,Other psychoactive substance dependence with sleep disorder is relevant but not closely tied to the original description.
29285,F19982,15,Unspecified use of other psychoactive substances with sleep disorder is the least specific and relevant to the original code.
29389,F061,1,"Both codes refer to mental disorders due to physiological conditions, making them conceptually similar."
29389,F53,2,"While this code pertains to a specific condition (puerperal psychosis), it is less general than 'other specified transient mental disorders'."
2948,F068,1,More general match to 'other specified mental disorders' which aligns closely with 'other persistent mental disorders due to conditions classified elsewhere'.
2948,F060,2,"Specifically refers to psychotic disorders with hallucinations; while related, it is more specific than the original diagnosis and does not encompass the broader category."
29699,F3489,1,"This code captures 'Other specified persistent mood disorders', which aligns with the 'Other specified episodic mood disorder' as both refer to unspecified mood disorders, maintaining semantic relevance."
29699,F3481,2,"While 'Disruptive mood dysregulation disorder' is a mood disorder, it is specifically defined and does not directly correlate with the unspecified episodic nature of the original diagnosis."
2980,F323,1,"Directly corresponds to a single episode of major depressive disorder with psychotic features, matching the depressive type psychosis description."
2980,F333,2,"While it describes major depressive disorder with psychotic symptoms, it is recurrent rather than a single episode, making it a less precise match."
29980,F848,1,"This code directly corresponds to 'Other pervasive developmental disorders', aligning closely with the ICD-9 description."
29980,F845,2,"While Asperger's syndrome is a specific type of pervasive developmental disorder, it does not encompass all other specified pervasive developmental disorders, making it less relevant."
29981,F848,1,"Other pervasive developmental disorders is a broader category that includes residual states, aligning closely with the description of 'other specified pervasive developmental disorders'."
29981,F845,2,Asperger's syndrome is a specific type of pervasive developmental disorder but does not directly correspond to the general description of 'residual state' or 'other specified' conditions.
30011,F444,1,specific subtype of conversion disorder that aligns with the diagnosis
30011,F446,2,specific subtype of conversion disorder that aligns with the diagnosis
30016,F6811,1,exact match to ICD-9 description
30016,F4489,2,related disorder but not specific to factitious disorder
30029,F408,1,"This code encompasses a broader category of phobic anxiety disorders, which includes other isolated or specific phobias."
30029,F40218,2,"This code specifically refers to other animal type phobias, which is a subset of specific phobias."
30029,F40240,3,"Claustrophobia is a specific phobia, but it is one distinct type and may not encompass the broader category as effectively as F408."
30029,F40241,4,"Acrophobia is another specific type of phobia, which is a narrower category and does not represent the general diagnosis of 'other isolated or specific phobias'."
3003,F429,1,closest match to 'obsessive-compulsive disorder' with unspecified details
3003,F422,2,specific type of obsessive-compulsive disorder related to mixed obsessional thoughts and acts
3003,F428,3,another specific type of obsessive-compulsive disorder that doesn't fit into the other categories
3003,F423,4,"while related, hoarding disorder is distinct from traditional obsessive-compulsive disorders"
3007,F4521,1,synonymy; directly corresponds to the ICD-9 description.
3007,F4522,2,"no_good_match; while related to body image issues, it is not the same as hypochondriasis."
30082,F451,1,exact match
30082,F459,2,"broader category, less specific"
30089,F458,1,Exact match to the description of 'Other somatoform disorders'.
30089,F488,2,"Related but broader category that includes various nonpsychotic mental disorders, not specifically somatoform."
3009,F489,1,Directly corresponds to unspecified nonpsychotic mental disorder.
3009,F99,2,Broad category for mental disorders but less specific than F489.
30250,F640,1,"Directly corresponds to transsexualism, aligning closely with the ICD-9 description."
30250,Z87890,2,"Relates to a personal history of sex reassignment, but does not directly describe transsexualism itself."
30272,F5221,1,"Directly corresponds to male erectile disorder, which is a specific type of psychosexual dysfunction related to inhibited sexual excitement."
30272,F528,2,"Covers a broader category of sexual dysfunction that is not specifically linked to inhibited sexual excitement, making it less specific than F5221."
30279,F528,1,"Broader category that includes various unspecified sexual dysfunctions, aligning closely with 'other specified psychosexual dysfunctions'."
30279,F521,2,"Specific to sexual aversion disorder, which is a distinct type of dysfunction but not as broadly applicable as F528."
30289,F66,1,Other sexual disorders encompasses a broader category that includes various psychosexual disorders.
30289,F6589,2,"Other paraphilias may include specific psychosexual disorders not defined elsewhere, aligning closely with the concept of unspecified disorders."
30289,F6581,3,Frotteurism is a specific type of paraphilia and does not broadly encompass the range of other specified psychosexual disorders.
30521,F1210,1,"Cannabis abuse is directly matched with cannabis abuse, uncomplicated."
30521,F1290,2,Cannabis use is a broader term and less specific than cannabis abuse.
30522,F1210,1,"Cannabis abuse, uncomplicated is a direct match to the meaning of episodic cannabis abuse."
30522,F1290,2,"Cannabis use, unspecified, uncomplicated is broader and less specific than episodic cannabis abuse, but still relevant."
30590,F1910,1,"This code represents other psychoactive substance abuse, which is closely aligned with the unspecified drug abuse category in ICD-9."
30590,F1810,2,"This code is specific to inhalant abuse, which is a subtype of drug abuse but does not match the 'unspecified' nature of the ICD-9 code as closely as F1910."
30591,F1910,1,"This code captures unspecified drug abuse, aligning with the ICD-9 description of 'Other, mixed, or unspecified drug abuse'."
30591,F1810,2,"While this code is for inhalant abuse, it is more specific than the general drug abuse indicated in the ICD-9 code, making it a less relevant match."
30592,F1910,1,Other psychoactive substance abuse encompasses a broader category that aligns with mixed or unspecified drug abuse.
30592,F1810,2,Inhalant abuse is more specific and does not capture the mixed or unspecified nature of the drug abuse described.
3063,F424,1,"Excoriation disorder directly relates to skin issues influenced by mental factors, making it the closest match."
3063,F458,2,"While it encompasses other somatoform disorders, it does not specifically address skin disorders influenced by mental factors, making it a broader and less specific match."
3068,F458,1,"This code captures the concept of other somatoform disorders, which can be considered as psychophysiological malfunctions similar to the ICD-9 description."
3068,F59,2,"This code is more general and less specific than the ICD-9 description, covering unspecified behavioral syndromes rather than a specific psychophysiological malfunction."
30742,F5101,1,Primary insomnia is a specific type of insomnia that aligns closely with the concept of persistent sleep initiation or maintenance issues.
30742,F5103,2,"Paradoxical insomnia involves a perception of insomnia despite adequate sleep, which can relate to persistent sleep issues but is more specific and less commonly recognized."
30742,F5109,3,Other insomnia not due to a substance or known physiological condition is a broader category that does not specifically address the persistent nature of the disorder.
30744,F5119,1,Other hypersomnia not due to a substance or known physiological condition is a broader category that includes persistent disorders related to wakefulness.
30744,F5111,2,Primary hypersomnia is a specific type of hypersomnia which can relate to difficulties in maintaining wakefulness but is more specific.
30744,F5112,3,"Insufficient sleep syndrome involves inadequate sleep rather than a persistent disorder of wakefulness, making it less relevant."
30759,F5089,1,Other specified eating disorder closely aligns with the general category of 'other disorders of eating'.
30759,F5081,2,"Binge eating disorder is a specific type of eating disorder, which makes it relevant, though less broad than 'other disorders of eating'."
30759,F5082,3,"Avoidant/restrictive food intake disorder is another specific type of eating disorder, but its focus on avoidance/restriction makes it less general than 'other disorders of eating'."
30759,F9829,4,"Other feeding disorders of infancy and early childhood is specific to a certain age group, making it less relevant to the broader category of 'other disorders of eating'."
3079,R451,1,"Restlessness and agitation can be considered a symptom or syndrome, aligning with the unspecified nature of the ICD-9 description."
3079,F633,2,Trichotillomania is a specific condition and does not align closely with the broader category of unspecified special symptoms or syndromes.
3089,F430,1,"directly corresponds to acute stress reaction, matching the main concept of the ICD-9 description."
3089,R457,2,"related to stress but is less specific than acute stress reaction, thus ranked lower."
30981,F4312,1,"Specifically indicates chronic post-traumatic stress disorder, which is a more specific subtype of the condition."
30981,F4310,2,"Refers to post-traumatic stress disorder in general terms without specification, making it less precise than chronic."
31239,F6389,1,"Directly corresponds to 'Other impulse disorders', matching the broader category."
31239,F633,2,"While trichotillomania is an impulse control disorder, it is a specific type and not a direct match to 'Other disorders of impulse control'."
31400,F900,1,"This code specifically refers to attention-deficit hyperactivity disorder, predominantly inattentive type, which aligns closely with the description of attention deficit disorder without hyperactivity."
31400,F909,2,"This code is for attention-deficit hyperactivity disorder, unspecified type, which is broader and less specific compared to F900, making it a less accurate match."
31401,F901,1,"Directly matches the description of Attention deficit disorder with hyperactivity, focusing on the predominantly hyperactive type."
31401,F902,2,"Also relates to Attention deficit disorder with hyperactivity but includes combined type, which is broader than the original description."
31401,F909,3,"Generalized description of Attention deficit disorder with hyperactivity, lacking specificity compared to the others."
3152,F8189,1,"This code encompasses a broader range of developmental disorders related to scholastic skills, which aligns well with the description of 'other specific developmental learning difficulties'."
3152,F8181,2,"This code specifically refers to a disorder of written expression, which is a type of learning difficulty but is more narrow and does not fully represent the broader category of 'other specific developmental learning difficulties'."
31532,F802,1,Exact match of diagnosis description.
31532,H9325,2,no_good_match
31539,F8089,1,"This code covers 'Other developmental disorders of speech and language', which closely aligns with the ICD-9 description of 'Other developmental speech or language disorder'."
31539,F800,2,"Phonological disorder is a specific type of developmental speech disorder, but it does not encompass all aspects of 'Other developmental speech or language disorder'."
31539,F8082,3,Social pragmatic communication disorder is a specific subtype of speech/language disorders that does not fully correspond to the broader category of 'Other developmental speech or language disorder'.
3159,F89,1,"This code refers to an unspecified disorder of psychological development, which closely aligns with the concept of unspecified delay in development."
3159,F819,2,"While related to developmental skills, this code specifies a disorder of scholastic skills, which may not encompass all aspects of developmental delay."
3209,G009,1,direct synonym for bacterial meningitis without specification of the bacterium
3209,G042,2,"related condition involving bacterial infection affecting both meninges and brain, but less specific to meningitis alone"
32361,G0401,1,"This code specifies postinfectious ADEM, which closely aligns with the description of infectious acute disseminated encephalomyelitis."
32361,G0400,2,"This code describes acute disseminated encephalitis and encephalomyelitis in general, which is relevant but less specific than G0401."
32361,G0439,3,"This code refers to other acute necrotizing hemorrhagic encephalopathy, which does not match the description of ADEM."
32362,G0431,1,"This code specifically refers to postinfectious acute necrotizing hemorrhagic encephalopathy, aligning closely with the ICD-9 description of postinfectious encephalitis."
32362,G0430,2,"While this code refers to acute necrotizing hemorrhagic encephalopathy, it lacks the specificity of being postinfectious, making it a less precise match."
3239,G0490,1,"Directly corresponds to unspecified encephalitis and encephalomyelitis, matching the ICD-9 description."
3239,G0491,2,"While it refers to myelitis, it is less comprehensive than G0490 as it does not cover encephalitis."
32702,F5105,1,"Directly matches the description of insomnia due to a mental disorder, capturing the general category."
32702,F5104,2,"Related to insomnia but specifies psychophysiologic, which may not encompass all mental disorder causes."
3300,E7525,1,"Metachromatic leukodystrophy is a specific type of leukodystrophy, making it the closest match."
3300,E7523,2,"Krabbe disease is another specific type of leukodystrophy, though less directly related than metachromatic leukodystrophy."
3300,E7529,3,Other sphingolipidosis may include leukodystrophies but is more general and less specific than the first two.
3301,E7502,1,"Tay-Sachs disease is a specific type of cerebral lipidoses, directly related in terms of condition."
3301,E7519,2,"Other gangliosidosis refers to a broader category of disorders related to lipid metabolism in the brain, which includes cerebral lipidoses."
3301,E754,3,"Neuronal ceroid lipofuscinosis is another form of lipidosis affecting the nervous system, but it is less specific to the term cerebral lipidoses compared to the others."
3308,G3181,1,"Alpers disease is a specific type of cerebral degeneration that can occur in childhood, aligning closely with the description of 'other specified cerebral degenerations in childhood'."
3308,G3182,2,"Leigh's disease is another form of cerebral degeneration that affects children, making it a relevant but slightly less specific match compared to Alpers disease."
3308,F842,3,"Rett's syndrome is a specific neurodevelopmental disorder that occurs primarily in females and involves degeneration, but it does not directly correspond to 'other specified cerebral degenerations' as it has distinct features and is not classified under the same category of general cerebral degeneration."
3321,G2119,1,"This code refers to other drug-induced secondary parkinsonism, which directly aligns with the concept of secondary parkinsonism."
3321,G2111,2,"This code specifies neuroleptic induced parkinsonism, a type of secondary parkinsonism, making it relevant but more specific than the general category."
3321,G218,3,"This code covers other types of secondary parkinsonism, which is relevant but less specific than the drug-induced categories."
3330,G238,1,"This code specifically refers to other specified degenerative diseases of the basal ganglia, aligning closely with the ICD-9 description."
3330,G230,2,"Hallervorden-Spatz disease is a specific type of degenerative disease of the basal ganglia, which makes it relevant, but less general than G238."
3330,G231,3,"Progressive supranuclear ophthalmoplegia is a degenerative disease affecting the basal ganglia, but it is a more specific condition compared to the broader category in the ICD-9 description."
3330,G232,4,"Striatonigral degeneration is another specific condition related to the basal ganglia, but it is less aligned with the general description of 'other degenerative diseases' than the previous codes."
3331,G250,1,"synonymous with 'Essential tremor', matches the primary form of tremor described."
3331,G252,2,"matches 'Other specified forms of tremor', capturing the broader category."
3331,G251,3,no_good_match
3335,G255,1,"directly corresponds to 'Other chorea', which is a synonym for 'Other choreas'."
3335,G254,2,"specific to drug-induced chorea, which is not a match for the broader category of 'Other choreas'."
33399,G2589,1,"This code specifically refers to other specified extrapyramidal and movement disorders, which aligns closely with the ICD-9 description of 'Other extrapyramidal diseases and abnormal movement disorders'."
33399,G259,2,"This code is more general, referring to extrapyramidal and movement disorders unspecified. While related, it lacks the specificity of the first candidate."
3342,G112,1,"Directly relates to cerebellar ataxia, which is a symptom of primary cerebellar degeneration, and specifies late-onset."
3342,G110,2,"While related to ataxia, it specifies congenital nonprogressive ataxia, which does not align with the primary degenerative nature of the original diagnosis."
3348,G118,1,"Other hereditary ataxias are a broader category that includes various types of spinocerebellar diseases, aligning well with the ICD-9 description."
3348,G113,2,Cerebellar ataxia with defective DNA repair is more specific and does not encompass the broader category of 'other spinocerebellar diseases'.
33510,G129,1,"Exact match to the description 'Spinal muscular atrophy, unspecified'."
33510,G1225,2,"Related condition (Progressive spinal muscle atrophy) but specifies a subtype, making it less appropriate than the exact match."
33529,G1229,1,exact match in description to ICD-9 code
33529,G1224,2,specific type of motor neuron disease but not the same as 'other motor neuron disease'
33912,G44229,1,"This code specifically denotes a chronic tension-type headache that is not intractable, aligning closely with the ICD-9 description."
33912,G44221,2,"This code indicates a chronic tension-type headache that is intractable, which is a more specific condition but still related to the original diagnosis."
3411,G375,1,"Concentric sclerosis [Balo] of central nervous system is a specific type of sclerosis that is closely related to Schilder's disease, which is characterized by similar demyelinating features."
3411,G370,2,Diffuse sclerosis of central nervous system describes a broader category of sclerosis that may encompass Schilder's disease but lacks the specificity related to the type of sclerosis.
3418,G378,1,"This code directly corresponds to 'Other specified demyelinating diseases of central nervous system', matching the general category of the ICD-9 description."
3418,G371,2,"This code is more specific to the corpus callosum, which is a part of the central nervous system, but it is a specific condition rather than a general category."
3418,G372,3,"This code refers to central pontine myelinolysis, a specific type of demyelination, which does not encompass the broader category of 'other demyelinating diseases'."
34201,G8101,1,directly matches the description with specific laterality (right dominant side)
34201,G8102,2,matches the condition of flaccid hemiplegia but affects the opposite side (left dominant side)
34202,G8104,1,"Matches the condition of flaccid hemiplegia and specifically affects the left nondominant side, which is the correct laterality."
34202,G8103,2,"Matches the condition of flaccid hemiplegia but affects the right nondominant side, which is not semantically aligned with the description of the ICD-9 code."
34211,G8111,1,Directly matches the description of spastic hemiplegia affecting the dominant side (right).
34211,G8112,2,"Describes spastic hemiplegia but affects the left dominant side, which is not the dominant side as per the ICD-9 description."
34212,G8114,1,"Directly matches the description of spastic hemiplegia affecting the nondominant side, as the left side is typically considered the nondominant side for right-handed individuals."
34212,G8113,2,"While it describes spastic hemiplegia, it specifies the right side, which does not match the nondominant side in the context of the given ICD-9 description."
34281,G8191,1,"Directly matches the description of hemiplegia affecting the dominant side, specifying the right side."
34281,G8192,2,"Describes hemiplegia affecting the dominant side but specifies the left side instead of the right side, making it less relevant."
34282,G8194,1,"Directly corresponds to hemiplegia affecting the left nondominant side, matching the specification of the ICD-9 description."
34282,G8193,2,"Corresponds to hemiplegia affecting the right nondominant side; while it matches the general category, it does not align with the left side specification in the ICD-9 description."
34291,G8191,1,specificity regarding right dominant side matches the description of affecting dominant side
34291,G8192,2,specificity regarding left dominant side matches the description of affecting dominant side
34292,G8193,1,"Directly corresponds to hemiplegia affecting the right nondominant side, which is a specific lateralization of the unspecified hemiplegia."
34292,G8194,2,"Directly corresponds to hemiplegia affecting the left nondominant side, which is another specific lateralization of the unspecified hemiplegia."
34431,G8311,1,"Directly matches the description of monoplegia of lower limb affecting the dominant side, specifying the right side."
34431,G8312,2,"Matches the general description of monoplegia of lower limb affecting the dominant side, but specifies the left side, which is not indicated in the ICD-9 code."
34432,G8314,1,"Direct match for monoplegia of lower limb affecting nondominant side, specifying left side."
34432,G8313,2,"Related to monoplegia of lower limb affecting nondominant side, but specifies right side, which is less relevant."
34441,G8321,1,"Directly corresponds to the monoplegia of the upper limb affecting the dominant side, specifying right side."
34441,G8322,2,"Also corresponds to monoplegia of the upper limb affecting the dominant side, but specifies left side, which is less relevant."
34442,G8324,1,Directly matches the description of monoplegia of the upper limb affecting the left nondominant side.
34442,G8323,2,"Refers to monoplegia of the upper limb but affects the right nondominant side, which is not applicable."
34489,G8389,1,"This code directly corresponds to 'Other specified paralytic syndromes', making it the most specific match."
34489,G8381,2,"Brown-Sequard syndrome is a specific type of paralysis, but it does not encompass all other specified paralytic syndromes."
34489,G8384,3,"Todd's paralysis is a specific type of paralysis related to post-epileptic events, which does not match the broader category of 'Other specified paralytic syndrome'."
34500,G40A09,1,"This code describes absence epileptic syndrome, which is a type of generalized nonconvulsive epilepsy, and specifies it is not intractable, aligning closely with the ICD-9 description."
34500,G40A01,2,"While this code refers to absence epileptic syndrome, it includes status epilepticus, which is not mentioned in the ICD-9 description, making it a less accurate match."
34501,G40A19,1,"Absence epileptic syndrome, intractable, without status epilepticus is the most similar to generalized nonconvulsive epilepsy as it indicates a nonconvulsive type of epilepsy that is intractable."
34501,G40A11,2,"Absence epileptic syndrome, intractable, with status epilepticus is less relevant because it specifies status epilepticus, which is not indicated in the ICD-9 description."
34510,G40309,1,"This code directly corresponds to generalized idiopathic epilepsy, which matches the generalized nature of the condition described in the ICD-9 code."
34510,G40409,2,"This code represents other generalized epilepsy and is not intractable or having status epilepticus, making it a good match, though not as specific as G40309."
34510,G40401,3,"While this code represents other generalized epilepsy, it specifies the presence of status epilepticus, which is not mentioned in the ICD-9 description, making it less suitable."
34511,G40311,1,"Directly correlates to generalized idiopathic epilepsy, intractable, which is a specific type of generalized convulsive epilepsy."
34511,G40411,2,"Refers to other generalized epilepsy, intractable, which includes generalized convulsive epilepsy but specifies status epilepticus."
34511,G40419,3,"Also refers to other generalized epilepsy, intractable, but without the status epilepticus specification, making it less directly related."
3452,G40A09,1,Directly corresponds to 'petit mal status' as it describes absence epileptic syndrome without status epilepticus.
3452,G40A01,2,"Related to 'petit mal status' but indicates status epilepticus, which is not applicable here."
3452,G40A19,3,"Related to 'petit mal status' but describes intractable absence epileptic syndrome without status epilepticus, which makes it less specific."
3452,G40A11,4,"Related to 'petit mal status' but describes intractable absence epileptic syndrome with status epilepticus, which is not applicable here."
34540,G40209,1,"This code closely matches the ICD-9 description, specifying localization-related (focal) epilepsy with complex partial seizures and indicating it is not intractable, with the absence of status epilepticus which aligns with the 'without mention' in the ICD-9."
34540,G40201,2,"While this code also describes localization-related (focal) epilepsy with complex partial seizures and is not intractable, it includes status epilepticus, which is not mentioned in the ICD-9 description, making it a less accurate match."
34541,G40219,1,"This code matches the description of localization-related epilepsy with complex partial seizures and intractable epilepsy, without the additional detail of status epilepticus."
34541,G40211,2,"This code also matches the description but includes the additional detail of status epilepticus, which is not specified in the ICD-9 code."
34550,G40109,1,Exact match in terminology and specificity; describes the same condition without status epilepticus.
34550,G40101,2,"Similar condition but includes status epilepticus, which is not mentioned in the ICD-9 description; therefore, less specific."
34551,G40119,1,"This code accurately captures localization-related (focal) epilepsy with simple partial seizures, intractable, without the additional condition of status epilepticus, aligning closely with the ICD-9 description."
34551,G40111,2,"This code describes a similar condition but includes status epilepticus, which is not mentioned in the ICD-9 description. Therefore, it is less specific than G40119."
34561,G40824,1,"This code describes intractable epileptic spasms without the complication of status epilepticus, closely aligning with the diagnosis of infantile spasms with intractable epilepsy."
34561,G40823,2,"While this code also refers to intractable epileptic spasms, it includes status epilepticus, which is not specified in the ICD-9 description."
34570,G40109,1,Directly corresponds to partial seizures without intractability or status epilepticus.
34570,G40101,2,"Related to partial seizures but specifies status epilepticus, which is not mentioned in the ICD-9 description."
34571,G40111,1,"This code specifies intractable epilepsy with simple partial seizures and includes the aspect of status epilepticus, aligning closely with the intractable nature of the original diagnosis."
34571,G40119,2,"This code also addresses intractable epilepsy with simple partial seizures but does not include status epilepticus. While it is still relevant, it is less specific than G40111."
34580,G40802,1,This code captures 'Other epilepsy' which directly corresponds to 'Other forms of epilepsy' in the ICD-9 description.
34580,G40109,2,"This code refers to 'Localization-related symptomatic epilepsy with simple partial seizures', which is a specific type of epilepsy and aligns with the general category of 'other forms of epilepsy'."
34580,G40101,3,"This code also refers to a specific form of epilepsy (focal symptomatic epilepsy) but includes status epilepticus, which is not mentioned in the ICD-9 description."
34580,G40509,4,"This code refers to 'Epileptic seizures related to external causes, not intractable, without status epilepticus', which while related to seizures, does not directly match the 'other forms of epilepsy' description."
34580,G40501,5,"Similar to G40509, this code relates to seizures due to external causes but includes status epilepticus, which is not relevant to the ICD-9 description."
34581,G40804,1,Directly matches 'other forms of epilepsy' and specifies intractable.
34581,G40111,2,Matches 'intractable epilepsy' and specifies a form of localization-related epilepsy with additional detail.
34581,G40119,3,"Matches 'intractable epilepsy' but specifies without status epilepticus, which is less specific to the ICD-9 description."
34590,G40909,1,"This code directly corresponds to 'Epilepsy, unspecified, not intractable, without status epilepticus', matching the ICD-9 description closely in terms of specificity and context."
34590,G40901,2,"While this code refers to 'Epilepsy, unspecified, not intractable, with status epilepticus', it includes a condition (status epilepticus) that is not mentioned in the ICD-9 description, making it a less suitable match."
34591,G40919,1,"This code describes unspecified intractable epilepsy without status epilepticus, closely matching the ICD-9 description."
34591,G40911,2,"This code describes unspecified intractable epilepsy with status epilepticus, which is a specific condition that is not mentioned in the ICD-9 description."
34620,G43809,1,Directly correlates with 'variants of migraine' and specifies 'not intractable' without status migrainosus.
34620,G43C0,2,"Relates to headache syndromes which can be seen as variants of migraine, though broader than the original description."
34620,G43B0,3,"Specifically refers to a type of migraine (ophthalmoplegic), which is a variant but more specific in nature."
34620,G43D0,4,"Refers to abdominal migraine, a specific variant but may not align perfectly with the general category of migraine variants."
34620,G43A0,5,Cyclical vomiting is not directly related to migraine variants; it pertains to a different condition.
34621,G43819,1,"Directly corresponds to intractable migraine, similar to the ICD-9 description."
34621,G43B1,2,"Ophthalmoplegic migraine is a variant of migraine, albeit more specific than the general variant mentioned."
34621,G43C1,3,"Periodic headache syndromes can be considered a variant of migraine; however, it's broader and less specific."
34621,G43D1,4,"Abdominal migraine is a recognized variant of migraine, but it is specifically focused on abdominal symptoms."
34621,G43A1,5,Cyclical vomiting is related to migraines but does not directly correspond to the migraine variant described.
34839,G9349,1,exact match in meaning as it describes 'Other encephalopathy'.
34839,I6783,2,"specific type of encephalopathy, but not a direct match as it refers to a syndrome."
3492,G9619,1,"Directly corresponds to 'Other disorders of meninges, not elsewhere classified', matching the specificity and classification of the ICD-9 code."
3492,G9612,2,"Describes a specific type of meningeal disorder (adhesions), which does not directly match the general classification of the ICD-9 code."
34989,G968,1,"This code specifically addresses disorders of the central nervous system, which aligns with the category of 'other specified disorders' in the nervous system."
34989,G988,2,"While this code covers 'other disorders of nervous system', it is less specific than G968, making it a less optimal match."
3518,G518,1,"This code directly corresponds to 'Other disorders of facial nerve,' which matches the general category of the ICD-9 description."
3518,G514,2,"Facial myokymia is a specific disorder of the facial nerve, making it relevant but not as broad as 'Other disorders of facial nerve.'"
3518,G512,3,Melkersson's syndrome is a specific condition that may involve facial nerve issues but is not a general descriptor like 'Other facial nerve disorders.'
3536,G546,1,"This code specifies 'Phantom limb syndrome with pain', which directly relates to the ICD-9 description of 'Phantom limb (syndrome)' by adding specificity regarding the presence of pain."
3536,G547,2,"This code specifies 'Phantom limb syndrome without pain', which also relates to the ICD-9 description but lacks the specificity regarding pain, making it less preferable than G546."
3572,E0842,1,Directly indicates diabetic polyneuropathy as a complication of diabetes due to an underlying condition.
3572,E0942,2,"Includes diabetic polyneuropathy as a complication of drug or chemical induced diabetes, closely related to the original condition."
3572,E1042,3,"Specifies Type 1 diabetes with diabetic polyneuropathy, directly related to the original diagnosis."
3572,E1142,4,"Specifies Type 2 diabetes with diabetic polyneuropathy, also directly related to the original diagnosis."
3572,E1342,5,"Specifies other types of diabetes with diabetic polyneuropathy, still related to the original condition but less specific."
35789,G6189,1,"This code refers to other inflammatory polyneuropathies, which aligns closely with the description of inflammatory neuropathy in the ICD-9 code."
35789,G6182,2,"This code specifies multifocal motor neuropathy, which is a subtype and does not encompass all inflammatory neuropathies, making it less suitable."
3588,G7089,1,exact match in description and category as 'Other specified myoneural disorders'
3588,G702,2,"related condition (myasthenia) but is more specific and limited to congenital and developmental cases, not a direct match"
36119,H33199,1,Directly matches the description of 'Other retinoschisis and retinal cysts' and maintains specificity.
36119,H33119,2,Related to cysts in the eye but is less specific as it only refers to cysts of the ora serrata.
36202,E113593,1,Bilateral involvement is the most comprehensive and specific match to 'proliferative diabetic retinopathy'.
36202,E113591,2,"Specific to the right eye, this code is a good match as it retains the condition's specificity."
36202,E113592,3,"Specific to the left eye, this code is also a good match as it retains the condition's specificity."
36202,E113599,4,"While it indicates 'unspecified eye', it still relates directly to proliferative diabetic retinopathy but lacks the specificity of laterality."
36203,E113299,1,"This code represents nonproliferative diabetic retinopathy without specifying laterality, making it the best match for the nonspecific nature of 'NOS'."
36203,E113293,2,"This code indicates bilateral nonproliferative diabetic retinopathy, which is a specific case that could fall under 'NOS', but is more specific than unspecified."
36203,E113291,3,"This code specifies mild nonproliferative diabetic retinopathy in the right eye, which is a more specific match but does not encompass the 'NOS' nature."
36203,E113292,4,"This code specifies mild nonproliferative diabetic retinopathy in the left eye, similar to E113291, and is also more specific than 'NOS'."
36204,E113293,1,bilateral condition matches the description of mild nonproliferative diabetic retinopathy without specifying a single eye
36204,E113291,2,"specifies mild nonproliferative diabetic retinopathy in the right eye, directly relates to the condition"
36204,E113292,3,"specifies mild nonproliferative diabetic retinopathy in the left eye, directly relates to the condition"
36204,E113299,4,"describes the condition without specifying the eye, making it a good match but less specific than bilateral or specific eye codes"
36205,E113393,1,bilateral condition matches the nonproliferative diabetic retinopathy description without specifying laterality.
36205,E113391,2,"right eye matches the description, specifying laterality as right."
36205,E113392,3,"left eye matches the description, specifying laterality as left."
36205,E113399,4,unspecified eye is a valid match but less specific than the others.
36206,E113493,1,Bilateral involvement is the most comprehensive and specific match to 'severe nonproliferative diabetic retinopathy'.
36206,E113491,2,"Specific to the right eye, a valid match for severe nonproliferative diabetic retinopathy."
36206,E113492,3,"Specific to the left eye, a valid match for severe nonproliferative diabetic retinopathy."
36206,E113499,4,Unspecified eye is less specific but still matches the description of severe nonproliferative diabetic retinopathy.
36235,H348110,1,Direct match to central retinal vein occlusion in the right eye with additional detail on macular edema.
36235,H348111,2,Direct match to central retinal vein occlusion in the right eye with additional detail on retinal neovascularization.
36235,H348112,3,"Direct match to central retinal vein occlusion in the right eye, noted as stable."
36235,H348120,4,Direct match to central retinal vein occlusion in the left eye with additional detail on macular edema.
36235,H348121,5,Direct match to central retinal vein occlusion in the left eye with additional detail on retinal neovascularization.
36235,H348122,6,"Direct match to central retinal vein occlusion in the left eye, noted as stable."
36235,H348130,7,Direct match to bilateral central retinal vein occlusion with additional detail on macular edema.
36235,H348131,8,Direct match to bilateral central retinal vein occlusion with additional detail on retinal neovascularization.
36235,H348132,9,"Direct match to bilateral central retinal vein occlusion, noted as stable."
36235,H348190,10,"Direct match to central retinal vein occlusion, unspecified eye with additional detail on macular edema."
36235,H348191,11,"Direct match to central retinal vein occlusion, unspecified eye with additional detail on retinal neovascularization."
36235,H348192,12,"Direct match to central retinal vein occlusion, unspecified eye, noted as stable."
36236,H348310,1,Best match for right eye occlusion with specific condition (macular edema).
36236,H348311,2,Specific condition for right eye occlusion (retinal neovascularization).
36236,H348312,3,"Specific for right eye occlusion but stable, still a relevant match."
36236,H348320,4,"Left eye occlusion with specific condition (macular edema), relevant but less so than right."
36236,H348321,5,"Left eye occlusion with retinal neovascularization, relevant but less than right."
36236,H348322,6,"Left eye occlusion, stable, still relevant but less specificity."
36236,H348330,7,"Bilateral occlusion with macular edema, more general but still relevant."
36236,H348331,8,"Bilateral occlusion with retinal neovascularization, relevant but more general."
36236,H348332,9,"Bilateral occlusion, stable, still relevant but less specific."
36236,H348390,10,"Unspecified eye occlusion with macular edema, least specific."
36236,H348391,11,"Unspecified eye occlusion with retinal neovascularization, least specific."
36236,H348392,12,"Unspecified eye occlusion, stable, least relevant."
36252,H353230,1,Bilateral involvement matches the unspecified nature of the ICD-9 description.
36252,H353290,2,Unspecified eye aligns with the general description of the condition without laterality.
36252,H353210,3,"Right eye, stage unspecified is a direct match to the ICD-9 description."
36252,H353220,4,"Left eye, stage unspecified is relevant and matches the general condition."
36252,H353230,5,Bilateral involvement aligns with the unspecified nature of the condition.
36252,H353211,6,Right eye with active choroidal neovascularization is specific but adds detail not present in the ICD-9 description.
36252,H353221,7,Left eye with active choroidal neovascularization is specific but adds detail not present in the ICD-9 description.
36252,H353212,8,Right eye with inactive choroidal neovascularization is specific but adds detail not present in the ICD-9 description.
36252,H353222,9,Left eye with inactive choroidal neovascularization is specific but adds detail not present in the ICD-9 description.
36252,H353213,10,Right eye with inactive scar is too specific compared to the ICD-9 description.
36252,H353223,11,Left eye with inactive scar is too specific compared to the ICD-9 description.
36252,H353231,12,Bilateral with active choroidal neovascularization adds detail not present in the ICD-9 description.
36252,H353232,13,Bilateral with inactive choroidal neovascularization adds detail not present in the ICD-9 description.
36252,H353233,14,Bilateral with inactive scar adds detail not present in the ICD-9 description.
36252,H353291,15,Unspecified eye with active choroidal neovascularization adds detail not present in the ICD-9 description.
36252,H353292,16,Unspecified eye with inactive choroidal neovascularization adds detail not present in the ICD-9 description.
36252,H353293,17,Unspecified eye with inactive scar adds detail not present in the ICD-9 description.
36510,H4010X0,1,Exact match in terms of unspecified nature and open-angle glaucoma.
36510,H4010X1,2,"Related to unspecified open-angle glaucoma, but specifies mild stage."
36510,H4010X2,3,"Related to unspecified open-angle glaucoma, but specifies moderate stage."
36510,H4010X3,4,"Related to unspecified open-angle glaucoma, but specifies severe stage."
36510,H4010X4,5,"Related to unspecified open-angle glaucoma, but specifies indeterminate stage."
36511,H401130,1,Bilateral glaucoma matches 'primary open angle glaucoma' without specifying laterality.
36511,H401190,2,Unspecified eye glaucoma matches 'primary open angle glaucoma' without specifying laterality.
36511,H401110,3,Right eye glaucoma matches 'primary open angle glaucoma' with specific laterality.
36511,H401120,4,Left eye glaucoma matches 'primary open angle glaucoma' with specific laterality.
36511,H401111,5,Right eye mild stage glaucoma is a specific condition of primary open-angle glaucoma.
36511,H401121,6,Left eye mild stage glaucoma is a specific condition of primary open-angle glaucoma.
36511,H401112,7,Right eye moderate stage glaucoma is a specific condition of primary open-angle glaucoma.
36511,H401122,8,Left eye moderate stage glaucoma is a specific condition of primary open-angle glaucoma.
36511,H401113,9,Right eye severe stage glaucoma is a specific condition of primary open-angle glaucoma.
36511,H401123,10,Left eye severe stage glaucoma is a specific condition of primary open-angle glaucoma.
36511,H401114,11,Right eye indeterminate stage glaucoma is a specific condition of primary open-angle glaucoma.
36511,H401124,12,Left eye indeterminate stage glaucoma is a specific condition of primary open-angle glaucoma.
36511,H401131,13,Bilateral mild stage glaucoma is a specific condition of primary open-angle glaucoma.
36511,H401132,14,Bilateral moderate stage glaucoma is a specific condition of primary open-angle glaucoma.
36511,H401133,15,Bilateral severe stage glaucoma is a specific condition of primary open-angle glaucoma.
36511,H401134,16,Bilateral indeterminate stage glaucoma is a specific condition of primary open-angle glaucoma.
36511,H401191,17,Unspecified eye mild stage glaucoma is a specific condition of primary open-angle glaucoma.
36511,H401192,18,Unspecified eye moderate stage glaucoma is a specific condition of primary open-angle glaucoma.
36511,H401193,19,Unspecified eye severe stage glaucoma is a specific condition of primary open-angle glaucoma.
36511,H401194,20,Unspecified eye indeterminate stage glaucoma is a specific condition of primary open-angle glaucoma.
36520,H4020X0,1,Exact match in terms of being unspecified and stage unspecified.
36520,H4020X1,2,Related to primary angle-closure glaucoma but specifies a mild stage.
36520,H4020X2,3,Related to primary angle-closure glaucoma but specifies a moderate stage.
36520,H4020X3,4,Related to primary angle-closure glaucoma but specifies a severe stage.
36520,H4020X4,5,Related to primary angle-closure glaucoma but specifies an indeterminate stage.
36641,E0836,1,"Directly relates to diabetic cataract due to underlying condition, maintaining the connection to diabetes."
36641,E1036,2,"Refers to Type 1 diabetes with diabetic cataract, closely related to the original diagnosis."
36641,E1136,3,"Refers to Type 2 diabetes with diabetic cataract, also relevant to the original diagnosis."
36641,E1336,4,"Relates to other specified diabetes with diabetic cataract, maintaining the connection to diabetes."
36641,E0936,5,"While it mentions diabetic cataract, it is less directly related as it involves drug or chemical induced diabetes."
36816,H5316,1,exact match in description
36816,R483,2,related condition but not a direct match
36903,H540X45,1,The candidate describes blindness in both eyes with specific categories that align with the impairment levels described in the ICD-9 code.
36903,H540X54,2,"The candidate also describes blindness in both eyes but with the categories reversed, which still relates closely to the impairment levels in the ICD-9 code."
36920,H542X11,1,no_good_match
36920,H542X12,2,no_good_match
36920,H542X21,3,no_good_match
36920,H542X22,4,no_good_match
36924,H542X12,1,The description matches the moderate vision impairment in the better eye and severe vision impairment in the lesser eye.
36924,H542X21,2,"The description matches the severe vision impairment in the better eye and moderate vision impairment in the lesser eye, but reverses the categories."
36969,H54413A,1,"Describes blindness in the right eye with normal vision in the left eye, which aligns with the concept of profound vision impairment in one eye and normal vision in the other."
36969,H5442A3,2,"Describes blindness in the left eye with normal vision in the right eye, which is relevant but does not match the specific laterality of the original description."
36973,H54512A,1,Directly matches the description of severe vision impairment in one eye (right) and normal vision in the other (left).
36973,H5452A2,2,"Matches the description of severe vision impairment in one eye (left) and normal vision in the other (right), but is the opposite eye of the first rank."
36973,H5450,3,Describes low vision in one eye but does not specify which eye has the impairment and does not match the severity specified in the ICD-9 code.
37801,H50011,1,Exact match for monocular esotropia in the right eye.
37801,H50012,2,"Exact match for monocular esotropia in the left eye, but not the same laterality as the original code."
37811,H50111,1,"Specific to monocular exotropia of the right eye, matching the diagnosis."
37811,H50112,2,"Specific to monocular exotropia of the left eye, matching the diagnosis."
37831,H5021,1,Specific type of strabismus (hypertropia) affecting the right eye.
37831,H5022,2,Specific type of strabismus (hypertropia) affecting the left eye.
37832,H5021,1,"Vertical strabismus, right eye is a specific type of strabismus related to hypotropia."
37832,H5022,2,"Vertical strabismus, left eye is also a specific type of strabismus related to hypotropia."
37871,H50811,1,Direct match for Duane's syndrome with specific laterality (right eye).
37871,H50812,2,Direct match for Duane's syndrome with specific laterality (left eye).
37900,H15009,1,"Direct match in terminology and specificity for 'scleritis, unspecified'."
37900,H15109,2,"Related condition (episcleritis) but not a direct match for scleritis; therefore, less specific."
38010,H60399,1,"Other infective otitis externa, unspecified ear is a direct match to infective otitis externa, unspecified."
38010,H60319,2,"Diffuse otitis externa, unspecified ear is a type of otitis externa and closely relates to the infective nature."
38010,H60329,3,"Hemorrhagic otitis externa, unspecified ear is related to otitis externa but specifies a type of condition."
38010,H6000,4,"Abscess of external ear, unspecified ear is related but does not directly indicate otitis externa."
38010,H6010,5,"Cellulitis of external ear, unspecified ear is related but is a different type of condition than otitis externa."
38022,H60599,1,"This code specifies 'Other noninfective acute otitis externa', which aligns closely with the ICD-9 description of 'Other acute otitis externa'."
38022,H60509,2,"This code describes 'Unspecified acute noninfective otitis externa', which is a general match to the ICD-9 code but less specific than H60599."
38022,H60519,3,"This code refers to 'Acute actinic otitis externa', which is a specific type of otitis externa but does not match the 'other' category."
38022,H60529,4,"This code describes 'Acute chemical otitis externa', which is a specific type of otitis externa but does not match the 'other' category."
38022,H60539,5,"This code refers to 'Acute contact otitis externa', which is a specific type of otitis externa but does not match the 'other' category."
38022,H60549,6,"This code describes 'Acute eczematoid otitis externa', which is a specific type of otitis externa but does not match the 'other' category."
38022,H60559,7,"This code refers to 'Acute reactive otitis externa', which is a specific type of otitis externa but does not match the 'other' category."
38023,H6060,1,Directly corresponds to chronic otitis externa without specification of ear.
38023,H6090,2,"Unspecified otitis externa, which is a broader category but still relevant."
38023,H608X1,3,"Specifically relates to the right ear, which does not match the 'other' aspect of the ICD-9 description."
3868,H838X9,1,"closely related to inner ear disorders, matching the description of 'Other disorders of labyrinth'"
3868,H818X9,2,"related to vestibular function disorders, which can be associated with labyrinth issues"
3868,H829,3,"pertains to vertiginous syndromes, but less directly related to labyrinth disorders"
3869,H8193,1,"The code refers specifically to a disorder of vestibular function, which aligns closely with vertiginous syndromes."
3869,H8393,2,"While it refers to a disease of the inner ear, it is more general and less specific to vertiginous syndromes compared to H8193."
38840,H93299,1,"Directly addresses 'abnormal auditory perceptions' with a broader classification, maintaining the unspecified aspect."
38840,H93249,2,Refers to a specific condition of auditory threshold shift but does not encompass the broader category of abnormal auditory perception.
38905,H9011,1,Directly corresponds to unilateral conductive hearing loss in the right ear.
38905,H9012,2,Directly corresponds to unilateral conductive hearing loss in the left ear.
38913,H9041,1,Direct match for unilateral neural hearing loss in the right ear.
38913,H9042,2,Direct match for unilateral neural hearing loss in the left ear.
38915,H9041,1,Direct match for unilateral sensorineural hearing loss in the right ear.
38915,H9042,2,Direct match for unilateral sensorineural hearing loss in the left ear.
38917,H9041,1,Directly corresponds to unilateral sensory hearing loss in the right ear.
38917,H9042,2,Directly corresponds to unilateral sensory hearing loss in the left ear.
38921,H9071,1,Direct match for unilateral mixed hearing loss specifically in the right ear.
38921,H9072,2,Direct match for unilateral mixed hearing loss specifically in the left ear.
3959,I069,1,"This code specifies 'rheumatic aortic valve disease, unspecified', which closely aligns with the ICD-9 description of 'other and unspecified rheumatic aortic diseases' as it captures the unspecified nature."
3959,I068,2,"This code refers to 'other rheumatic aortic valve diseases', which is related but more specific than the ICD-9 description, as it does not capture the unspecified aspect."
3970,I078,1,"Other rheumatic tricuspid valve diseases encompasses a broader range of tricuspid valve diseases, aligning well with the general category of diseases of the tricuspid valve."
3970,I071,2,"Rheumatic tricuspid insufficiency is a specific type of tricuspid valve disease, directly related to the tricuspid valve but limited to insufficiency."
3970,I072,3,"Rheumatic tricuspid stenosis and insufficiency is a specific condition related to the tricuspid valve but includes stenosis, which is a more specific issue than the broader category of diseases of the tricuspid valve."
4019,I10,1,"This code directly corresponds to 'Essential (primary) hypertension', which is synonymous with 'unspecified essential hypertension'."
4019,I169,2,"This code refers to a hypertensive crisis, which is a different clinical condition and not a direct match for unspecified essential hypertension."
41090,I219,1,"Directly corresponds to acute myocardial infarction of unspecified site, matching the description of the ICD-9 code."
41090,I213,2,"Refers to ST elevation myocardial infarction, which is a specific type of myocardial infarction, but still relates to acute myocardial infarction of unspecified site."
41090,I21A9,3,"Covers other types of myocardial infarction, which could include unspecified cases, but lacks specificity to the description of the ICD-9 code."
41090,I21A1,4,"Refers to myocardial infarction type 2, which is a different classification and does not align closely with the unspecified acute myocardial infarction."
41091,I219,1,"Directly corresponds to 'Acute myocardial infarction, unspecified', matching the ICD-9 description closely."
41091,I213,2,"Refers to a specific type of myocardial infarction (STEMI) but still classified as 'unspecified site', making it relevant."
41091,I21A9,3,"Represents 'Other myocardial infarction type', which can be considered a broader category and somewhat related."
41091,I21A1,4,"Refers to myocardial infarction type 2, which is not directly aligned with the unspecified nature of the ICD-9 code."
41092,I219,1,Direct match in description; both refer to acute myocardial infarction of unspecified site.
41092,I213,2,Specific type of myocardial infarction (ST elevation) but still refers to unspecified site.
41092,I21A9,3,"Refers to other types of myocardial infarction, somewhat related but less specific."
41092,I21A1,4,"Refers to myocardial infarction type 2, which is a different classification and not a direct match."
4139,I208,1,Other forms of angina pectoris is a specific match for 'Other and unspecified angina pectoris'.
4139,I209,2,"Angina pectoris, unspecified closely relates to unspecified cases of angina pectoris."
4148,I2589,1,"Directly corresponds to 'Other forms of chronic ischemic heart disease,' matching the specificity of the ICD-9 description."
4148,I259,2,"Refers to 'Chronic ischemic heart disease, unspecified,' which is a broader category but still relevant to chronic ischemic heart disease."
4148,I255,3,"Describes 'Ischemic cardiomyopathy,' which is a specific condition under ischemic heart disease but not a direct match for 'other specified forms.'"
4168,I2789,1,"Directly corresponds to 'Other specified pulmonary heart diseases', which is a broader category that includes chronic pulmonary heart diseases."
4168,I2720,2,"Pulmonary hypertension, unspecified, relates to chronic pulmonary heart disease as it can be a part of the condition."
4168,I2729,3,Other secondary pulmonary hypertension can encompass chronic pulmonary heart disease as it indicates a variety of underlying causes.
4168,I2721,4,Secondary pulmonary arterial hypertension is a type of pulmonary hypertension that can arise from chronic pulmonary heart diseases.
4168,I2723,5,Pulmonary hypertension due to lung diseases and hypoxia is relevant as chronic pulmonary heart disease can stem from lung issues.
4168,I2722,6,Pulmonary hypertension due to left heart disease relates but is more specific to left heart issues rather than chronic pulmonary heart diseases.
4168,I2724,7,Chronic thromboembolic pulmonary hypertension is a specific condition and may not fully represent the broader category of chronic pulmonary heart diseases.
4169,I279,1,"Directly matches 'pulmonary heart disease, unspecified', aligning closely with the ICD-9 description."
4169,I2781,2,"Refers to chronic cor pulmonale, which is a specific type of pulmonary heart disease but not the same as unspecified."
42291,I401,1,"Isolated myocarditis is a more specific term that can be seen as a synonym for idiopathic myocarditis, as both imply inflammation of the myocardium without a known cause."
42291,I400,2,"Infective myocarditis refers to myocarditis caused by an infection, which is different from idiopathic myocarditis, hence a less appropriate match."
4240,I340,1,Directly describes a specific type of mitral valve disorder (insufficiency) related to the broader category of mitral valve disorders.
4240,I348,2,"Describes other mitral valve disorders, which are also related but less specific than I340."
4241,I358,1,"Other nonrheumatic aortic valve disorders is a broad category that encompasses various aortic valve disorders, aligning well with the general term 'aortic valve disorders'."
4241,I359,2,"Nonrheumatic aortic valve disorder, unspecified captures aortic valve disorders without specifying the type, making it relevant to the general description."
4241,I350,3,"Nonrheumatic aortic stenosis is a specific type of aortic valve disorder, making it relevant but not as broadly applicable as I358 or I359."
4241,I351,4,"Nonrheumatic aortic insufficiency is another specific type of aortic valve disorder, but it does not encompass all aortic valve disorders."
4241,I352,5,"Nonrheumatic aortic stenosis with insufficiency is a specific condition that combines two types of valve disorders, making it the least broadly applicable match."
4242,I360,1,"This code specifically refers to nonrheumatic tricuspid valve stenosis, which is a specific type of nonrheumatic tricuspid valve disorder."
4242,I368,2,"This code covers other types of nonrheumatic tricuspid valve disorders, making it less specific than I360 but still relevant."
4243,I378,1,"This code covers a broader category of pulmonary valve disorders, making it more inclusive and relevant to the ICD-9 description."
4243,I370,2,"This code specifies a particular condition (pulmonary valve stenosis), which is a type of pulmonary valve disorder, but is less comprehensive than I378."
4254,I428,1,"direct match for 'other cardiomyopathies', maintaining the broader category."
4254,I425,2,specific type of cardiomyopathy but does not encompass the 'other' category as well as I428.
4262,I444,1,"Left anterior fascicular block is closely related to left bundle branch hemiblock as both involve the left bundle branch system, but it is more specific."
4262,I445,2,"Left posterior fascicular block is also related to left bundle branch hemiblock, although it is a different type of block in the left bundle branch system."
4262,I4460,3,Unspecified fascicular block is a broader category that could encompass left bundle branch hemiblock but lacks specificity.
4262,I4469,4,"Other fascicular block is the least specific and does not directly correlate with left bundle branch hemiblock, making it a poor match."
42650,I454,1,Nonspecific intraventricular block closely relates to the concept of a bundle branch block as both involve conduction abnormalities within the ventricles.
42650,I4430,2,Unspecified atrioventricular block is somewhat related but specifically refers to AV blocks rather than bundle branch blocks.
42650,I4439,3,Other atrioventricular block is less relevant as it refers to variations of AV block that do not specifically include bundle branch block.
42769,I4949,1,Direct match to 'Other premature depolarization' aligns well with 'Other premature beats'.
42769,I493,2,"Ventricular premature depolarization is a specific type of premature beat, but not an exact match to 'Other premature beats'."
42781,I495,1,Sick sinus syndrome is a specific condition that directly corresponds to sinoatrial node dysfunction.
42781,R001,2,"Bradycardia, unspecified is a general term that may result from sinoatrial node dysfunction but does not specify the underlying cause."
42789,I498,1,"This code directly corresponds to 'Other specified cardiac arrhythmias,' which is synonymous with the ICD-9 description of 'Other specified cardiac dysrhythmias'."
42789,R001,2,"While bradycardia is a type of cardiac dysrhythmia, it is a specific condition and does not cover the broader category of 'other specified cardiac dysrhythmias'."
4280,I509,1,"This code directly corresponds to 'heart failure, unspecified', matching the general description of the ICD-9 code."
4280,I50814,2,"This code specifies a type of heart failure (right heart failure due to left heart failure), which is more specific than the unspecified nature of the ICD-9 code."
4289,I509,1,"Exact match for 'Heart failure, unspecified'."
4289,I5089,2,"General category for heart failure that is not specified, closely related."
4289,I50810,3,"Specifies right heart failure, but still unspecified; relates to heart failure."
4289,I5082,4,Biventricular heart failure is a specific type of heart failure but still within the heart failure category.
4289,I5083,5,High output heart failure is a specific type but still related to heart failure.
4289,I5084,6,End stage heart failure is a specific condition but relates to heart failure.
4289,I50811,7,"Acute right heart failure is a specific type of heart failure, but more specific than unspecified."
4289,I50812,8,"Chronic right heart failure is a specific type, more specific than unspecified."
4289,I50813,9,Acute on chronic right heart failure is very specific and does not match the unspecified nature.
4294,I970,1,"Directly corresponds to 'Postcardiotomy syndrome', which is a recognized functional disturbance following cardiac surgery."
4294,I97110,2,"Specifically addresses 'postprocedural cardiac insufficiency', a type of functional disturbance following cardiac surgery."
4294,I97130,3,"Refers to 'postprocedural heart failure', which is another specific functional disturbance following cardiac surgery."
4294,I97190,4,"Covers 'other postprocedural cardiac functional disturbances', fitting the description of disturbances following cardiac surgery."
42989,I5189,1,exact match in description with ICD-9 code
42989,I513,2,no_good_match
43311,I63239,1,"This code specifies cerebral infarction due to occlusion or stenosis of unspecified carotid arteries, aligning closely with the ICD-9 description of occlusion and stenosis with cerebral infarction."
43311,I63139,2,"This code refers to cerebral infarction due to embolism of unspecified carotid artery, which is not directly related to occlusion or stenosis but still involves the carotid artery and cerebral infarction."
43321,I63219,1,Directly corresponds to occlusion or stenosis of the vertebral arteries with cerebral infarction.
43321,I63019,2,"Related to cerebral infarction due to thrombosis, which can be a cause of occlusion but is less specific than I63219."
43321,I63119,3,"Related to cerebral infarction due to embolism, which is a different mechanism than occlusion or stenosis."
43400,I6609,1,"Refers to occlusion of the middle cerebral artery, relevant to cerebral thrombosis."
43400,I6619,2,"Refers to occlusion of the anterior cerebral artery, also related to cerebral thrombosis."
43400,I6629,3,"Refers to occlusion of the posterior cerebral artery, relevant but less common than middle and anterior."
43410,I669,1,"Most general code for occlusion and stenosis of unspecified cerebral artery, matching the lack of specification in the ICD-9 description."
43410,I6609,2,"Specifically relates to the middle cerebral artery, which is a common site for embolism, but is more specific than the general occlusion code."
43410,I6619,3,"Specifically relates to the anterior cerebral artery, which is relevant but less common for embolism compared to the middle cerebral artery."
43410,I6629,4,"Specifically relates to the posterior cerebral artery, which is the least common site for embolism compared to the other options."
4358,G458,1,"This code directly corresponds to 'Other transient cerebral ischemic attacks', aligning closely with the ICD-9 description."
4358,G451,2,"While related to cerebral ischemia, this code specifies carotid artery syndrome, which is more specific and does not cover 'other specified' transient ischemias."
4359,G459,1,"This code directly corresponds to the ICD-9 description as it specifies a transient cerebral ischemic attack, which aligns closely with 'unspecified transient cerebral ischemia'."
4359,I67848,2,"This code refers to cerebrovascular vasospasm and vasoconstriction, which is related to cerebrovascular issues but does not specifically match the transient cerebral ischemia concept."
4371,I6782,1,"Cerebral ischemia directly relates to ischemic cerebrovascular disease, making it the closest match."
4371,I6781,2,Acute cerebrovascular insufficiency can be associated with ischemia but is more focused on acute conditions rather than generalized.
4371,I6789,3,Other cerebrovascular disease is a broad category that may include generalized ischemic conditions but lacks specificity.
4380,I69910,1,"Specific to attention and concentration deficits, which are cognitive deficits."
4380,I69911,2,"Specific to memory deficits, which are also cognitive deficits."
4380,I69912,3,"Addresses visuospatial deficits, a type of cognitive deficit."
4380,I69913,4,"Covers psychomotor deficits, which can relate to cognitive functioning."
4380,I69914,5,"Focuses on frontal lobe and executive function deficits, relevant to cognitive issues."
4380,I69915,6,Cognitive social or emotional deficits are part of cognitive deficits.
4380,I69918,7,"Covers other cognitive functions, providing a broad match to cognitive deficits."
4380,I69919,8,"Unspecified symptoms and signs involving cognitive functions, least specific match."
43821,I69951,1,Direct match in terms of condition (hemiplegia) and laterality (right dominant side matches dominant side).
43821,I69952,2,"Related condition (hemiplegia) but affects left dominant side, which does not match the specified dominant side."
43822,I69954,1,"This code directly corresponds to hemiplegia affecting the left non-dominant side, which aligns with the original ICD-9 description specifying the nondominant side."
43822,I69953,2,"This code describes hemiplegia affecting the right non-dominant side. While it is related, it does not match the left non-dominant side specified in the ICD-9 description."
43831,I69931,1,Directly matches the description with laterality specified as right dominant side.
43831,I69932,2,"Related condition of monoplegia of upper limb, but affects left dominant side which is not the specified dominant side."
43832,I69934,1,Directly corresponds to monoplegia of the upper limb affecting the left non-dominant side.
43832,I69933,2,"Monoplegia of upper limb affecting the right non-dominant side, but not the correct laterality."
43842,I69944,1,"Directly corresponds to monoplegia of lower limb affecting left non-dominant side, matching the ICD-9 description."
43842,I69943,2,"Related to monoplegia of lower limb but affects right non-dominant side, which is not the same as the left side specified in the ICD-9 description."
43852,I69964,1,"Directly matches the description of 'other paralytic syndrome' affecting the 'left non-dominant side', aligning with 'nondominant side' in the ICD-9 code."
43852,I69963,2,"Refers to 'other paralytic syndrome' but specifies 'right non-dominant side', which does not match the description of the ICD-9 code as it pertains to the left side."
43889,I69898,1,"Directly refers to sequelae of cerebrovascular disease, matching the description of 'other late effects of cerebrovascular disease'."
43889,I69998,2,"Refers to sequelae following unspecified cerebrovascular disease, which is less specific than the first option but still relevant."
4409,I7091,1,Generalized atherosclerosis is a direct match to the description of generalized and unspecified atherosclerosis.
4409,I7090,2,Unspecified atherosclerosis is related but less specific than generalized atherosclerosis.
44281,I720,1,"Specific to carotid artery, which is part of the neck arteries."
44281,I725,2,"Covers other precerebral arteries, which include arteries in the neck."
44281,I726,3,"Specifically refers to vertebral artery, which is also in the neck region."
44329,I7779,1,"This code represents dissection of other specified artery, which closely aligns with the ICD-9 description."
44329,I7775,2,"This code specifies dissection of other precerebral arteries, which is a specific type of artery dissection but still relevant to the general category."
44329,I7776,3,"This code is for dissection of artery of upper extremity; while it is more specific, it still falls under the broader category of artery dissection."
44329,I7777,4,"This code specifies dissection of artery of lower extremity, which is also a specific case but less relevant to the general term 'other artery' than the previous options."
4478,I7789,1,"This code directly corresponds to 'Other specified disorders of arteries and arterioles', matching the specificity and generality of the ICD-9 description."
4478,I773,2,"While this code refers to a specific condition (arterial fibromuscular dysplasia), it does not align with the broader category of 'other specified disorders' as described in the ICD-9 code."
4489,I789,1,"directly corresponds to 'unspecified' capillary diseases, maintaining the lack of specificity from the ICD-9 description."
4489,I788,2,"while related to capillary diseases, it is less specific than the 'unspecified' option, as it includes other diseases that may not match the exact meaning of 'other and unspecified'."
4532,I82220,1,"Acute embolism and thrombosis of inferior vena cava is a direct match for the condition of venous embolism and thrombosis specifically located in the inferior vena cava, differing only in the acute nature."
4532,I82221,2,"Chronic embolism and thrombosis of inferior vena cava is also a direct match for the condition of venous embolism and thrombosis specifically located in the inferior vena cava, differing in the chronic nature."
45341,I824Y9,1,direct match in terms of specificity and body site; matches 'unspecified deep veins of unspecified proximal lower extremity'.
45341,I82419,2,"related to femoral vein, which is a deep vein in the proximal lower extremity; however, it is unspecified."
45341,I82429,3,"related to iliac vein, which is a deep vein; however, it is not specifically proximal lower extremity."
45341,I82439,4,"related to popliteal vein, which is also a deep vein but located lower in the leg; less relevant than other options."
45342,I824Z9,1,Directly matches the description of acute embolism and thrombosis of unspecified deep veins of unspecified distal lower extremity.
45342,I82449,2,"Related to acute embolism and thrombosis but specifies tibial vein, which is part of the distal lower extremity."
45342,I82499,3,Refers to acute embolism and thrombosis of other specified deep veins but lacks specific detail about the distal lower extremity.
45350,I82509,1,"This code directly corresponds to chronic embolism and thrombosis of unspecified deep veins of unspecified lower extremity, matching the specificity and site of the ICD-9 description."
45350,I82599,2,"While this code refers to chronic embolism and thrombosis, it specifies 'other specified deep vein', which is less accurate than the unspecified designation in the ICD-9 description."
45351,I825Y9,1,"Directly matches the description of chronic embolism and thrombosis in deep veins of proximal lower extremity, with 'unspecified' indicating it can cover various deep veins."
45351,I82519,2,"Relates to chronic embolism and thrombosis specifically of the femoral vein, which is a deep vein in the proximal lower extremity."
45351,I82529,3,"Relates to chronic embolism and thrombosis of the iliac vein, another deep vein involved in lower extremity circulation, though less specific than femoral."
45351,I82539,4,"Refers to chronic embolism and thrombosis of the popliteal vein, which is located in the lower extremity, but is more distal than the proximal deep veins."
45352,I825Z9,1,"This code specifies chronic embolism and thrombosis of deep veins of unspecified distal lower extremity, closely matching the ICD-9 description."
45352,I82549,2,"This code refers to chronic embolism and thrombosis of unspecified tibial vein, which is less specific than the ICD-9 description."
4540,I83019,1,Direct match for varicose veins of the right lower extremity with ulcer.
4540,I83029,2,Direct match for varicose veins of the left lower extremity with ulcer.
4540,I83009,3,"General match for varicose veins of lower extremity with ulcer, but lacks specificity regarding laterality."
45829,I9581,1,"Specifically describes postprocedural hypotension, which is a type of iatrogenic hypotension."
45829,I952,2,"Describes hypotension due to drugs, which is a form of iatrogenic hypotension but less specific than postprocedural."
4599,I999,1,"Directly corresponds to unspecified disorder of the circulatory system, maintaining the same level of specificity."
4599,I879,2,"While it refers to a disorder of the vein, it is more specific and does not encompass all circulatory system disorders."
4738,J328,1,Direct match to the description of 'Other chronic sinusitis'.
4738,J324,2,"Related to chronic sinusitis but specifies 'pansinusitis', which is a more specific condition."
4778,J3089,1,"Directly matches the description of 'other allergic rhinitis', aligning closely with the ICD-9 code."
4778,J302,2,"While related to allergic rhinitis, it specifically refers to seasonal allergic rhinitis, which is a more narrow category."
4779,J309,1,"Direct match to the description of allergic rhinitis, unspecified."
4779,J300,2,Vasomotor rhinitis is a different type of rhinitis and not synonymous with allergic rhinitis.
47819,J3489,1,"This code directly corresponds to 'Other specified disorders of nose and nasal sinuses', making it a perfect match for 'Other disease of nasal cavity and sinuses'."
47819,J341,2,"This code refers to specific conditions (cysts and mucoceles) of the nose and nasal sinus, which falls under the broader category of diseases affecting the nasal cavity and sinuses."
47819,J340,3,"This code is more specific to abscesses, furuncles, and carbuncles of the nose, which are not necessarily included in the broader 'other diseases' category."
4789,J398,1,"Directly corresponds to 'Other specified diseases of upper respiratory tract', closely matching the specificity of the ICD-9 description."
4789,J399,2,Matches the general category of upper respiratory tract diseases but is less specific than J398.
481,J13,1,"Exact match for the causative organism of the pneumonia, which is specifically Streptococcus pneumoniae."
481,J181,2,"Describes pneumonia but lacks specificity for the causative organism, making it a less precise match."
4870,J1100,1,Influenza due to unidentified influenza virus with unspecified type of pneumonia directly corresponds to the ICD-9 description of Influenza with pneumonia.
4870,J129,2,"Viral pneumonia, unspecified does not specify influenza and lacks the direct link to the influenza diagnosis in the ICD-9 code."
4871,J101,1,Directly corresponds to influenza with other respiratory manifestations due to an identified virus.
4871,J111,2,"Also relates to influenza with other respiratory manifestations but specifies an unidentified virus, making it less specific than J101."
4878,J1189,1,"This code directly corresponds to 'Influenza due to unidentified influenza virus with other manifestations,' matching the 'other manifestations' aspect of the original description."
4878,J112,2,"This code specifies gastrointestinal manifestations, which is a specific type of manifestation but still related to influenza. However, it is not as broad as 'other manifestations.'"
4878,J1181,3,"This code specifies encephalopathy, which is a specific and severe manifestation of influenza, but it is not included in the 'other manifestations' category as defined in the original description."
48809,J09X9,1,"This code is a direct match in terms of description, as it specifies influenza due to an identified novel virus with other manifestations, similar to the ICD-9 code."
48809,J09X3,2,"This code specifies gastrointestinal manifestations, which is more specific and does not match the general 'other manifestations' of the ICD-9 code."
48889,J09X9,1,Exact match in description with 'other manifestations'.
48889,J09X3,2,"Related but specifies gastrointestinal manifestations, which is a subtype."
49390,J45909,1,"Directly corresponds to unspecified asthma, maintaining the same level of specificity and meaning."
49390,J45998,2,"Related to asthma but indicates 'other' types, which may not align with the unspecified nature of the ICD-9 description."
5110,R091,1,"Directly corresponds to pleurisy, matching the primary diagnosis."
5110,J948,2,"Covers other specified pleural conditions, which can include pleurisy."
5110,J949,3,"General category for pleural conditions, applicable but less specific than R091."
5110,J869,4,"Refers to pyothorax, a specific condition that is not directly synonymous with pleurisy."
5110,J941,5,"Refers to fibrothorax, which is a different pleural condition not synonymous with pleurisy."
5111,J90,1,"J90 directly relates to pleural effusion, which aligns with the diagnosis of pleurisy with effusion."
5111,J942,2,"J942 refers to hemothorax, which is a specific type of pleural effusion but does not specifically relate to pleurisy or the bacterial cause mentioned."
51189,J90,1,"Pleural effusion, not elsewhere classified is directly related to the concept of effusion, matching the description of 'other specified forms of effusion'."
51189,J948,2,"Other specified pleural conditions could encompass various forms of effusion, making it a reasonable match, though less specific than J90."
51189,J942,3,"Hemothorax is a specific type of pleural effusion but is not synonymous with 'other specified forms of effusion', making it the least relevant match."
51289,J9383,1,Exact match in description for 'Other pneumothorax'.
51289,J939,2,"Less specific match; 'Pneumothorax, unspecified' does not capture the specific nature of 'Other pneumothorax'."
5130,J852,1,Abscess of lung without pneumonia is directly synonymous with the ICD-9 description.
5130,J851,2,"Abscess of lung with pneumonia is related but specifies the presence of pneumonia, making it less specific than J852."
5130,J850,3,Gangrene and necrosis of lung is not synonymous with abscess of lung and represents a different condition.
514,J182,1,"Hypostatic pneumonia relates directly to hypostasis, which aligns closely with the description of pulmonary congestion."
514,J811,2,Chronic pulmonary edema is related to pulmonary congestion but is less specific to the acute condition implied by 'hypostasis'.
515,J8410,1,"Pulmonary fibrosis, unspecified is a direct match in meaning to postinflammatory pulmonary fibrosis, focusing on the fibrosis aspect."
515,J8489,2,Other specified interstitial pulmonary diseases could encompass postinflammatory pulmonary fibrosis but is less specific than the first option.
5180,J9811,1,Atelectasis is a specific type of pulmonary collapse and directly corresponds to the concept of pulmonary collapse.
5180,J9819,2,"Other pulmonary collapse is a broader category that includes various types of pulmonary collapse, making it a relevant but less specific match compared to atelectasis."
51851,J95821,1,"This code specifically refers to acute respiratory failure that occurs after a procedure, closely matching the context of 'following trauma and surgery'."
51851,J9600,2,"This code is more general and does not specify the cause or context of the respiratory failure, making it less specific than J95821."
51852,J951,1,Specific to acute pulmonary insufficiency and directly relates to thoracic surgery.
51852,J952,2,Relates to acute pulmonary insufficiency but specifies nonthoracic surgery; still relevant but less specific than J951.
51852,J953,3,Describes chronic pulmonary insufficiency rather than acute; not a direct match.
51853,J95822,1,"Directly relates to postprocedural respiratory failure, aligning closely with the context of surgery."
51853,J9620,2,Covers acute and chronic respiratory failure but lacks specificity regarding postprocedural context.
51881,J9600,1,Directly corresponds to acute respiratory failure with specificity regarding the type of respiratory failure.
51881,J9690,2,"General respiratory failure which lacks the acute specification; thus, less specific than J9600."
51882,J80,1,Acute respiratory distress syndrome is a specific type of pulmonary insufficiency and closely aligns with the concept of 'other pulmonary insufficiency'.
51882,R0603,2,"Acute respiratory distress is related to pulmonary insufficiency but is less specific than J80, making it a less precise match."
51909,J9509,1,Direct match in description; represents 'Other tracheostomy complication'.
51909,J9501,2,Specific complication related to hemorrhage from tracheostomy stoma; relevant to tracheostomy complications.
51909,J9503,3,Specific malfunction of the tracheostomy stoma; relevant to tracheostomy complications.
51909,J9504,4,Specific complication related to tracheo-esophageal fistula following tracheostomy; relevant but more specific than 'other'.
51919,J9809,1,"Directly relates to diseases of bronchus, aligning closely with the ICD-9 description."
51919,J398,2,"While it pertains to diseases of the upper respiratory tract, it is less specific than J9809 regarding the trachea and bronchus."
5206,K006,1,Exact match in description with the ICD-9 code.
5206,K011,2,Related condition (impacted teeth) that can be a result of disturbances in eruption.
5206,K010,3,Embedded teeth may relate to eruption issues but is less directly synonymous than impacted teeth.
5229,K0490,1,Direct match to 'unspecified diseases' which aligns with the 'unspecified' nature of ICD-9 code.
5229,K0499,2,"Matches 'other diseases' indicating a broader category, but does not specify 'unspecified' as in the ICD-9 code."
52331,K05213,1,"Specificity matches aggressive periodontitis, localized with severe classification."
52331,K05212,2,"Specificity matches aggressive periodontitis, localized with moderate classification."
52331,K05211,3,"Specificity matches aggressive periodontitis, localized with slight classification."
52331,K05219,4,"Matches aggressive periodontitis, localized but with unspecified severity."
52342,K05329,1,"This code matches the description of chronic periodontitis, generalized, but does not specify severity, making it a good match."
52342,K05321,2,"This code specifies chronic periodontitis, generalized, with slight severity, which is related but less severe than the unspecified."
52342,K05322,3,"This code specifies chronic periodontitis, generalized, with moderate severity, which is related but has a defined severity."
52342,K05323,4,"This code specifies chronic periodontitis, generalized, with severe severity, which is related but indicates a higher severity than the unspecified."
5238,K055,1,Directly matches the description of 'Other periodontal diseases'.
5238,K061,2,"Related to periodontal issues, specifically gingival enlargement, which can be a component of periodontal disease."
5238,K062,3,"Involves gingival lesions, which are relevant to periodontal diseases but is more specific to trauma-related conditions."
5238,K063,4,"Related to alveolar bone loss, which can be a consequence of periodontal diseases, but is more specific and not a direct match."
52460,M26609,1,"Unspecified temporomandibular joint disorder, unspecified side is the most directly related code to the unspecified nature of the ICD-9 code."
52460,M26603,2,"Bilateral temporomandibular joint disorder, unspecified is a specific case of temporomandibular joint disorder that includes both sides."
52460,M26601,3,"Right temporomandibular joint disorder, unspecified specifies one side but is still relevant to the general description of the disorder."
52460,M26602,4,"Left temporomandibular joint disorder, unspecified specifies one side but is still relevant to the general description of the disorder."
52460,M2669,5,Other specified disorders of temporomandibular joint is relevant but less specific to the unspecified nature of the original diagnosis.
52462,M26623,1,Bilateral arthralgia matches the general diagnosis of temporomandibular joint disorders.
52462,M26621,2,Right-sided arthralgia is a specific case of temporomandibular joint disorders.
52462,M26622,3,Left-sided arthralgia is a specific case of temporomandibular joint disorders.
52462,M26629,4,Unspecified side arthralgia is less specific but still relevant to temporomandibular joint disorders.
52463,M26631,1,Specificity to right temporomandibular joint aligns closely with the original description of articular disc disorder.
52463,M26632,2,Specificity to left temporomandibular joint aligns closely with the original description of articular disc disorder.
52463,M26633,3,Bilateral involvement is relevant as it represents a comprehensive condition but lacks the specificity of lateralization.
52463,M26639,4,Unspecified side is the least specific and least informative; it does not provide detail on laterality.
52489,M2689,1,"This code directly corresponds to 'Other dentofacial anomalies', closely matching the description of the ICD-9 code."
52489,M264,2,"While malocclusion is related to dentofacial anomalies, it is more specific and does not encompass the broader category of 'other specified dentofacial anomalies'."
5258,K0889,1,Directly matches the description of 'Other specified disorders of teeth and supporting structures' with no loss of specificity.
5258,M2679,2,"Related to dental structures but specifically refers to alveolar anomalies, which is a narrower focus and not a direct match."
52689,M278,1,"This code directly corresponds to the description 'Other specified diseases of jaws', matching the specificity and context of the ICD-9 code."
52689,M272,2,"While this code pertains to inflammatory conditions of jaws, it does not align as closely with the general category of 'other specified diseases', making it a less suitable match."
5277,K117,1,Direct synonymy with the same meaning as the ICD-9 description.
5277,R682,2,Related condition (dry mouth) but less specific than the disturbance of salivary secretion.
52800,K1230,1,"Direct match in description as it specifies oral mucositis, which aligns with the unspecified mucositis in ICD-9."
52800,K122,2,Related condition (cellulitis and abscess) of the mouth but does not match the specific description of stomatitis and mucositis.
52801,K1231,1,Direct match for oral mucositis (ulcerative) due to antineoplastic therapy.
52801,K1233,2,"Related condition of oral mucositis (ulcerative) but specifically due to radiation, not antineoplastic therapy."
52809,K1239,1,"This code specifies 'oral mucositis (ulcerative)', which directly corresponds to the ulcerative nature of the condition described in ICD-9."
52809,K121,2,"While this code refers to 'other forms of stomatitis', it is less specific than K1239 as it does not capture the ulcerative aspect of the condition."
5289,K1379,1,"Other lesions of oral mucosa directly corresponds to unspecified diseases of oral soft tissues, offering specificity."
5289,K1370,2,"Unspecified lesions of oral mucosa is related but less specific than 'other lesions', thus ranked lower."
53510,K2940,1,Directly matches the diagnosis of atrophic gastritis with the same specification regarding bleeding.
53510,K2950,2,Related condition of chronic gastritis but lacks specificity of atrophic type.
53511,K2941,1,"directly corresponds to atrophic gastritis with hemorrhage, maintaining specificity."
53511,K2951,2,less specific as it refers to unspecified chronic gastritis with bleeding.
53550,K2970,1,"Gastritis, unspecified, without bleeding is a direct match to unspecified gastritis and matches the absence of hemorrhage."
53550,K2990,2,"Gastroduodenitis, unspecified, without bleeding is related but refers specifically to gastroduodenitis rather than gastritis."
53551,K2971,1,"directly matches 'Unspecified gastritis and gastroduodenitis, with hemorrhage' with focus on gastritis"
53551,K2991,2,"related condition 'Gastroduodenitis, unspecified, with bleeding' matches gastroduodenitis aspect"
5369,K319,1,"This code specifically indicates a disease of the stomach and duodenum, aligning well with the unspecified functional disorder."
5369,K3189,2,"While this code refers to other diseases of the stomach and duodenum, it is less specific than K319 and does not directly match the description of an unspecified functional disorder."
5409,K3580,1,synonymous with 'acute appendicitis without mention of peritonitis'; it specifies the condition as acute appendicitis without additional details.
5409,K3589,2,"refers to 'other acute appendicitis', which may include cases without peritonitis but is less specific than K3580."
5439,K389,1,"This code directly corresponds to 'Disease of appendix, unspecified', which aligns closely with the ICD-9 description of 'Other and unspecified diseases of appendix'."
5439,K388,2,"This code refers to 'Other specified diseases of appendix', making it a suitable match for 'Other diseases' as mentioned in the ICD-9 description."
5439,K381,3,"While 'Appendicular concretions' is a specific condition, it falls under the broader category of diseases of the appendix, though it is not a direct match for unspecified diseases."
5439,K382,4,"This code specifies 'Diverticulum of appendix', which is a specific condition and does not fully align with the generality of 'other and unspecified diseases'."
5439,K383,5,"This code indicates 'Fistula of appendix', a specific condition that is less relevant to the unspecified nature of the ICD-9 description."
55329,K439,1,Directly matches the description of ventral hernia without obstruction or gangrene.
55329,K469,2,"Unspecified abdominal hernia is broader than ventral hernia; while it indicates no obstruction or gangrene, it lacks specificity."
5569,K5190,1,"direct match for ulcerative colitis, unspecified, maintaining the same condition without complications."
5569,K5931,2,no_good_match
5583,K5229,1,"This code directly refers to other allergic gastroenteritis and colitis, making it the most closely aligned with the ICD-9 description."
5583,K5221,2,"Food protein-induced enterocolitis syndrome is a specific type of allergic gastroenteritis, thus it is relevant but not as broadly applicable as K5229."
5583,K5222,3,"Food protein-induced enteropathy may relate to allergic reactions but is more specific to enteropathy rather than colitis, making it less relevant."
5589,K5289,1,"This code specifies 'Other specified noninfective gastroenteritis and colitis', closely matching the description of 'Other and unspecified noninfectious gastroenteritis and colitis'."
5589,K529,2,"This code represents 'Noninfective gastroenteritis and colitis, unspecified', which aligns with the unspecified aspect of the ICD-9 description."
5589,K523,3,This code for 'Indeterminate colitis' is less relevant as it specifies a particular type of colitis that may not be applicable to the more general term 'other and unspecified noninfectious gastroenteritis and colitis'.
5601,K560,1,exact match to the ICD-9 description
5601,K567,2,broader category; less specific than the exact match
56081,K5652,1,"This code specifies intestinal adhesions with complete obstruction, which directly corresponds to the ICD-9 description of intestinal adhesions with obstruction."
56081,K5651,2,"This code specifies intestinal adhesions with partial obstruction, which is related to the ICD-9 description but is less specific than complete obstruction."
56081,K5650,3,"This code is the most general, specifying unspecified obstruction. It lacks the specificity of the other two codes, making it the least aligned with the ICD-9 description."
56089,K56699,1,"This code represents 'Other intestinal obstruction unspecified as to partial versus complete obstruction', which aligns closely with the general description of 'Other specified intestinal obstruction' and encompasses both types."
56089,K56690,2,"This code specifies 'Other partial intestinal obstruction', which is a specific type of intestinal obstruction, making it relevant but not as broad as K56699."
56089,K56691,3,"This code specifies 'Other complete intestinal obstruction', which is also a specific type. While relevant, it is less inclusive than K56699."
5609,K56609,1,Direct match to 'unspecified intestinal obstruction' and includes both partial and complete obstruction.
5609,K56600,2,"Related to 'partial intestinal obstruction', which is a specific type of obstruction."
5609,K56601,3,"Related to 'complete intestinal obstruction', which is a specific type of obstruction."
56409,K5909,1,Exact match in meaning to 'Other constipation'.
56409,K5904,2,"Related to chronic forms of constipation, but more specific than 'Other constipation'."
56409,K5903,3,"Specific to drug-induced constipation, which is a subset of constipation but not a general match."
5641,K581,1,"Specific type of irritable bowel syndrome with constipation, closely related to the general diagnosis."
5641,K582,2,"Describes a mixed type of irritable bowel syndrome, still closely related to the general diagnosis."
5641,K588,3,"General category for other types of irritable bowel syndrome, still relevant but less specific."
5641,K589,4,"Describes irritable bowel syndrome without diarrhea, relevant but less specific than the others."
5651,K603,1,Exact match in description; both refer to anal fistula.
5651,K605,2,Anorectal fistula includes anal involvement; closely related.
5651,K604,3,Rectal fistula may involve anal area but is more specific to rectum; less direct match.
566,K610,1,Directly matches the description of 'Anal abscess' as it specifies the same body site.
566,K611,2,"Matches the description for 'Rectal abscess', which is closely related to the anal and rectal regions."
566,K613,3,"Refers to 'Ischiorectal abscess', which involves the anal region but is a specific subtype and less general than the others."
56889,K668,1,exact match in meaning; same specificity and body site as the ICD-9 description
56889,K689,2,"related but not specific; refers to retroperitoneum, which is different from peritoneum"
5690,K620,1,Anal polyp is a direct match to the ICD-9 description focusing on the anal site.
5690,K621,2,Rectal polyp is a direct match to the ICD-9 description focusing on the rectal site.
5691,K623,1,exact match with the same description 'Rectal prolapse'
5691,K622,2,"related condition but refers specifically to 'Anal prolapse', which is not the same as rectal prolapse"
56960,K9400,1,Directly matches the colostomy complication aspect of the ICD-9 code.
56960,K9410,2,"Related to enterostomy complication, which is a type of complication mentioned in the ICD-9 code, but not as closely as K9400."
56961,K9402,1,Direct match in meaning as it specifically refers to colostomy infection.
56961,K9412,2,"Related but refers specifically to enterostomy infection, which is a different type of stoma."
56962,K9403,1,Directly corresponds to mechanical complications related specifically to colostomy.
56962,K9413,2,"Related to enterostomy, but less specific to the colostomy context of the original diagnosis."
56969,K9409,1,Directly corresponds to complications specifically related to colostomy.
56969,K9419,2,Directly corresponds to complications specifically related to enterostomy.
56989,K6389,1,"Directly matches the description of 'Other specified diseases of intestine', closely aligning with the ICD-9 code."
56989,K634,2,"While related to intestinal disorders, 'Enteroptosis' is more specific and does not directly match the broader category of 'Other specified disorders of intestine'."
570,K7200,1,"Acute and subacute hepatic failure closely relates to acute and subacute necrosis of liver, indicating a severe liver condition."
570,K762,2,Central hemorrhagic necrosis of liver is a specific type of necrosis but does not encompass the broader term of acute and subacute necrosis.
57149,K738,1,direct match to the description of 'Other chronic hepatitis'
57149,K732,2,"related but more specific to 'Chronic active hepatitis', which may not encompass all types of 'Other chronic hepatitis'"
5715,K7460,1,"This code specifically refers to unspecified cirrhosis of the liver, closely matching the ICD-9 description."
5715,K7469,2,"This code refers to other cirrhosis of the liver, which is related but less specific than the unspecified cirrhosis."
5715,K740,3,"This code refers to hepatic fibrosis, which is not synonymous with cirrhosis and does not match the ICD-9 description."
5716,K743,1,"Primary biliary cirrhosis is a specific type of biliary cirrhosis, closely related to the ICD-9 description."
5716,K744,2,"Secondary biliary cirrhosis is also a type of biliary cirrhosis, but it is a different category from primary biliary cirrhosis."
5716,K745,3,"Biliary cirrhosis, unspecified, is a less specific match as it does not indicate whether it is primary or secondary."
5718,K7689,1,Other specified diseases of liver directly relates to the general category of nonalcoholic liver diseases.
5718,K760,2,Fatty liver is a type of nonalcoholic liver disease but is more specific; it may not encompass all chronic nonalcoholic liver diseases.
5719,K769,1,"This code directly corresponds to unspecified liver disease, matching the description of 'unspecified chronic liver disease'."
5719,K741,2,"Hepatic sclerosis is a specific type of liver disease, but it is not synonymous with unspecified chronic liver disease, hence it ranks lower."
5722,K7291,1,"Hepatic failure with coma is more specific than hepatic encephalopathy, which often involves altered mental status similar to coma."
5722,K7290,2,Hepatic failure without coma is related but less specific than the condition described by hepatic encephalopathy.
5728,K7210,1,Chronic hepatic failure is a specific condition that can be a sequela of chronic liver disease.
5728,K7290,2,"Hepatic failure, unspecified, is a broader category and less specific compared to chronic hepatic failure."
5733,K759,1,"Inflammatory liver disease, unspecified is a broad category that aligns closely with unspecified hepatitis."
5733,K716,2,"Toxic liver disease with hepatitis, not elsewhere classified is more specific to toxic causes and not directly synonymous with unspecified hepatitis."
5738,K7689,1,"This code directly corresponds to 'Other specified diseases of liver', aligning closely with the ICD-9 description."
5738,K761,2,"This code specifies a condition related to the liver but is more specific than 'other specified disorders', making it a less suitable match."
5768,K838,1,"This code directly corresponds to 'Other specified diseases of biliary tract', matching the general description of the ICD-9 code."
5768,K835,2,"This code refers to 'Biliary cyst', which is a specific condition within the biliary tract but does not cover the broader category of 'other specified disorders'."
5770,K8590,1,Directly corresponds to acute pancreatitis without further specification.
5770,K8591,2,"Related to acute pancreatitis with uninfected necrosis, a specific condition of pancreatitis."
5770,K8592,3,"Related to acute pancreatitis with infected necrosis, a specific and more severe condition of pancreatitis."
5772,K863,1,"Direct match for pseudocyst of pancreas, which is specified in the ICD-9 description."
5772,K862,2,"Cyst of pancreas is a close match but does not specifically include pseudocysts, making it less specific than K863."
5778,K8689,1,Direct match to the description 'Other specified diseases of pancreas'.
5778,K861,2,"Related to pancreatic conditions, specifically chronic pancreatitis, which is a type of pancreatic disease."
5778,K8681,3,Exocrine pancreatic insufficiency is a condition that affects pancreatic function but is more specific than 'other specified diseases of pancreas'.
5798,K9089,1,Directly matches the description of 'Other intestinal malabsorption' which is a more specific term for the category in ICD-9.
5798,K9049,2,"Describes 'Malabsorption due to intolerance, not elsewhere classified,' which is a broader category but still relevant to malabsorption."
5798,K9041,3,"While related to malabsorption, 'Non-celiac gluten sensitivity' is a specific condition that does not encompass all forms of intestinal malabsorption."
59001,N118,1,Other chronic tubulo-interstitial nephritis is a broader category that can include chronic pyelonephritis with lesions.
59001,N110,2,Nonobstructive reflux-associated chronic pyelonephritis is a specific type of chronic pyelonephritis but does not directly correlate with renal medullary necrosis.
5903,N2885,1,Exact match in terms of condition; both codes refer to pyeloureteritis cystica.
5903,N2884,2,Related condition; pyelitis cystica is a similar but less specific condition compared to pyeloureteritis cystica.
5903,N2886,3,"Related condition; ureteritis cystica is similar but specifically refers to the ureter, lacking the pyelo- aspect."
59370,N1371,1,"Direct match for vesicoureteral reflux without reflux nephropathy, providing the most specificity."
59370,N1370,2,"Matches vesicoureteral reflux, but is less specific as it does not indicate the absence of reflux nephropathy."
59389,N2889,1,"This code is a direct match to the ICD-9 description, as it specifies 'Other specified disorders of kidney and ureter'."
59389,N2882,2,"While this code is related to the ureter, it specifically refers to 'Megaloureter', which is a specific type of disorder rather than the broader category indicated in the ICD-9 code."
5950,N3000,1,Exact match in terms of diagnosis; 'acute cystitis' is directly translated without additional complications.
5950,N3001,2,"Related condition with the same primary diagnosis of 'acute cystitis', but includes additional detail regarding hematuria."
5951,N3010,1,exact match in meaning for chronic interstitial cystitis without additional specification
5951,N3011,2,"related match for chronic interstitial cystitis, but specifies hematuria which is not indicated in the original ICD-9 description"
5952,N3020,1,"Direct match for 'Other chronic cystitis' without hematuria, maintaining specificity."
5952,N3021,2,"Related to 'Other chronic cystitis' but specifies hematuria, which may not apply."
5954,N3080,1,"Other cystitis without hematuria is a specific type of cystitis that falls under the broader category of cystitis, aligning with the general description of cystitis in diseases classified elsewhere."
5954,N3081,2,"Other cystitis with hematuria is also a specific type of cystitis and is relevant, but the presence of hematuria is an additional detail not specified in the ICD-9 description, making it slightly less applicable."
59581,N3080,1,"Other cystitis without hematuria is a closely related diagnosis that aligns with cystitis cystica, which typically does not specify hematuria."
59581,N3081,2,"Other cystitis with hematuria is related but less specific to cystitis cystica as it introduces the aspect of hematuria, which is not indicated in the original diagnosis."
59582,N3040,1,Direct match in description with specific condition (irradiation cystitis) without additional complications (hematuria).
59582,N3041,2,Direct match in description with specific condition (irradiation cystitis) but includes an additional complication (hematuria) which is not specified in the ICD-9 description.
59589,N3080,1,Other cystitis without hematuria is a direct match to 'Other specified types of cystitis' as it specifies a type of cystitis.
59589,N3081,2,Other cystitis with hematuria is related to cystitis but specifies a condition (hematuria) that is not mentioned in the ICD-9 description.
5959,N3090,1,Direct match to the description of unspecified cystitis without additional details.
5959,N3091,2,"Also matches the description of unspecified cystitis but includes hematuria, which is not specified in the ICD-9 description."
59683,N99518,1,"directly corresponds to 'Other complication of cystostomy', which matches the ICD-9 description."
59683,N99510,2,"specific to 'Cystostomy hemorrhage', which is a specific type of complication but not a general other complication."
59780,N341,1,"Nonspecific urethritis is a direct synonym for urethritis unspecified, matching the lack of specificity."
59780,N342,2,"Other urethritis is broader and less specific than urethritis unspecified, but still relates to urethritis."
5981,N35014,1,"Directly matches the diagnosis of traumatic urethral stricture, specifies male, and is post-traumatic."
5981,N35028,2,"Also relates to post-traumatic urethral stricture but specifies female, making it less relevant to the original diagnosis."
59972,R3121,1,"Asymptomatic microscopic hematuria is a specific type of microscopic hematuria, aligning closely with the diagnosis."
59972,R311,2,"Benign essential microscopic hematuria is a synonym and closely related to the diagnosis, although it specifies benign essential."
59972,R3129,3,"Other microscopic hematuria is less specific and could encompass a variety of conditions, making it a less precise match."
5999,N369,1,"Directly corresponds to 'urethral disorder, unspecified' which matches the specific body site and condition described in ICD-9."
5999,N399,2,"More general term 'disorder of urinary system, unspecified' covers a broader range of conditions, making it less specific than N369."
6018,N418,1,"This code directly corresponds to 'Other inflammatory diseases of prostate', aligning well with the ICD-9 description."
6018,N414,2,"While granulomatous prostatitis is a specific type of inflammatory disease, it does not encompass the broader category implied by 'other specified inflammatory diseases'."
6023,N4230,1,Directly matches the diagnosis of dysplasia of prostate with unspecified type.
6023,N4239,2,"Covers other forms of dysplasia of the prostate, still related to the primary diagnosis."
6023,N4231,3,Prostatic intraepithelial neoplasia is a related condition but more specific than general dysplasia.
6023,N4232,4,Atypical small acinar proliferation is a specific pathology that may relate to dysplasia but is not a direct synonym.
60490,N453,1,Epididymo-orchitis is a more specific diagnosis that includes both conditions of orchitis and epididymitis.
60490,N451,2,Epididymitis is directly related to the condition described but does not include orchitis.
60490,N452,3,Orchitis is directly related to the condition described but does not include epididymitis.
60499,N453,1,Directly corresponds to the condition described in the ICD-9 code (epididymo-orchitis).
60499,N451,2,Related condition (epididymitis) that is a component of the broader term used in the ICD-9 description.
60499,N452,3,Related condition (orchitis) but less specific compared to the others in relation to the ICD-9 description.
605,N471,1,"Directly corresponds to phimosis, which is the primary condition in the ICD-9 description."
605,N478,2,"Covers other disorders of the prepuce, which can include redundant prepuce."
605,N470,3,"Specifically refers to adherent prepuce in newborns, which is related but not a direct match."
605,N475,4,"Refers to adhesions of prepuce and glans penis, somewhat related but not a direct match."
605,N472,5,"Refers to paraphimosis, which is a complication of phimosis, making it less relevant to the primary condition described."
6071,N476,1,exact match
6071,N481,2,related condition but less specific (only refers to balanitis)
60789,N4889,1,"This code is a direct match for 'Other specified disorders of penis', making it the most specific and relevant."
60789,N485,2,"This code describes an ulcer of the penis, which is a specific condition but still falls under disorders of the penis."
60789,N4882,3,"This code refers to acquired torsion of the penis, a specific condition but not as general as 'other specified disorders'."
60889,N5089,1,exact match to the description of 'Other specified disorders of the male genital organs'
60889,N448,2,closely related as it refers to 'Other noninflammatory disorders of the testis'
60889,N442,3,"related to male genital organs, specifically a benign cyst of the testis"
60889,N503,4,"related to male genital organs, specifically a cyst of the epididymis"
60889,N5082,5,"related to male genital organs, specifically scrotal pain"
60889,N50811,6,"related to male genital organs, specifically right testicular pain"
60889,N50812,7,"related to male genital organs, specifically left testicular pain"
60889,N50819,8,"related to male genital organs, specifically testicular pain unspecified"
60889,N5312,9,"related to male genital organs but more specific to ejaculation pain, less relevant to 'other disorders'"
6089,N509,1,"This code directly corresponds to the unspecified disorder of male genital organs, making it the most semantically appropriate match."
6089,R102,2,"This code describes pelvic and perineal pain, which is related to the male genital area but does not specifically address the disorder of the male genital organs."
6110,N610,1,"Mastitis is a type of inflammatory disease of the breast, directly correlating with the ICD-9 description."
6110,N611,2,Abscess of the breast is related to inflammation but is a more specific condition and does not cover all cases of inflammatory disease.
61172,N630,1,"Directly corresponds to a lump in breast, but unspecified."
61172,N6310,2,"Lump in the right breast, unspecified quadrant; matches body site but specifies laterality."
61172,N6320,3,"Lump in the left breast, unspecified quadrant; matches body site but specifies laterality."
61172,N6311,4,Specifies the upper outer quadrant of the right breast; matches body site and adds specificity.
61172,N6312,5,Specifies the upper inner quadrant of the right breast; matches body site and adds specificity.
61172,N6313,6,Specifies the lower outer quadrant of the right breast; matches body site and adds specificity.
61172,N6314,7,Specifies the lower inner quadrant of the right breast; matches body site and adds specificity.
61172,N6321,8,Specifies the upper outer quadrant of the left breast; matches body site and adds specificity.
61172,N6322,9,Specifies the upper inner quadrant of the left breast; matches body site and adds specificity.
61172,N6323,10,Specifies the lower outer quadrant of the left breast; matches body site and adds specificity.
61172,N6324,11,Specifies the lower inner quadrant of the left breast; matches body site and adds specificity.
61172,N6341,12,Specifies a subareolar lump in the right breast; adds specificity but less directly related.
61172,N6342,13,Specifies a subareolar lump in the left breast; adds specificity but less directly related.
61172,N6331,14,Lump in the axillary tail of the right breast; related but more specific location.
61172,N6332,15,Lump in the axillary tail of the left breast; related but more specific location.
61179,N6459,1,Exact match in description; corresponds directly to 'Other signs and symptoms in breast'.
61179,N6451,2,Specific symptom related to the breast; 'Induration of breast' is a type of sign.
61179,N6452,3,Specific symptom; 'Nipple discharge' is a sign related to breast issues.
61179,N6453,4,Specific symptom; 'Retraction of nipple' is also a sign related to breast conditions.
6140,N7003,1,Exact match for both conditions specified in the ICD-9 description.
6140,N7001,2,Matches one component (salpingitis) of the ICD-9 description.
6140,N7002,3,Matches one component (oophoritis) of the ICD-9 description.
6141,N7013,1,Exact match for both chronic salpingitis and oophoritis.
6141,N7011,2,"Specific match for chronic salpingitis, part of the ICD-9 description."
6141,N7012,3,"Specific match for chronic oophoritis, part of the ICD-9 description."
6142,N7093,1,"Direct match for salpingitis and oophoritis, both unspecified."
6142,N7091,2,"Matches 'salpingitis', but does not include 'oophoritis'."
6142,N7092,3,"Matches 'oophoritis', but does not include 'salpingitis'."
6144,N731,1,direct match to chronic parametritis and pelvic cellulitis
6144,N732,2,matches unspecified parametritis and pelvic cellulitis
61610,N760,1,"Acute vaginitis is a specific type of vaginitis, aligning closely with the unspecified diagnosis."
61610,N761,2,"Subacute and chronic vaginitis is another specific category of vaginitis, relevant to the unspecified diagnosis."
61610,N762,3,"Acute vulvitis relates to inflammation of the vulva, which can be associated with vaginitis, but is not the same."
61610,N763,4,"Subacute and chronic vulvitis, similar to N762, is related but does not directly match vaginitis."
61689,N7689,1,"Directly corresponds to the inflammatory disease of vagina and vulva, specified as 'other'."
61689,N765,2,Ulceration of the vagina is related to inflammatory conditions but is more specific and does not encompass vulvar or cervical involvement.
61689,N759,3,"Disease of Bartholin's gland is not directly related to the inflammatory diseases of cervix, vagina, and vulva described in the ICD-9 code."
61801,N8111,1,"exact match for 'Cystocele, midline'"
61801,N8110,2,"more general term 'Cystocele, unspecified' does not specify midline"
61884,N8185,1,exact match
61884,N812,2,related condition but not specific to cervical stump
6190,N821,1,"This code covers other female urinary-genital tract fistulae, which is a broader category that includes various types of urinary-genital tract fistulas in females."
6190,N820,2,"This code specifically refers to vesicovaginal fistula, which is a specific type of urinary-genital tract fistula but may not encompass all possible cases of urinary-genital tract fistulae."
6200,N8301,1,Specificity and laterality: Follicular cyst of right ovary directly corresponds to the diagnosis.
6200,N8302,2,Specificity and laterality: Follicular cyst of left ovary directly corresponds to the diagnosis.
6200,N8300,3,"Broader category: Follicular cyst of ovary, unspecified side, is less specific than the lateralized codes."
6201,N8310,1,"Corpus luteum cyst of ovary, unspecified side is a direct match to corpus luteum cyst or hematoma, lacking laterality."
6201,N8311,2,Corpus luteum cyst of right ovary is a specific match but introduces laterality (right) not specified in the ICD-9 description.
6201,N8312,3,Corpus luteum cyst of left ovary is a specific match but introduces laterality (left) not specified in the ICD-9 description.
6202,N83209,1,Matches 'unspecified ovarian cyst' with no laterality specified.
6202,N83201,2,Matches 'unspecified ovarian cyst' with specified right side.
6202,N83202,3,Matches 'unspecified ovarian cyst' with specified left side.
6202,N83299,4,Matches 'other ovarian cyst' with no laterality specified.
6202,N83291,5,Matches 'other ovarian cyst' with specified right side.
6202,N83292,6,Matches 'other ovarian cyst' with specified left side.
6203,N83339,1,"This code represents acquired atrophy of ovary and fallopian tube without specifying laterality, making it the most general and thus the best match."
6203,N83331,2,"This code specifies acquired atrophy of the right ovary and fallopian tube, which is a more specific match than the unspecified option."
6203,N83332,3,"This code specifies acquired atrophy of the left ovary and fallopian tube, which is also a specific match but ranks lower than the right side due to the specificity of the right side."
6204,N8341,1,Directly matches the description with specific laterality (right).
6204,N8342,2,Directly matches the description with specific laterality (left).
6204,N8340,3,"Matches the description but is unspecified, making it less specific than the others."
6208,N838,1,"This code directly corresponds to the description of 'Other noninflammatory disorders of ovary, fallopian tube and broad ligament' in ICD-9."
6208,N9983,2,no_good_match
6232,N895,1,exact match in meaning; directly addresses stricture and atresia of the vagina
6232,N992,2,no_good_match
6243,N9060,1,"Unspecified hypertrophy of vulva is a direct match to hypertrophy of labia, covering the condition without specifying a subtype."
6243,N9069,2,Other specified hypertrophy of vulva is relevant as it encompasses hypertrophy of the labia but is less specific than N9060.
6243,N9061,3,Childhood asymmetric labium majus enlargement is too specific and relates to a particular condition in children rather than general hypertrophy of labia.
6248,N9089,1,Exact match to the description of 'Other specified noninflammatory disorders of vulva and perineum'.
6248,N907,2,Related condition (vulvar cyst) but not a direct match to the specified disorder.
6250,N9410,1,Unspecified dyspareunia is a direct match for the general term dyspareunia.
6250,N9411,2,"Superficial (introital) dyspareunia is a specific type of dyspareunia, making it semantically relevant."
6250,N9412,3,"Deep dyspareunia is another specific type of dyspareunia, thus it is relevant."
6250,N9419,4,"Other specified dyspareunia covers additional forms of dyspareunia, making it somewhat relevant but less specific."
6254,N943,1,direct match with similar terminology and specific condition.
6254,F3281,2,related condition with similar symptoms but not a direct match.
6259,N9489,1,"More specific to conditions associated with female genital organs, aligning closely with the unspecified nature of the ICD-9 description."
6259,R102,2,"Describes a symptom (pain) that can be associated with female genital organs, but is more specific to pelvic and perineal pain rather than unspecified symptoms."
6264,N925,1,"More specific than unspecified, directly addresses irregular menstruation."
6264,N926,2,"Generic and less specific, but still relates to irregular menstruation."
6268,N938,1,"Directly relates to abnormal bleeding from the female genital tract, capturing a broader range of conditions."
6268,N925,2,"Specifically addresses irregular menstruation, which is a form of abnormal menstruation."
6268,N931,3,Pre-pubertal vaginal bleeding is a specific condition that does not encompass the broader context of menstruation disorders.
6269,N939,1,Directly correlates with abnormal bleeding from the female genital tract.
6269,N926,2,Refers to irregular menstruation which is a type of disorder but less specific than abnormal bleeding.
6318,O0289,1,directly matches the description of 'Other abnormal products of conception' in ICD-9.
6318,O020,2,"related to abnormal products of conception but specifically refers to 'blighted ovum and nonhydatidiform mole', which is a subset and not a direct match."
63310,O00101,1,Specificity for right tubal pregnancy aligns closely with the ICD-9 description.
63310,O00102,2,Specificity for left tubal pregnancy aligns closely with the ICD-9 description.
63310,O00109,3,Unspecified tubal pregnancy is a broader category that still relates to the ICD-9 description but lacks laterality specificity.
63311,O00111,1,"specific to right tubal pregnancy, matches the condition described"
63311,O00112,2,"specific to left tubal pregnancy, matches the condition described"
63311,O00119,3,"unspecified tubal pregnancy, matches the condition described but lacks laterality specificity"
63320,O00201,1,specificity and laterality (right ovarian pregnancy)
63320,O00202,2,specificity and laterality (left ovarian pregnancy)
63320,O00209,3,general term for ovarian pregnancy without specifying laterality
63401,O030,1,"Directly describes genital tract and pelvic infection following an incomplete spontaneous abortion, matching the specifics of the ICD-9 description."
63401,O0337,2,"While it indicates a complication following incomplete spontaneous abortion, it specifically refers to sepsis rather than the broader infection described in the ICD-9 code."
63402,O035,1,"Directly relates to genital tract and pelvic infection following spontaneous abortion, matching the complexity of the original diagnosis."
63402,O0387,2,"Although related to complications following spontaneous abortion, it specifies sepsis rather than the infection itself, making it less directly aligned with the original description."
63470,O0389,1,Directly matches the description of spontaneous abortion with other complications.
63470,O0385,2,"Specific complication (venous complications) following spontaneous abortion, though not a broad match."
63470,O0388,3,"Specific complication (urinary tract infection) following spontaneous abortion, somewhat related."
63470,O0386,4,"Specific complication (cardiac arrest) following spontaneous abortion, but less relevant than others."
63500,O045,1,"This code specifically addresses genital tract and pelvic infection following an induced termination of pregnancy, directly aligning with the ICD-9 description."
63500,O0487,2,"While this code relates to sepsis following an induced termination of pregnancy, it is less specific to the genital tract and pelvic infection aspect mentioned in the ICD-9 description."
63501,O045,1,"Directly relates to genital tract and pelvic infection following induced abortion, matching the primary complication described."
63501,O0487,2,"While it addresses sepsis following an induced abortion, it is less specific than the infection code and does not directly mention the genital tract or pelvic infection."
63502,O045,1,"Directly describes genital tract and pelvic infection following an induced abortion, matching the complication from the ICD-9 code."
63502,O0487,2,"While it relates to a complication following termination of pregnancy, it specifies sepsis rather than genital tract and pelvic infection, making it less specific."
63571,O0489,1,"This code directly addresses 'induced termination of pregnancy with other complications', making it the best match."
63571,O0485,2,"This code specifies 'other venous complications following (induced) termination of pregnancy', which relates to complications."
63571,O0488,3,"This code indicates a urinary tract infection following (induced) termination of pregnancy, another specific complication."
63571,O0486,4,"This code refers to cardiac arrest following (induced) termination of pregnancy, which is a serious complication, but less directly related to the original diagnosis."
63572,O0489,1,"Directly corresponds to 'induced termination of pregnancy with other complications', matching the concept of 'other specified complications'."
63572,O0485,2,"Relates to 'other venous complications' following an induced termination, which is a specific type of complication."
63572,O0488,3,"Describes 'urinary tract infection' as a complication following an induced termination, which is a specific complication."
63572,O0486,4,"Refers to 'cardiac arrest' following an induced termination, which is a serious complication but less directly related to the general 'other specified complications'."
6390,O080,1,direct match to the description of genital tract and pelvic infection following ectopic and molar pregnancy
6390,O0882,2,"related to infection following ectopic and molar pregnancy but specifies sepsis, which is a more severe condition"
6390,A34,3,no_good_match
6398,O0889,1,"This code directly corresponds to 'Other complications following an ectopic and molar pregnancy,' which aligns closely with the ICD-9 description."
6398,O087,2,"This code specifies 'Other venous complications,' which is a specific type of complication but still relevant to the context of complications following ectopic and molar pregnancy."
6398,O0883,3,"This code refers to 'Urinary tract infection following an ectopic and molar pregnancy,' which is a specific complication but less broad than the other options."
6398,O0881,4,"This code indicates 'Cardiac arrest following an ectopic and molar pregnancy,' which is a specific complication but does not encompass the generality of 'Other specified complications.'"
64101,O4401,1,"Complete placenta previa without hemorrhage, first trimester is the closest match, considering the description specifies 'without hemorrhage' and the type of placenta previa."
64101,O4402,2,"Complete placenta previa without hemorrhage, second trimester is a close match but differs in the trimester."
64101,O4403,3,"Complete placenta previa without hemorrhage, third trimester is also a close match but differs in the trimester."
64101,O4421,4,"Partial placenta previa without hemorrhage, first trimester is relevant but specifies partial rather than complete."
64101,O4422,5,"Partial placenta previa without hemorrhage, second trimester is relevant but specifies partial and differs in trimester."
64101,O4423,6,"Partial placenta previa without hemorrhage, third trimester is relevant but specifies partial and differs in trimester."
64101,O4441,7,"Low lying placenta without hemorrhage, first trimester is relevant but indicates low lying rather than previa."
64101,O4442,8,"Low lying placenta without hemorrhage, second trimester is relevant but indicates low lying rather than previa."
64101,O4443,9,"Low lying placenta without hemorrhage, third trimester is relevant but indicates low lying rather than previa."
64103,O4401,1,"Complete placenta previa without hemorrhage, first trimester matches best with antepartum condition."
64103,O4402,2,"Complete placenta previa without hemorrhage, second trimester is a close match to the antepartum condition."
64103,O4403,3,"Complete placenta previa without hemorrhage, third trimester is relevant to antepartum condition."
64103,O4421,4,"Partial placenta previa without hemorrhage, first trimester is relevant but less specific than complete."
64103,O4422,5,"Partial placenta previa without hemorrhage, second trimester is relevant but less specific than complete."
64103,O4423,6,"Partial placenta previa without hemorrhage, third trimester is relevant but less specific than complete."
64103,O4441,7,"Low lying placenta without hemorrhage, first trimester is a different condition, less relevant."
64103,O4442,8,"Low lying placenta without hemorrhage, second trimester is a different condition, less relevant."
64103,O4443,9,"Low lying placenta without hemorrhage, third trimester is a different condition, less relevant."
64111,O4411,1,"Complete placenta previa with hemorrhage, first trimester - matches 'complete placenta previa' and 'hemorrhage', but only in first trimester."
64111,O4412,2,"Complete placenta previa with hemorrhage, second trimester - matches 'complete placenta previa' and 'hemorrhage', but only in second trimester."
64111,O4413,3,"Complete placenta previa with hemorrhage, third trimester - matches 'complete placenta previa' and 'hemorrhage', but only in third trimester."
64111,O4431,4,"Partial placenta previa with hemorrhage, first trimester - matches 'partial placenta previa' and 'hemorrhage', but only in first trimester."
64111,O4432,5,"Partial placenta previa with hemorrhage, second trimester - matches 'partial placenta previa' and 'hemorrhage', but only in second trimester."
64111,O4433,6,"Partial placenta previa with hemorrhage, third trimester - matches 'partial placenta previa' and 'hemorrhage', but only in third trimester."
64111,O4451,7,"Low lying placenta with hemorrhage, first trimester - matches 'low lying placenta' and 'hemorrhage', but not directly related to 'placenta previa'."
64111,O4452,8,"Low lying placenta with hemorrhage, second trimester - matches 'low lying placenta' and 'hemorrhage', but not directly related to 'placenta previa'."
64111,O4453,9,"Low lying placenta with hemorrhage, third trimester - matches 'low lying placenta' and 'hemorrhage', but not directly related to 'placenta previa'."
64113,O4411,1,Complete placenta previa with hemorrhage in first trimester directly correlates with the antepartum condition of hemorrhage from placenta previa.
64113,O4412,2,Complete placenta previa with hemorrhage in second trimester is relevant as it indicates the same condition at a later stage of pregnancy.
64113,O4413,3,Complete placenta previa with hemorrhage in third trimester is also relevant as it indicates the same condition at the latest stage of pregnancy.
64113,O4431,4,Partial placenta previa with hemorrhage in first trimester is relevant but less specific than complete placenta previa.
64113,O4432,5,Partial placenta previa with hemorrhage in second trimester is also relevant but less specific than complete placenta previa.
64113,O4433,6,Partial placenta previa with hemorrhage in third trimester is relevant but less specific than complete placenta previa.
64113,O4451,7,Low lying placenta with hemorrhage in first trimester is relevant but not as closely related to placenta previa.
64113,O4452,8,Low lying placenta with hemorrhage in second trimester is relevant but not as closely related to placenta previa.
64113,O4453,9,Low lying placenta with hemorrhage in third trimester is relevant but not as closely related to placenta previa.
64121,O4591,1,"Matches the diagnosis of premature separation of placenta, but unspecified and first trimester."
64121,O4592,2,"Matches the diagnosis of premature separation of placenta, but unspecified and second trimester."
64121,O4593,3,"Matches the diagnosis of premature separation of placenta, but unspecified and third trimester."
64121,O458X1,4,"Related to premature separation of placenta, but specifies first trimester and is categorized as 'other'."
64121,O458X2,5,"Related to premature separation of placenta, but specifies second trimester and is categorized as 'other'."
64121,O458X3,6,"Related to premature separation of placenta, but specifies third trimester and is categorized as 'other'."
64123,O458X1,1,Directly matches the condition with specificity to the first trimester.
64123,O458X2,2,Directly matches the condition with specificity to the second trimester.
64123,O458X3,3,Directly matches the condition with specificity to the third trimester.
64123,O4591,4,Matches the condition but is unspecified; specific to the first trimester.
64123,O4592,5,Matches the condition but is unspecified; specific to the second trimester.
64123,O4593,6,Matches the condition but is unspecified; specific to the third trimester.
64181,O468X1,1,Specific to antepartum hemorrhage but in the first trimester; relates to the same condition.
64181,O468X2,2,Specific to antepartum hemorrhage in the second trimester; relates to the same condition.
64181,O468X3,3,Specific to antepartum hemorrhage in the third trimester; relates to the same condition.
64181,O678,4,"Refers to intrapartum hemorrhage, which is a different timing and context than antepartum."
64183,O468X1,1,Specificity of antepartum hemorrhage in the first trimester aligns with 'other antepartum hemorrhage' in the ICD-9 description.
64183,O468X2,2,Specificity of antepartum hemorrhage in the second trimester aligns with 'other antepartum hemorrhage' in the ICD-9 description.
64183,O468X3,3,Specificity of antepartum hemorrhage in the third trimester aligns with 'other antepartum hemorrhage' in the ICD-9 description.
64191,O4691,1,"Specific to antepartum hemorrhage in the first trimester, which aligns with the general description of unspecified antepartum hemorrhage."
64191,O4692,2,"Specific to antepartum hemorrhage in the second trimester, which aligns with the general description of unspecified antepartum hemorrhage."
64191,O4693,3,"Specific to antepartum hemorrhage in the third trimester, which aligns with the general description of unspecified antepartum hemorrhage."
64191,O679,4,"Refers to intrapartum hemorrhage rather than antepartum hemorrhage, making it less relevant."
64193,O4691,1,"Specific to antepartum hemorrhage in the first trimester, aligning with the unspecified nature of the ICD-9 code."
64193,O4692,2,"Specific to antepartum hemorrhage in the second trimester, aligning with the unspecified nature of the ICD-9 code."
64193,O4693,3,"Specific to antepartum hemorrhage in the third trimester, aligning with the unspecified nature of the ICD-9 code."
64200,O10019,1,"Directly corresponds to essential hypertension complicating pregnancy, specifying pre-existing condition and trimester."
64200,O10919,2,"Also relates to hypertension complicating pregnancy, but is less specific as it uses 'unspecified' for the type of hypertension."
64201,O1002,1,Direct match for pre-existing essential hypertension complicating childbirth.
64201,O10011,2,"Specific to first trimester, but matches essential hypertension complicating pregnancy."
64201,O10012,3,"Specific to second trimester, but matches essential hypertension complicating pregnancy."
64201,O10013,4,"Specific to third trimester, but matches essential hypertension complicating pregnancy."
64201,O1092,5,"Matches unspecified pre-existing hypertension complicating childbirth, but is less specific."
64201,O10911,6,"Unspecified pre-existing hypertension complicating pregnancy, first trimester; less specific."
64201,O10912,7,"Unspecified pre-existing hypertension complicating pregnancy, second trimester; less specific."
64201,O10913,8,"Unspecified pre-existing hypertension complicating pregnancy, third trimester; less specific."
64203,O10011,1,Directly matches 'pre-existing essential hypertension' and specifies the first trimester.
64203,O10012,2,Directly matches 'pre-existing essential hypertension' and specifies the second trimester.
64203,O10013,3,Directly matches 'pre-existing essential hypertension' and specifies the third trimester.
64203,O10911,4,"Matches 'unspecified pre-existing hypertension' and specifies the first trimester, but lacks specificity."
64203,O10912,5,"Matches 'unspecified pre-existing hypertension' and specifies the second trimester, but lacks specificity."
64203,O10913,6,"Matches 'unspecified pre-existing hypertension' and specifies the third trimester, but lacks specificity."
64204,O1003,1,"This code specifies 'pre-existing essential hypertension' which directly relates to the 'benign essential hypertension' described in the ICD-9 code, and it is relevant to the puerperium."
64204,O1093,2,"While this code is related to hypertension complicating the puerperium, it is less specific as it uses 'unspecified pre-existing hypertension' rather than 'essential hypertension'."
64211,O10411,1,"Directly relates to secondary hypertension complicating pregnancy in the first trimester, aligning with the pregnancy complication aspect."
64211,O10412,2,"Directly relates to secondary hypertension complicating pregnancy in the second trimester, aligning with the pregnancy complication aspect."
64211,O10413,3,"Directly relates to secondary hypertension complicating pregnancy in the third trimester, aligning with the pregnancy complication aspect."
64211,O1042,4,"Relates to pre-existing secondary hypertension complicating childbirth, which is relevant but lacks the antepartum context of the original ICD-9 description."
64213,O10411,1,Directly corresponds to secondary hypertension complicating pregnancy in the first trimester.
64213,O10412,2,Directly corresponds to secondary hypertension complicating pregnancy in the second trimester.
64213,O10413,3,Directly corresponds to secondary hypertension complicating pregnancy in the third trimester.
64221,O10111,1,"Specific to pre-existing hypertensive heart disease complicating pregnancy, matches the condition and complicating factor."
64221,O10112,2,"Specific to pre-existing hypertensive heart disease complicating pregnancy, matches the condition and complicating factor."
64221,O10113,3,"Specific to pre-existing hypertensive heart disease complicating pregnancy, matches the condition and complicating factor."
64221,O1012,4,"Covers pre-existing hypertensive heart disease complicating childbirth, relevant to childbirth context."
64221,O10211,5,"Specific to pre-existing hypertensive chronic kidney disease complicating pregnancy, matches condition but with different organ involvement."
64221,O10212,6,"Specific to pre-existing hypertensive chronic kidney disease complicating pregnancy, matches condition but with different organ involvement."
64221,O10213,7,"Specific to pre-existing hypertensive chronic kidney disease complicating pregnancy, matches condition but with different organ involvement."
64221,O1022,8,"Covers pre-existing hypertensive chronic kidney disease complicating childbirth, relevant to childbirth context."
64221,O10311,9,"Specific to pre-existing hypertensive heart and chronic kidney disease complicating pregnancy, matches condition and complicating factors."
64221,O10312,10,"Specific to pre-existing hypertensive heart and chronic kidney disease complicating pregnancy, matches condition and complicating factors."
64221,O10313,11,"Specific to pre-existing hypertensive heart and chronic kidney disease complicating pregnancy, matches condition and complicating factors."
64221,O1032,12,"Covers pre-existing hypertensive heart and chronic kidney disease complicating childbirth, relevant to childbirth context."
64221,O111,13,"Specific to pre-existing hypertension with pre-eclampsia complicating pregnancy, relevant but different complication."
64221,O112,14,"Specific to pre-existing hypertension with pre-eclampsia complicating pregnancy, relevant but different complication."
64221,O113,15,"Specific to pre-existing hypertension with pre-eclampsia complicating pregnancy, relevant but different complication."
64223,O111,1,Closest match for pre-existing hypertension complicating pregnancy with specificity for pre-eclampsia.
64223,O112,2,"Similar to O111, specific to second trimester."
64223,O113,3,"Similar to O111, specific to third trimester."
64223,O10111,4,Specific to pre-existing hypertensive heart disease complicating pregnancy in the first trimester.
64223,O10112,5,Specific to pre-existing hypertensive heart disease complicating pregnancy in the second trimester.
64223,O10113,6,Specific to pre-existing hypertensive heart disease complicating pregnancy in the third trimester.
64223,O10211,7,Specific to pre-existing hypertensive chronic kidney disease complicating pregnancy in the first trimester.
64223,O10212,8,Specific to pre-existing hypertensive chronic kidney disease complicating pregnancy in the second trimester.
64223,O10213,9,Specific to pre-existing hypertensive chronic kidney disease complicating pregnancy in the third trimester.
64223,O10311,10,Specific to pre-existing hypertensive heart and chronic kidney disease complicating pregnancy in the first trimester.
64223,O10312,11,Specific to pre-existing hypertensive heart and chronic kidney disease complicating pregnancy in the second trimester.
64223,O10313,12,Specific to pre-existing hypertensive heart and chronic kidney disease complicating pregnancy in the third trimester.
64224,O1033,1,"Includes both heart and chronic kidney disease, matching the complexity of the hypertension condition."
64224,O1013,2,"Specifically addresses hypertensive heart disease, relevant but less comprehensive than O1033."
64224,O1023,3,"Focuses on chronic kidney disease only, which is less relevant than the heart condition in this context."
64231,O134,1,"directly relates to hypertension complicating childbirth, matching the delivery context"
64231,O131,2,"relates to gestational hypertension during the first trimester, which is relevant but does not match the delivery aspect"
64231,O132,3,"relates to gestational hypertension during the second trimester, relevant but less so than first trimester"
64231,O133,4,"relates to gestational hypertension during the third trimester, relevant but less so than earlier trimesters"
64231,O161,5,"unspecified maternal hypertension in the first trimester, less relevant due to lack of specificity"
64231,O162,6,"unspecified maternal hypertension in the second trimester, less relevant due to lack of specificity"
64231,O163,7,"unspecified maternal hypertension in the third trimester, less relevant due to lack of specificity"
64232,O135,1,Directly relates to gestational hypertension with a specific mention of postpartum complication.
64232,O131,2,Refers to gestational hypertension but lacks specificity regarding postpartum status.
64232,O132,3,Refers to gestational hypertension but lacks specificity regarding postpartum status.
64232,O133,4,Refers to gestational hypertension but lacks specificity regarding postpartum status.
64233,O131,1,"Specific to gestational hypertension in the first trimester, closely related to transient hypertension of pregnancy."
64233,O132,2,"Specific to gestational hypertension in the second trimester, relevant to transient hypertension of pregnancy."
64233,O133,3,"Specific to gestational hypertension in the third trimester, relevant to transient hypertension of pregnancy."
64233,O161,4,Unspecified maternal hypertension in the first trimester; less specific than gestational hypertension codes.
64233,O162,5,Unspecified maternal hypertension in the second trimester; less specific than gestational hypertension codes.
64233,O163,6,Unspecified maternal hypertension in the third trimester; less specific than gestational hypertension codes.
64234,O135,1,Directly corresponds to transient hypertension of pregnancy as a postpartum complication.
64234,O131,2,"Related to pregnancy-induced hypertension but refers to the first trimester, which is less relevant."
64234,O132,3,"Related to pregnancy-induced hypertension but refers to the second trimester, which is less relevant."
64234,O133,4,"Related to pregnancy-induced hypertension but refers to the third trimester, which is less relevant."
64241,O1404,1,Directly matches 'mild or unspecified pre-eclampsia' and specifies complication during childbirth.
64241,O1403,2,Mild to moderate pre-eclampsia in the third trimester; close to unspecified pre-eclampsia.
64241,O1402,3,Mild to moderate pre-eclampsia in the second trimester; less relevant due to trimester specificity.
64241,O1494,4,Unspecified pre-eclampsia complicating childbirth; relevant to the childbirth context.
64241,O1493,5,Unspecified pre-eclampsia in the third trimester; not directly related to childbirth.
64241,O1492,6,Unspecified pre-eclampsia in the second trimester; least relevant due to trimester specificity.
64242,O1405,1,"Directly matches 'mild or unspecified pre-eclampsia' and mentions 'complicating the puerperium', aligning with postpartum complications."
64242,O1495,2,"Matches 'unspecified pre-eclampsia' and includes 'complicating the puerperium', relevant to postpartum context."
64242,O1402,3,"Describes 'mild to moderate pre-eclampsia' but is limited to the second trimester, lacking postpartum context."
64242,O1403,4,"Describes 'mild to moderate pre-eclampsia' but is limited to the third trimester, lacking postpartum context."
64243,O1402,1,"Mild pre-eclampsia, second trimester is specific to mild pre-eclampsia and indicates a specific time frame that aligns with antepartum conditions."
64243,O1403,2,"Mild pre-eclampsia, third trimester is also specific to mild pre-eclampsia and indicates a specific time frame that aligns with antepartum conditions."
64243,O1492,3,"Unspecified pre-eclampsia, second trimester aligns with the unspecified nature of the ICD-9 description, though it is not as specific as mild pre-eclampsia."
64243,O1493,4,"Unspecified pre-eclampsia, third trimester aligns with the unspecified nature of the ICD-9 description, but it is less relevant than the second trimester option."
64244,O1405,1,Directly matches 'mild' pre-eclampsia and specifies that it complicates the puerperium.
64244,O1495,2,Matches 'unspecified' pre-eclampsia and indicates it complicates the puerperium.
64244,O152,3,"Related to eclampsia, which is a more severe condition than pre-eclampsia; thus, it is not a good match."
64251,O1414,1,"Directly relates to severe pre-eclampsia complicating childbirth, matching the delivery aspect of the ICD-9 description."
64251,O1413,2,Severe pre-eclampsia in the third trimester aligns with the diagnosis and delivery context.
64251,O1412,3,Severe pre-eclampsia in the second trimester is relevant but does not specifically address delivery.
64251,O1424,4,HELLP syndrome complicating childbirth is related but not synonymous with pre-eclampsia.
64251,O1423,5,HELLP syndrome in the third trimester is somewhat relevant but does not address delivery.
64251,O1422,6,HELLP syndrome in the second trimester is the least relevant and does not relate to delivery.
64252,O1415,1,Directly corresponds to severe pre-eclampsia with mention of postpartum complication (complicating the puerperium).
64252,O1413,2,"Severe pre-eclampsia during the third trimester, closely related to the condition described."
64252,O1412,3,"Severe pre-eclampsia during the second trimester, relevant but not as specific as third trimester."
64252,O1425,4,"HELLP syndrome complicating the puerperium, which is relevant to postpartum complications."
64252,O1423,5,"HELLP syndrome during the third trimester, which is related but not directly about postpartum complications."
64252,O1422,6,"HELLP syndrome during the second trimester, less relevant to the postpartum context."
64253,O1412,1,"Directly corresponds to severe pre-eclampsia in the second trimester, matching the antepartum condition."
64253,O1413,2,"Directly corresponds to severe pre-eclampsia in the third trimester, matching the antepartum condition."
64253,O1422,3,Related condition (HELLP syndrome) during the second trimester but not a direct match for pre-eclampsia.
64253,O1423,4,Related condition (HELLP syndrome) during the third trimester but not a direct match for pre-eclampsia.
64254,O1415,1,"Directly corresponds to severe pre-eclampsia complicating the puerperium, aligning with postpartum condition."
64254,O1425,2,"Related to HELLP syndrome complicating the puerperium, which is a severe condition associated with pre-eclampsia."
64254,O1412,3,"Refers to severe pre-eclampsia in the second trimester, relevant but not postpartum."
64254,O1413,4,"Refers to severe pre-eclampsia in the third trimester, relevant but not postpartum."
64254,O1422,5,"Refers to HELLP syndrome in the second trimester, relevant but not postpartum."
64254,O1423,6,"Refers to HELLP syndrome in the third trimester, relevant but not postpartum."
64261,O1503,1,Eclampsia in the third trimester is a direct match to the delivery context in the ICD-9 description.
64261,O1502,2,Eclampsia in the second trimester is relevant but not as specific as third trimester delivery.
64261,O151,3,Eclampsia complicating labor relates to delivery but lacks specificity regarding the timing of the pregnancy.
64263,O1503,1,"Directly related to eclampsia occurring during the third trimester, which aligns with the antepartum condition described in ICD-9 code."
64263,O1502,2,"Related to eclampsia in the second trimester; while it is a complication of pregnancy, it is not as relevant as the third trimester option for antepartum conditions."
64271,O114,1,Directly correlates to pre-eclampsia or eclampsia superimposed on pre-existing hypertension during childbirth.
64271,O111,2,"Relates to pre-existing hypertension with pre-eclampsia in the first trimester, but does not address childbirth."
64271,O112,3,"Relates to pre-existing hypertension with pre-eclampsia in the second trimester, but does not address childbirth."
64271,O113,4,"Relates to pre-existing hypertension with pre-eclampsia in the third trimester, but does not address childbirth."
64273,O111,1,"Specific to first trimester, matching the antepartum context of the ICD-9 description."
64273,O112,2,"Specific to second trimester, matching the antepartum context of the ICD-9 description."
64273,O113,3,"Specific to third trimester, matching the antepartum context of the ICD-9 description."
64291,O164,1,Directly matches the description of unspecified hypertension complicating childbirth.
64291,O161,2,"Related to unspecified maternal hypertension, but specific to the first trimester."
64291,O162,3,"Related to unspecified maternal hypertension, but specific to the second trimester."
64291,O163,4,"Related to unspecified maternal hypertension, but specific to the third trimester."
64292,O165,1,Directly matches the concept of unspecified maternal hypertension complicating the puerperium.
64292,O169,2,"While it describes unspecified maternal hypertension, it lacks the specificity regarding the puerperium, making it a less precise match."
64293,O161,1,"The code specifies unspecified maternal hypertension during the first trimester, which is relevant to the antepartum condition."
64293,O162,2,"The code specifies unspecified maternal hypertension during the second trimester, which is also relevant to the antepartum condition."
64293,O163,3,"The code specifies unspecified maternal hypertension during the third trimester, which is relevant to the antepartum condition."
64294,O165,1,"Directly corresponds to unspecified hypertension complicating the puerperium, which aligns with the postpartum condition in the ICD-9 description."
64294,O161,2,"Pertains to unspecified maternal hypertension in the first trimester, which is relevant to pregnancy but not as closely related to postpartum conditions."
64294,O162,3,"Pertains to unspecified maternal hypertension in the second trimester, related to pregnancy but less relevant than first trimester."
64294,O163,4,"Pertains to unspecified maternal hypertension in the third trimester, relevant to pregnancy but does not address the postpartum aspect."
64403,O6003,1,"Specific to preterm labor occurring in the third trimester, closely related to the concept of threatened premature labor."
64403,O6002,2,"Specific to preterm labor occurring in the second trimester, which is relevant but less directly aligned with the antepartum complication indicated by the ICD-9 code."
64413,O471,1,"Directly relates to false labor at or after 37 weeks, which aligns with the concept of threatened labor."
64413,O4703,2,"Relates to false labor in the third trimester, which is a relevant time frame for threatened labor."
64413,O4702,3,"Refers to false labor in the second trimester, which is less relevant to the concept of threatened labor than the third trimester."
64421,O6012X0,1,"Directly relates to early delivery in the second trimester, matching the ICD-9 description of early onset of delivery."
64421,O6013X0,2,"Related to preterm labor and delivery, but specifies third trimester which is less relevant than second trimester."
64421,O6014X0,3,"Specifies preterm labor and delivery in the third trimester, which does not align with the early delivery focus of the ICD-9 description."
64611,O1201,1,"Gestational edema, first trimester is a direct match in meaning to edema in pregnancy without hypertension."
64611,O1202,2,"Gestational edema, second trimester is relevant as it relates to edema in pregnancy, albeit in a different trimester."
64611,O1203,3,"Gestational edema, third trimester is also relevant, corresponding to the same condition in a later stage of pregnancy."
64611,O1204,4,"Gestational edema, complicating childbirth is related to edema during childbirth but slightly diverges from the original diagnosis."
64611,O2601,5,"Excessive weight gain in pregnancy, first trimester matches the excessive weight gain aspect but lacks specificity for edema."
64611,O2602,6,"Excessive weight gain in pregnancy, second trimester is similar to the previous one but in a different trimester."
64611,O2603,7,"Excessive weight gain in pregnancy, third trimester again corresponds to excessive weight gain but is less directly related to the edema aspect."
64611,O1221,8,"Gestational edema with proteinuria, first trimester introduces proteinuria, which is not mentioned in the original diagnosis."
64611,O1222,9,"Gestational edema with proteinuria, second trimester similarly introduces proteinuria, making it less relevant."
64611,O1223,10,"Gestational edema with proteinuria, third trimester also adds proteinuria, diverging from the original diagnosis."
64611,O1224,11,"Gestational edema with proteinuria, complicating childbirth introduces complications not present in the original diagnosis."
64612,O1205,1,"Matches the context of edema during the postpartum period, which is relevant to the mention of postpartum complication."
64612,O1201,2,"Specific to gestational edema in the first trimester, relevant but less so than postpartum complications."
64612,O1202,3,"Specific to gestational edema in the second trimester, relevant but less so than postpartum complications."
64612,O1203,4,"Specific to gestational edema in the third trimester, relevant but less so than postpartum complications."
64612,O1224,5,"Refers to gestational edema with proteinuria complicating childbirth, which does not align well with the provided ICD-9 description."
64613,O1201,1,"Gestational edema, first trimester matches the description of edema without mention of hypertension."
64613,O1202,2,"Gestational edema, second trimester is relevant as it reflects edema in pregnancy."
64613,O1203,3,"Gestational edema, third trimester is relevant as it reflects edema in pregnancy."
64613,O2601,4,"Excessive weight gain in pregnancy, first trimester is relevant as it reflects excessive weight gain."
64613,O2602,5,"Excessive weight gain in pregnancy, second trimester is relevant as it reflects excessive weight gain."
64613,O2603,6,"Excessive weight gain in pregnancy, third trimester is relevant as it reflects excessive weight gain."
64613,O1221,7,"Gestational edema with proteinuria, first trimester is related but includes proteinuria, which is not specified."
64613,O1222,8,"Gestational edema with proteinuria, second trimester is related but includes proteinuria, which is not specified."
64613,O1223,9,"Gestational edema with proteinuria, third trimester is related but includes proteinuria, which is not specified."
64614,O1201,1,"Direct match to the condition of edema in pregnancy during the first trimester, with no complications mentioned."
64614,O1202,2,"Direct match to the condition of edema in pregnancy during the second trimester, with no complications mentioned."
64614,O1203,3,"Direct match to the condition of edema in pregnancy during the third trimester, with no complications mentioned."
64614,O1205,4,"While it describes edema, it specifies a complication during the puerperium, which is not applicable here."
64614,O1225,5,"Describes edema with proteinuria complicating the puerperium, which is not applicable to the original condition."
64621,O26831,1,"This code specifies pregnancy related renal disease during the first trimester, which is a specific condition relevant to the renal disease in pregnancy."
64621,O26832,2,"This code specifies pregnancy related renal disease during the second trimester, which is relevant to the renal disease in pregnancy."
64621,O26833,3,"This code specifies pregnancy related renal disease during the third trimester, which is relevant to the renal disease in pregnancy."
64621,O1214,4,"This code refers to gestational proteinuria complicating childbirth, which is not a direct match to unspecified renal disease in pregnancy."
64622,O1215,1,"Gestational proteinuria is a type of renal disease that can occur during the puerperium, aligning with the unspecified renal disease in pregnancy."
64622,O26831,2,"Pregnancy related renal disease in the first trimester is related to renal issues during pregnancy, although it specifies a time frame."
64622,O26832,3,Pregnancy related renal disease in the second trimester is related to renal issues during pregnancy but specifies a different trimester.
64622,O26833,4,Pregnancy related renal disease in the third trimester is related to renal issues during pregnancy but specifies a different trimester.
64623,O26831,1,"Specific to pregnancy-related renal disease in the first trimester, aligns with unspecified renal disease in pregnancy."
64623,O26832,2,"Specific to pregnancy-related renal disease in the second trimester, aligns with unspecified renal disease in pregnancy."
64623,O26833,3,"Specific to pregnancy-related renal disease in the third trimester, aligns with unspecified renal disease in pregnancy."
64624,O9089,1,"This code captures 'other complications of the puerperium', which can include unspecified renal issues, aligning with the broad nature of 'unspecified renal disease in pregnancy'."
64624,O1215,2,"While this code specifies 'gestational proteinuria', it does not directly correlate to the unspecified nature of renal disease without hypertension or other conditions."
64631,O2621,1,"Directly relates to recurrent pregnancy loss in the first trimester, matching the condition described."
64631,O2622,2,"Pertains to recurrent pregnancy loss in the second trimester, relevant but not as specific to the context of the provided ICD-9 code."
64631,O2623,3,"Refers to recurrent pregnancy loss in the third trimester, which is less relevant than the first and second trimester codes."
64633,O2621,1,Directly addresses recurrent pregnancy loss specifically in the first trimester.
64633,O2622,2,Directly addresses recurrent pregnancy loss specifically in the second trimester.
64633,O2623,3,Directly addresses recurrent pregnancy loss specifically in the third trimester.
64641,O26821,1,Specificity to first trimester aligns with the pregnancy context.
64641,O26822,2,Specificity to second trimester aligns with the pregnancy context.
64641,O26823,3,Specificity to third trimester aligns with the pregnancy context.
64651,O2341,1,"While the code specifies a first trimester infection, it relates to urinary tract infections in pregnancy, which aligns with asymptomatic bacteriuria."
64651,O2342,2,"This code also relates to urinary tract infections in pregnancy but specifies the second trimester, making it less directly relevant than the first trimester code."
64651,O2343,3,"Similar to the other codes, this one pertains to urinary tract infections in pregnancy but focuses on the third trimester, making it the least relevant for asymptomatic bacteriuria."
64653,O2341,1,"The description includes 'infection of urinary tract in pregnancy' which is relevant to the condition of asymptomatic bacteriuria, particularly in the context of the first trimester."
64653,O2342,2,"Similar to O2341, this code pertains to an infection of the urinary tract in pregnancy, specifically during the second trimester, which is relevant but less specific to the original condition."
64653,O2343,3,"This code addresses an infection of the urinary tract during the third trimester, which is the least relevant to asymptomatic bacteriuria in pregnancy as it does not specify the antepartum condition."
64661,O2391,1,"Matches the general condition of genitourinary tract infection in pregnancy, with a focus on the first trimester."
64661,O2392,2,"Matches the general condition of genitourinary tract infection in pregnancy, with a focus on the second trimester."
64661,O2393,3,"Matches the general condition of genitourinary tract infection in pregnancy, with a focus on the third trimester."
64662,O2393,1,"Specifically relates to the third trimester, aligning with the delivery mention in the ICD-9 description."
64662,O2392,2,"Pertains to the second trimester, which is relevant but less specific than the third trimester."
64662,O2391,3,"Relates to the first trimester, which is the least applicable given the context of delivery and postpartum complications."
64663,O2391,1,"Specific to the first trimester, matching the antepartum condition focus of the ICD-9 code."
64663,O2392,2,"Specific to the second trimester, matching the antepartum condition focus of the ICD-9 code."
64663,O2393,3,"Specific to the third trimester, matching the antepartum condition focus of the ICD-9 code."
64664,O8620,1,"Directly refers to urinary tract infection following delivery, which is a specific type of infection related to the genitourinary tract in the context of pregnancy."
64664,O8621,2,"Refers specifically to kidney infection following delivery, still within the scope of genitourinary infections related to pregnancy."
64664,O8622,3,"Addresses bladder infection following delivery, also related to genitourinary infections in the postpartum context."
64664,O8629,4,"Covers other urinary tract infections following delivery, providing a broader category of urinary infections that can occur postpartum."
64664,O8611,5,"Cervicitis is an infection of the cervix, which is part of the genitourinary tract, but is less directly related to the general category of genitourinary infections postpartum."
64664,O8613,6,"Vaginitis following delivery pertains to infections of the vaginal area, which is related but not as closely aligned with the broader term 'genitourinary tract infections.'"
64664,O8619,7,"Describes other infections of the genital tract following delivery, but lacks specificity and does not directly reference urinary tract infections, which is a significant part of the original ICD-9 code."
64671,O2662,1,"Directly corresponds to liver and biliary tract disorders in childbirth, matching the delivery context."
64671,O26611,2,"Relates to liver and biliary tract disorders in pregnancy, but specifies the first trimester, which is less relevant."
64671,O26612,3,"Relates to liver and biliary tract disorders in pregnancy, but specifies the second trimester, which is less relevant."
64671,O26613,4,"Relates to liver and biliary tract disorders in pregnancy, but specifies the third trimester, which is less relevant."
64673,O26611,1,Specific to liver and biliary tract disorders in pregnancy during the first trimester.
64673,O26612,2,Specific to liver and biliary tract disorders in pregnancy during the second trimester.
64673,O26613,3,Specific to liver and biliary tract disorders in pregnancy during the third trimester.
64681,O9989,1,"This code captures 'Other specified diseases and conditions complicating pregnancy', which closely aligns with the concept of 'Other specified complications of pregnancy'."
64681,O26891,2,"This code for 'Other specified pregnancy related conditions, first trimester' is somewhat relevant but is limited to the first trimester."
64681,O26892,3,"This code for 'Other specified pregnancy related conditions, second trimester' is relevant but limited to the second trimester."
64681,O26893,4,"This code for 'Other specified pregnancy related conditions, third trimester' is relevant but limited to the third trimester."
64681,O2611,5,"This code relates to low weight gain in pregnancy during the first trimester, which is not a direct match but could be considered a complication."
64681,O2612,6,"This code relates to low weight gain in pregnancy during the second trimester, which is not a direct match but could be considered a complication."
64681,O2613,7,"This code relates to low weight gain in pregnancy during the third trimester, which is not a direct match but could be considered a complication."
64681,O2641,8,This code for herpes gestationis during the first trimester does not closely match the general complications but is still a pregnancy complication.
64681,O2642,9,This code for herpes gestationis during the second trimester does not closely match the general complications but is still a pregnancy complication.
64681,O2643,10,This code for herpes gestationis during the third trimester does not closely match the general complications but is still a pregnancy complication.
64681,O26811,11,This code for pregnancy related exhaustion and fatigue during the first trimester is a condition but not specifically a complication.
64681,O26812,12,This code for pregnancy related exhaustion and fatigue during the second trimester is a condition but not specifically a complication.
64681,O26813,13,This code for pregnancy related exhaustion and fatigue during the third trimester is a condition but not specifically a complication.
64682,O26891,1,no_good_match
64682,O26892,2,no_good_match
64682,O26893,3,no_good_match
64683,O9989,1,"This code directly relates to other specified diseases and conditions complicating pregnancy, aligning closely with the general description of complications."
64683,O26891,2,"This code refers to other specified pregnancy-related conditions, which fits under the umbrella of complications during pregnancy."
64683,O26892,3,"This code also pertains to other specified pregnancy-related conditions, but is more specific to the second trimester."
64683,O26893,4,"Similar to O26892, this code addresses other specified pregnancy-related conditions, specifically for the third trimester."
64683,O26811,5,"This code discusses pregnancy-related exhaustion and fatigue, which can be considered a complication."
64683,O26812,6,"Similar to O26811, but for the second trimester; it is relevant as it addresses a condition that can complicate pregnancy."
64683,O26813,7,"Similar to O26811 and O26812 but specific to the third trimester, relevant as it relates to complications."
64683,O2611,8,"While it discusses low weight gain in the first trimester, it is a specific condition that may not directly relate to the general category of complications."
64683,O2612,9,"Similar to O2611, but for the second trimester; it is specific but not broadly applicable to the general complications category."
64683,O2613,10,"Similar to O2611 and O2612, but for the third trimester; it is specific but less relevant to the overall complications."
64683,O2641,11,Herpes gestationis is a specific condition that may not relate to the broader category of other specified complications.
64683,O2642,12,Similar to O2641 but for the second trimester; still a specific condition that may not broadly relate to complications.
64683,O2643,13,"Similar to O2641 and O2642, but for the third trimester; still too specific to be broadly applicable to the general complications."
64703,O98111,1,"Specific to syphilis complicating pregnancy in the first trimester, aligning with the antepartum condition context."
64703,O98112,2,"Specific to syphilis complicating pregnancy in the second trimester, relevant to the antepartum condition."
64703,O98113,3,"Specific to syphilis complicating pregnancy in the third trimester, relevant to the antepartum condition."
64711,O9822,1,"Directly matches the concept of gonorrhea complicating childbirth, aligning closely with the ICD-9 description."
64711,O98211,2,"Matches the concept of gonorrhea complicating pregnancy, specifically in the first trimester, which is relevant but less specific than childbirth."
64711,O98212,3,"Matches the concept of gonorrhea complicating pregnancy, specifically in the second trimester, relevant but less specific than childbirth."
64711,O98213,4,"Matches the concept of gonorrhea complicating pregnancy, specifically in the third trimester, relevant but less specific than childbirth."
64721,O9832,1,Directly related to complications during childbirth and addresses infections with a sexual mode of transmission.
64721,O98311,2,Relates to complications during the first trimester of pregnancy with a sexual mode of transmission.
64721,O98312,3,Relates to complications during the second trimester of pregnancy with a sexual mode of transmission.
64721,O98313,4,Relates to complications during the third trimester of pregnancy with a sexual mode of transmission.
64723,O98311,1,"Directly relates to infections with a sexual mode of transmission complicating pregnancy, specifically in the first trimester."
64723,O98312,2,"Directly relates to infections with a sexual mode of transmission complicating pregnancy, specifically in the second trimester."
64723,O98313,3,"Directly relates to infections with a sexual mode of transmission complicating pregnancy, specifically in the third trimester."
64761,O9852,1,"Directly corresponds to 'Other viral diseases complicating childbirth', matching the ICD-9 description."
64761,O98511,2,"Related to viral diseases complicating pregnancy, specifically in the first trimester."
64761,O98512,3,"Related to viral diseases complicating pregnancy, specifically in the second trimester."
64761,O98513,4,"Related to viral diseases complicating pregnancy, specifically in the third trimester."
64761,O9842,5,"Specifically refers to viral hepatitis complicating childbirth, which is a specific type of viral disease."
64762,O9853,1,"This code directly corresponds to 'Other viral diseases complicating the puerperium,' aligning closely with the ICD-9 description of other viral diseases in the mother."
64762,O9843,2,"While this code relates to viral hepatitis, it is more specific to hepatitis rather than encompassing all other viral diseases, making it a less suitable match."
64763,O98511,1,"Specifically addresses 'other viral diseases' complicating pregnancy during the first trimester, aligning with the antepartum condition description."
64763,O98512,2,"Specifically addresses 'other viral diseases' complicating pregnancy during the second trimester, which is a relevant antepartum condition."
64763,O98513,3,"Specifically addresses 'other viral diseases' complicating pregnancy during the third trimester, still relevant to antepartum conditions."
64764,O9853,1,"This code directly aligns with 'Other viral diseases complicating the puerperium,' which is a more specific match to the ICD-9 description."
64764,O9843,2,"While this code addresses viral hepatitis complicating the puerperium, it is more specific to hepatitis and does not encompass other viral diseases, making it a less suitable match."
64781,O98811,1,"Directly corresponds to 'other maternal infectious and parasitic diseases' in first trimester, matches the general category."
64781,O98812,2,"Directly corresponds to 'other maternal infectious and parasitic diseases' in second trimester, matches the general category."
64781,O98813,3,"Directly corresponds to 'other maternal infectious and parasitic diseases' in third trimester, matches the general category."
64781,O98611,4,"Specifically addresses protozoal diseases complicating pregnancy in first trimester, closely related to infectious diseases."
64781,O98612,5,"Specifically addresses protozoal diseases complicating pregnancy in second trimester, closely related to infectious diseases."
64781,O98613,6,"Specifically addresses protozoal diseases complicating pregnancy in third trimester, closely related to infectious diseases."
64781,O9882,7,"Covers other maternal infectious and parasitic diseases during childbirth, related but not during pregnancy."
64781,O99834,8,"Refers to an infection carrier state complicating childbirth, not directly related to maternal infectious diseases."
64782,O9883,1,"This code directly relates to maternal infectious and parasitic diseases complicating the puerperium, which matches the ICD-9 description."
64782,O99835,2,"While this code refers to infections complicating the puerperium, it specifies an infection carrier state, which is less specific than the maternal infectious diseases in the ICD-9 description."
64783,O98811,1,Most closely matches the description by being an 'Other maternal infectious and parasitic disease' and specifying first trimester.
64783,O98812,2,Matches the description as it is an 'Other maternal infectious and parasitic disease' but specifies second trimester.
64783,O98813,3,Also matches as an 'Other maternal infectious and parasitic disease' but specifies third trimester.
64783,O98611,4,"This code relates to protozoal diseases complicating pregnancy, which is a more specific category under infectious diseases."
64783,O98612,5,"Similar to the previous but specifies second trimester; however, it focuses on protozoal diseases."
64783,O98613,6,Similar to previous codes but focuses on third trimester; still under protozoal diseases rather than the broader category.
64791,O9892,1,Directly corresponds to the condition of unspecified infection during childbirth.
64791,O98911,2,"Relevant to infection during the first trimester, which is a specific time frame related to pregnancy."
64791,O98912,3,"Relevant to infection during the second trimester, which is a specific time frame related to pregnancy."
64791,O98913,4,"Relevant to infection during the third trimester, which is a specific time frame related to pregnancy."
64793,O98911,1,Directly corresponds to unspecified maternal infection during the first trimester.
64793,O98912,2,Directly corresponds to unspecified maternal infection during the second trimester.
64793,O98913,3,Directly corresponds to unspecified maternal infection during the third trimester.
64801,O2492,1,Directly corresponds to diabetes mellitus complicating childbirth.
64801,O2432,2,"Related to pre-existing diabetes in the context of childbirth, but not specifically addressing pregnancy complications."
64801,O24911,3,Specifically addresses diabetes in the first trimester of pregnancy.
64801,O24912,4,Specifically addresses diabetes in the second trimester of pregnancy.
64801,O24913,5,Specifically addresses diabetes in the third trimester of pregnancy.
64803,O24911,1,"Specific to diabetes mellitus in the context of pregnancy, aligns with antepartum condition."
64803,O24912,2,"Specific to diabetes mellitus in the context of pregnancy, aligns with antepartum condition."
64803,O24913,3,"Specific to diabetes mellitus in the context of pregnancy, aligns with antepartum condition."
64811,O99284,1,"Specifically addresses endocrine diseases complicating childbirth, aligning closely with the delivery aspect in the ICD-9 description."
64811,O99281,2,"Covers endocrine diseases complicating pregnancy, specifically in the first trimester, which relates to the mother's thyroid dysfunction during pregnancy."
64811,O99282,3,"Addresses endocrine diseases complicating pregnancy in the second trimester, relevant to the mother's thyroid dysfunction during pregnancy."
64811,O99283,4,"Covers endocrine diseases complicating pregnancy in the third trimester, also relevant to the mother's thyroid dysfunction during pregnancy."
64813,O99281,1,"Specific to complications of endocrine disorders in the first trimester, aligning with antepartum condition."
64813,O99282,2,"Specific to complications of endocrine disorders in the second trimester, relevant to antepartum condition."
64813,O99283,3,"Specific to complications of endocrine disorders in the third trimester, still relevant to antepartum condition but less direct than first and second trimesters."
64814,O905,1,"Directly corresponds to postpartum thyroid dysfunction, matching the description of 'Thyroid dysfunction of mother, postpartum condition or complication'."
64814,O99285,2,Broadly relates to endocrine complications during the puerperium but lacks specificity to thyroid dysfunction.
64821,O9902,1,"Directly relates to anemia complicating childbirth, which aligns with the delivery aspect of the ICD-9 code."
64821,O99011,2,Anemia complicating pregnancy in the first trimester is relevant but less specific to delivery than O9902.
64821,O99012,3,Anemia complicating pregnancy in the second trimester is relevant but less specific to delivery than O9902.
64821,O99013,4,Anemia complicating pregnancy in the third trimester is relevant but less specific to delivery than O9902.
64823,O99011,1,"Specific to anemia complicating pregnancy in the first trimester, relevant to antepartum condition."
64823,O99012,2,"Specific to anemia complicating pregnancy in the second trimester, relevant to antepartum condition."
64823,O99013,3,"Specific to anemia complicating pregnancy in the third trimester, relevant to antepartum condition."
64824,O9081,1,Directly describes anemia in the postpartum period with a focus on the condition.
64824,O9903,2,"Describes anemia as a complication during the puerperium, closely related but less specific than O9081."
64831,O99324,1,"Directly relates to drug use complicating childbirth, which is the key aspect of the ICD-9 code."
64831,O99321,2,"Refers to drug use complicating pregnancy in the first trimester, which is relevant but less specific to childbirth."
64831,O99322,3,"Refers to drug use complicating pregnancy in the second trimester, which is relevant but less specific to childbirth."
64831,O99323,4,"Refers to drug use complicating pregnancy in the third trimester, which is relevant but less specific to childbirth."
64833,O99321,1,"Directly relates to drug use complicating pregnancy during the first trimester, matching the antepartum condition context."
64833,O99322,2,"Relates to drug use complicating pregnancy during the second trimester, still within the antepartum condition context but not as specific as first trimester."
64833,O99323,3,"Relates to drug use complicating pregnancy during the third trimester, still within the antepartum condition context but less relevant to the earlier stages."
64841,O99344,1,"Directly addresses mental disorders complicating childbirth, aligning closely with the mother's condition during delivery."
64841,O99341,2,"Refers to mental disorders complicating pregnancy in the first trimester, somewhat related but less specific to the delivery context."
64841,O99342,3,"Refers to mental disorders complicating pregnancy in the second trimester, less relevant to delivery."
64841,O99343,4,"Refers to mental disorders complicating pregnancy in the third trimester, again less relevant than O99344."
64842,O906,1,"Directly relates to postpartum mood disturbances, aligning closely with the mental disorders of the mother after delivery."
64842,O99345,2,"While it addresses mental disorders complicating the puerperium, it is broader and less specific than postpartum mood disturbance."
64843,O99341,1,"Directly relates to mental disorders complicating pregnancy in the first trimester, matching the antepartum condition."
64843,O99342,2,"Directly relates to mental disorders complicating pregnancy in the second trimester, matching the antepartum condition."
64843,O99343,3,"Directly relates to mental disorders complicating pregnancy in the third trimester, matching the antepartum condition."
64851,O9942,1,"Directly relates to diseases of the circulatory system during childbirth, which aligns with the delivery context of the ICD-9 code."
64851,O99411,2,"Refers to diseases of the circulatory system in the first trimester, indicating a complication during pregnancy, but does not specify delivery."
64851,O99412,3,"Refers to diseases of the circulatory system in the second trimester, indicating a complication during pregnancy, but does not specify delivery."
64851,O99413,4,"Refers to diseases of the circulatory system in the third trimester, indicating a complication during pregnancy, but does not specify delivery."
64853,O99411,1,"Specifically addresses complications of the circulatory system during the first trimester, which aligns with antepartum conditions."
64853,O99412,2,"Addresses complications of the circulatory system during the second trimester, relevant to antepartum conditions."
64853,O99413,3,"Covers complications of the circulatory system during the third trimester, applicable to antepartum conditions."
64861,O9942,1,"Directly relates to diseases of the circulatory system complicating childbirth, aligning with the delivery aspect of the ICD-9 description."
64861,O99411,2,"Pertains to circulatory system diseases complicating pregnancy during the first trimester, which is relevant but less specific to delivery."
64861,O99412,3,"Pertains to circulatory system diseases complicating pregnancy during the second trimester, relevant but less specific to delivery."
64861,O99413,4,"Pertains to circulatory system diseases complicating pregnancy during the third trimester, relevant but less specific to delivery."
64863,O99411,1,Directly relates to cardiovascular diseases complicating pregnancy in the first trimester.
64863,O99412,2,Directly relates to cardiovascular diseases complicating pregnancy in the second trimester.
64863,O99413,3,Directly relates to cardiovascular diseases complicating pregnancy in the third trimester.
64881,O99814,1,"Directly relates to abnormal glucose complicating childbirth, aligning closely with the ICD-9 description."
64881,O24425,2,"Specifies gestational diabetes in childbirth controlled by medication, relevant to glucose tolerance issues."
64881,O24429,3,"Covers gestational diabetes in childbirth with unspecified control, relevant to abnormal glucose in delivery."
64881,O24419,4,"Covers gestational diabetes in pregnancy, although does not specify childbirth, it remains relevant."
64881,O99810,5,"Refers to abnormal glucose complicating pregnancy, but does not specifically address childbirth as per the ICD-9 description."
64882,O99815,1,"Directly related to abnormal glucose during the puerperium, matching the description of postpartum complications."
64882,O24435,2,"Related to gestational diabetes in the puerperium but specifies treatment with oral hypoglycemic drugs, which is less directly aligned with the provided ICD-9 description."
64883,O99810,1,direct match to abnormal glucose tolerance during pregnancy
64883,O24415,2,"specific to gestational diabetes controlled by oral medications, related to abnormal glucose tolerance"
64883,O24419,3,"related to gestational diabetes but unspecified control, less specific than O24415"
64884,O99815,1,"This code directly addresses abnormal glucose levels during the puerperium, aligning closely with the ICD-9 description."
64884,O24435,2,"This code indicates gestational diabetes in the puerperium with specific treatment (oral hypoglycemic), which is related but less general than the first option."
64884,O24439,3,"This code refers to gestational diabetes in the puerperium without specifying control, making it less precise than the first two options."
64891,O99284,1,"This code encompasses complications related to endocrine, nutritional, and metabolic diseases during childbirth, aligning well with the broader implications of 'other current conditions' as indicated in the ICD-9 description."
64891,O252,2,"While malnutrition in childbirth is a specific condition, it is a narrower focus compared to the broader category of 'other current conditions,' making it a less suitable match."
64893,O99281,1,"Endocrine, nutritional and metabolic diseases complicating pregnancy, first trimester is closely related to the 'current conditions' of the mother during pregnancy."
64893,O99282,2,"Endocrine, nutritional and metabolic diseases complicating pregnancy, second trimester is relevant as it pertains to conditions affecting the mother during pregnancy."
64893,O99283,3,"Endocrine, nutritional and metabolic diseases complicating pregnancy, third trimester is relevant as it pertains to conditions affecting the mother during pregnancy."
64893,O2511,4,"Malnutrition in pregnancy, first trimester is a specific condition that falls under the category of current maternal conditions."
64893,O2512,5,"Malnutrition in pregnancy, second trimester is a specific condition that falls under the category of current maternal conditions."
64893,O2513,6,"Malnutrition in pregnancy, third trimester is a specific condition that falls under the category of current maternal conditions."
64894,O99285,1,"This code directly relates to complications during the puerperium due to endocrine, nutritional, and metabolic diseases, aligning with the broader category of conditions post childbirth."
64894,O253,2,"This code pertains to malnutrition in the puerperium, which can be seen as a specific condition classifiable under postpartum complications."
64894,O9963,3,"This code covers diseases of the digestive system complicating the puerperium, which could be a relevant complication during the postpartum period."
64894,O9953,4,"This code includes respiratory system diseases complicating the puerperium, which fits within the context of postpartum conditions."
64894,O9A23,5,"This code addresses injuries, poisoning, and other consequences of external causes complicating the puerperium, which may not be as closely related but still pertains to complications during this period."
64901,O99334,1,Directly corresponds to tobacco use disorder complicating childbirth.
64901,O99331,2,"Relevant to tobacco use complicating pregnancy, specifically in the first trimester."
64901,O99332,3,"Relevant to tobacco use complicating pregnancy, specifically in the second trimester."
64901,O99333,4,"Relevant to tobacco use complicating pregnancy, specifically in the third trimester."
64903,O99331,1,"Specific to tobacco use complicating pregnancy in the first trimester, aligns with the antepartum condition."
64903,O99332,2,"Specific to tobacco use complicating pregnancy in the second trimester, aligns with the antepartum condition."
64903,O99333,3,"Specific to tobacco use complicating pregnancy in the third trimester, aligns with the antepartum condition."
64911,O99214,1,"Directly relates to obesity complicating childbirth, aligning with the description of the ICD-9 code."
64911,O99211,2,"Refers to obesity complicating pregnancy specifically in the first trimester, which is a relevant aspect of the overall condition."
64911,O99212,3,"Refers to obesity complicating pregnancy specifically in the second trimester, which is a relevant aspect of the overall condition."
64911,O99213,4,"Refers to obesity complicating pregnancy specifically in the third trimester, which is a relevant aspect of the overall condition."
64913,O99211,1,"Specific to obesity complicating pregnancy in the first trimester, aligns with the ICD-9 description."
64913,O99212,2,"Specific to obesity complicating pregnancy in the second trimester, aligns with the ICD-9 description."
64913,O99213,3,"Specific to obesity complicating pregnancy in the third trimester, aligns with the ICD-9 description."
64921,O99841,1,Directly corresponds to bariatric surgery status complicating pregnancy in the first trimester.
64921,O99842,2,Directly corresponds to bariatric surgery status complicating pregnancy in the second trimester.
64921,O99843,3,Directly corresponds to bariatric surgery status complicating pregnancy in the third trimester.
64921,O99844,4,"Related to bariatric surgery status complicating childbirth, but does not specify the antepartum condition."
64923,O99841,1,Directly matches the ICD-9 description for bariatric surgery status complicating pregnancy in the first trimester.
64923,O99842,2,Directly matches the ICD-9 description for bariatric surgery status complicating pregnancy in the second trimester.
64923,O99843,3,Directly matches the ICD-9 description for bariatric surgery status complicating pregnancy in the third trimester.
64931,O9912,1,"Directly addresses diseases of the blood complicating childbirth, matching the context of coagulation defects during delivery."
64931,O99111,2,"Relates to blood diseases complicating pregnancy in the first trimester, which is relevant but not specific to childbirth."
64931,O99112,3,"Relates to blood diseases complicating pregnancy in the second trimester, which is relevant but not specific to childbirth."
64931,O99113,4,"Relates to blood diseases complicating pregnancy in the third trimester, which is relevant but not specific to childbirth."
64933,O99111,1,"The code addresses blood disorders complicating pregnancy specifically in the first trimester, making it semantically relevant to the concept of coagulation defects in pregnancy."
64933,O99112,2,"This code pertains to blood disorders complicating pregnancy in the second trimester, which is relevant to the overall concept of coagulation defects complicating pregnancy."
64933,O99113,3,"This code refers to blood disorders complicating pregnancy in the third trimester, maintaining relevance to the concept of coagulation defects during pregnancy."
64941,O99354,1,"Specifically addresses diseases of the nervous system complicating childbirth, which is closely related to the original condition of epilepsy complicating childbirth."
64941,O99351,2,"Addresses diseases of the nervous system complicating pregnancy in the first trimester, relevant but less specific than childbirth."
64941,O99352,3,"Addresses diseases of the nervous system complicating pregnancy in the second trimester, relevant but less specific than childbirth."
64941,O99353,4,"Addresses diseases of the nervous system complicating pregnancy in the third trimester, relevant but less specific than childbirth."
64943,O99351,1,"specific to complications during the first trimester, aligning with the context of epilepsy complicating pregnancy"
64943,O99352,2,"specific to complications during the second trimester, aligning with the context of epilepsy complicating pregnancy"
64943,O99353,3,"specific to complications during the third trimester, aligning with the context of epilepsy complicating pregnancy"
64951,O26851,1,"Specific to first trimester spotting, which is a relevant timeframe for complications during pregnancy."
64951,O26852,2,"Specific to second trimester spotting, also relevant to complications during pregnancy."
64951,O26853,3,"Specific to third trimester spotting, relevant to complications during pregnancy."
64953,O26851,1,"Directly matches the diagnosis of spotting complicating pregnancy, specifically in the first trimester."
64953,O26852,2,"Directly matches the diagnosis of spotting complicating pregnancy, specifically in the second trimester."
64953,O26853,3,"Directly matches the diagnosis of spotting complicating pregnancy, specifically in the third trimester."
64961,O26841,1,Direct match with the concept of uterine size-date discrepancy during the first trimester.
64961,O26842,2,Direct match with the concept of uterine size-date discrepancy during the second trimester.
64961,O26843,3,Direct match with the concept of uterine size-date discrepancy during the third trimester.
64963,O26841,1,"specificity: relates to uterine size-date discrepancy in the first trimester, which is a defined period of antepartum."
64963,O26842,2,"specificity: relates to uterine size-date discrepancy in the second trimester, also a defined period of antepartum."
64963,O26843,3,"specificity: relates to uterine size-date discrepancy in the third trimester, still relevant to antepartum conditions."
64971,O26873,1,"Cervical shortening in the third trimester is the most specific match as it directly relates to the condition described in the ICD-9 code, which indicates the status post-delivery."
64971,O26872,2,"Cervical shortening in the second trimester is less specific than the third trimester option, but still relevant as it pertains to cervical shortening."
64973,O26872,1,"This code specifies cervical shortening during the second trimester, which is a relevant timeframe for antepartum conditions."
64973,O26873,2,"This code specifies cervical shortening during the third trimester, which is also relevant but is a later stage than the second trimester."
65101,O30003,1,"Best match as it refers to twin pregnancy in the third trimester, aligning with delivery."
65101,O30002,2,"Good match as it refers to twin pregnancy in the second trimester, relevant to antepartum conditions."
65101,O30001,3,"Acceptable match as it refers to twin pregnancy in the first trimester, but less relevant to delivery context."
65103,O30001,1,"matches the concept of twin pregnancy in the first trimester, specific to antepartum condition"
65103,O30002,2,"matches the concept of twin pregnancy in the second trimester, specific to antepartum condition"
65103,O30003,3,"matches the concept of twin pregnancy in the third trimester, specific to antepartum condition"
65111,O30103,1,"This code specifies triplet pregnancy during the third trimester, which aligns with the delivery aspect of the ICD-9 code."
65111,O30102,2,"This code specifies triplet pregnancy during the second trimester, which is relevant but does not align with the delivery aspect."
65111,O30101,3,"This code specifies triplet pregnancy during the first trimester, which is the least relevant as it does not align with the delivery aspect."
65113,O30101,1,Directly corresponds to triplet pregnancy in the first trimester.
65113,O30102,2,Directly corresponds to triplet pregnancy in the second trimester.
65113,O30103,3,Directly corresponds to triplet pregnancy in the third trimester.
65123,O30201,1,"Directly describes quadruplet pregnancy in the first trimester, matching the antepartum condition."
65123,O30202,2,"Describes quadruplet pregnancy in the second trimester, relevant to antepartum conditions."
65123,O30203,3,"Describes quadruplet pregnancy in the third trimester, relevant to antepartum conditions."
65171,O3131X0,1,"First trimester specifies the timing of the continuing pregnancy after fetal reduction, matching the context of delivery."
65171,O3132X0,2,"Second trimester specifies the timing of the continuing pregnancy after fetal reduction, relevant to the context of delivery."
65171,O3133X0,3,"Third trimester specifies the timing of the continuing pregnancy after fetal reduction, relevant but less aligned with the immediate context of delivery."
65173,O3131X0,1,Matches the context of multiple gestation and elective fetal reduction during the first trimester.
65173,O3132X0,2,Matches the context of multiple gestation and elective fetal reduction during the second trimester.
65173,O3133X0,3,Matches the context of multiple gestation and elective fetal reduction during the third trimester.
65281,O328XX0,1,"This code specifically refers to 'other malpresentation of fetus', which closely aligns with the description of 'other specified malposition or malpresentation' in the ICD-9 code."
65281,O326XX0,2,"This code is for 'compound presentation', which is a specific type of malpresentation. While related, it is less applicable than the more general malpresentation code."
65283,O328XX0,1,"This code directly relates to 'other malpresentation of fetus', which aligns closely with the concept of 'other specified malposition' in the ICD-9 description."
65283,O326XX0,2,"This code refers to 'compound presentation', which is a specific type of malpresentation. It is not as general as the ICD-9 description and thus ranks lower."
65371,O337XX0,1,"Most general code that covers disproportion due to other fetal deformities, applicable to the provided ICD-9 description."
65371,O337XX1,2,"Specific to fetus 1, relevant to the description of fetal abnormality causing disproportion."
65371,O337XX2,3,"Specific to fetus 2, relevant to the description of fetal abnormality causing disproportion."
65371,O337XX3,4,"Specific to fetus 3, relevant to the description of fetal abnormality causing disproportion."
65371,O337XX4,5,"Specific to fetus 4, relevant to the description of fetal abnormality causing disproportion."
65371,O337XX5,6,"Specific to fetus 5, relevant to the description of fetal abnormality causing disproportion."
65371,O337XX9,7,"Covers other fetuses, relevant to the description of fetal abnormality causing disproportion."
65401,O3401,1,"Best match for congenital malformation of the uterus, applicable to the first trimester."
65401,O3402,2,"Good match for congenital malformation of the uterus, applicable to the second trimester."
65401,O3403,3,"Good match for congenital malformation of the uterus, applicable to the third trimester."
65402,O3401,1,"Directly related to congenital malformation of the uterus during the first trimester, aligning with the ICD-9 description."
65402,O3402,2,"Related to congenital malformation of the uterus during the second trimester, relevant to the ICD-9 description but less specific than O3401."
65402,O3403,3,"Related to congenital malformation of the uterus during the third trimester, relevant but less specific than O3401 and O3402."
65403,O3401,1,"Directly corresponds to congenital malformation of the uterus during the first trimester, matching the antepartum context."
65403,O3402,2,"Directly corresponds to congenital malformation of the uterus during the second trimester, matching the antepartum context."
65403,O3403,3,"Directly corresponds to congenital malformation of the uterus during the third trimester, matching the antepartum context."
65404,O3401,1,"Specific to maternal care for congenital malformation of uterus during first trimester, aligning with congenital abnormalities context."
65404,O3402,2,"Specific to maternal care for congenital malformation of uterus during second trimester, still relevant to congenital abnormalities."
65404,O3403,3,"Specific to maternal care for congenital malformation of uterus during third trimester, relevant but less direct than first and second trimester."
65411,O3411,1,"Specific to benign tumors of the corpus uteri in the first trimester, aligns with the ICD-9 description."
65411,O3412,2,"Specific to benign tumors of the corpus uteri in the second trimester, aligns with the ICD-9 description."
65411,O3413,3,"Specific to benign tumors of the corpus uteri in the third trimester, aligns with the ICD-9 description."
65413,O3411,1,"Directly correlates to benign tumor of the body of the uterus during the first trimester, matching the antepartum condition."
65413,O3412,2,"Directly correlates to benign tumor of the body of the uterus during the second trimester, matching the antepartum condition."
65413,O3413,3,"Directly correlates to benign tumor of the body of the uterus during the third trimester, matching the antepartum condition."
65414,O3411,1,"Directly relates to benign tumors of the corpus uteri, applicable in the postpartum context."
65414,O3412,2,"Also relates to benign tumors of the corpus uteri, but specifies the second trimester."
65414,O3413,3,"Relates to benign tumors of the corpus uteri, but specifies the third trimester."
65421,O34211,1,Specificity in describing the type of scar (low transverse) aligns with the concept of previous cesarean delivery.
65421,O34212,2,"Specificity in describing the type of scar (vertical) aligns with the concept of previous cesarean delivery, but is less common than low transverse."
65421,O34219,3,"While related, the lack of specificity regarding the scar type makes it less aligned with the original ICD-9 description."
65423,O34211,1,Directly relates to previous cesarean delivery with specificity for low transverse scar.
65423,O34212,2,Directly relates to previous cesarean delivery with specificity for vertical scar.
65423,O34219,3,Directly relates to previous cesarean delivery but is less specific as it refers to an unspecified type scar.
65431,O34513,1,Best match for 'gravid uterus' and 'incarceration' with the temporal detail of third trimester.
65431,O34512,2,Matches 'gravid uterus' and 'incarceration' but specifies the second trimester.
65431,O34511,3,Matches 'gravid uterus' and 'incarceration' but specifies the first trimester.
65431,O34533,4,Matches 'gravid uterus' and 'retroversion' with the temporal detail of third trimester.
65431,O34532,5,Matches 'gravid uterus' and 'retroversion' but specifies the second trimester.
65431,O34531,6,Matches 'gravid uterus' and 'retroversion' but specifies the first trimester.
65441,O34591,1,"Specific to other abnormalities of the gravid uterus, aligns with the ICD-9 description."
65441,O34592,2,"Specific to other abnormalities of the gravid uterus in the second trimester, closely related to the ICD-9 description."
65441,O34593,3,"Specific to other abnormalities of the gravid uterus in the third trimester, related to the ICD-9 description."
65441,O34521,4,Maternal care for prolapse of gravid uterus in the first trimester; less relevant as it specifies a type of abnormality (prolapse) not mentioned in the ICD-9.
65441,O34522,5,Maternal care for prolapse of gravid uterus in the second trimester; still less relevant due to focus on prolapse.
65441,O34523,6,Maternal care for prolapse of gravid uterus in the third trimester; least relevant due to specific focus on prolapse.
65442,O34591,1,"Specific to maternal care for abnormalities of the gravid uterus, first trimester aligns with the general description of 'abnormalities in shape or position of gravid uterus'."
65442,O34592,2,"Specific to maternal care for abnormalities of the gravid uterus, second trimester aligns with the general description of 'abnormalities in shape or position of gravid uterus'."
65442,O34593,3,"Specific to maternal care for abnormalities of the gravid uterus, third trimester aligns with the general description of 'abnormalities in shape or position of gravid uterus'."
65443,O34591,1,Directly addresses 'other abnormalities of gravid uterus' which aligns closely with the ICD-9 description.
65443,O34592,2,"Covers 'other abnormalities of gravid uterus' in the second trimester, maintaining relevance to the ICD-9 description."
65443,O34593,3,"Addresses 'other abnormalities of gravid uterus' in the third trimester, relevant to the ICD-9 description."
65443,O34521,4,"Specific to 'prolapse of gravid uterus' in the first trimester, but does not encompass the broader category of 'other abnormalities'."
65443,O34522,5,"Specific to 'prolapse of gravid uterus' in the second trimester, limited relevance to the broader ICD-9 description."
65443,O34523,6,"Specific to 'prolapse of gravid uterus' in the third trimester, not addressing the broader category in the ICD-9 description."
65444,O34591,1,"Relevant to abnormalities of the gravid uterus, though specific to the first trimester."
65444,O34592,2,"Relevant to abnormalities of the gravid uterus, though specific to the second trimester."
65444,O34593,3,"Relevant to abnormalities of the gravid uterus, though specific to the third trimester."
65451,O3431,1,"Specific to cervical incompetence in the first trimester, aligning with the condition described."
65451,O3432,2,"Specific to cervical incompetence in the second trimester, closely related to the condition described."
65451,O3433,3,"Specific to cervical incompetence in the third trimester, still relevant to the condition described."
65453,O3431,1,"Specific to cervical incompetence in the first trimester, which aligns with antepartum condition."
65453,O3432,2,"Specific to cervical incompetence in the second trimester, relevant to antepartum care."
65453,O3433,3,"Specific to cervical incompetence in the third trimester, also relevant to antepartum care."
65461,O3441,1,"Specific to abnormalities of cervix during the first trimester, relevant to the delivery context."
65461,O3442,2,"Specific to abnormalities of cervix during the second trimester, relevant to the delivery context."
65461,O3443,3,"Specific to abnormalities of cervix during the third trimester, relevant to the delivery context."
65463,O3441,1,"Maternal care for abnormalities of cervix in the first trimester is specifically related to congenital or acquired abnormalities, matching the antepartum context."
65463,O3442,2,"Maternal care for abnormalities of cervix in the second trimester is relevant to the diagnosis, but less specific than first trimester."
65463,O3443,3,Maternal care for abnormalities of cervix in the third trimester is also relevant but the least specific to the antepartum condition.
65464,O3441,1,"The code refers to maternal care for cervical abnormalities during the first trimester, which is relevant to congenital or acquired cervical conditions."
65464,O3442,2,"The code addresses maternal care for cervical abnormalities during the second trimester, maintaining relevance to cervical conditions."
65464,O3443,3,"The code involves maternal care for cervical abnormalities in the third trimester, still related to cervical conditions but less relevant than earlier trimesters."
65471,O3461,1,"Directly relates to maternal care for abnormality of vagina during the first trimester, matching the context of congenital or acquired abnormalities."
65471,O3462,2,"Directly relates to maternal care for abnormality of vagina during the second trimester, maintaining relevance to congenital or acquired abnormalities."
65471,O3463,3,"Directly relates to maternal care for abnormality of vagina during the third trimester, still applicable to congenital or acquired abnormalities."
65473,O3461,1,"Specific to the first trimester, relevant to abnormality of vagina antepartum."
65473,O3462,2,"Specific to the second trimester, relevant to abnormality of vagina antepartum."
65473,O3463,3,"Specific to the third trimester, relevant to abnormality of vagina antepartum."
65481,O3471,1,"Specific to abnormality of vulva and perineum in first trimester, aligns with congenital or acquired conditions during pregnancy."
65481,O3472,2,"Specific to abnormality of vulva and perineum in second trimester, aligns with congenital or acquired conditions during pregnancy."
65481,O3473,3,"Specific to abnormality of vulva and perineum in third trimester, aligns with congenital or acquired conditions during pregnancy."
65491,O3481,1,"Directly addresses abnormalities of pelvic organs in the first trimester, relevant to the pelvis and abnormality context."
65491,O3482,2,"Addresses abnormalities of pelvic organs, relevant for the second trimester, maintaining the focus on pelvic abnormalities."
65491,O3483,3,"Addresses abnormalities of pelvic organs, relevant for the third trimester, maintaining the focus on pelvic abnormalities."
65491,O3491,4,"Covers unspecified pelvic organ abnormalities in the first trimester, relates to the pelvis and abnormality context."
65491,O3492,5,"Covers unspecified pelvic organ abnormalities in the second trimester, relates to the pelvis and abnormality context."
65491,O3493,6,"Covers unspecified pelvic organ abnormalities in the third trimester, relates to the pelvis and abnormality context."
65491,O3429,7,"Mentions uterine scar from previous surgery, which is not directly related to the unspecified abnormalities of pelvic organs."
65493,O3481,1,"Maternal care for other abnormalities of pelvic organs, first trimester matches the description of abnormality of organs and soft tissues of pelvis."
65493,O3482,2,"Maternal care for other abnormalities of pelvic organs, second trimester is relevant as it covers abnormalities of pelvic organs."
65493,O3483,3,"Maternal care for other abnormalities of pelvic organs, third trimester is relevant as it addresses abnormalities of pelvic organs."
65493,O3491,4,"Maternal care for abnormality of pelvic organ, unspecified, first trimester covers unspecified abnormalities of pelvic organs."
65493,O3492,5,"Maternal care for abnormality of pelvic organ, unspecified, second trimester includes unspecified abnormalities of pelvic organs."
65493,O3493,6,"Maternal care for abnormality of pelvic organ, unspecified, third trimester also relates to unspecified abnormalities of pelvic organs."
65493,O3429,7,Maternal care due to uterine scar from other previous surgery is not directly related to abnormalities of pelvic organs or soft tissues.
65571,O368130,1,"Directly corresponds to decreased fetal movements in the context of the third trimester, aligning with the management implications noted in the ICD-9 description."
65571,O368120,2,"Although it relates to decreased fetal movements, it specifically refers to the second trimester, which is less relevant compared to the third trimester context in the ICD-9 description."
65573,O368130,1,"Specific to third trimester, aligns with the condition of decreased fetal movements affecting management."
65573,O368120,2,"Specific to second trimester, also aligns with decreased fetal movements but is less relevant than third trimester."
65573,O368190,3,"Unspecified trimester, while it matches the condition, it lacks the specificity of the other two codes."
65611,O360110,1,Directly corresponds to Rhesus isoimmunization in the first trimester.
65611,O360120,2,Directly corresponds to Rhesus isoimmunization in the second trimester.
65611,O360130,3,Directly corresponds to Rhesus isoimmunization in the third trimester.
65611,O360910,4,"Covers other types of rhesus isoimmunization in the first trimester, semantically related."
65611,O360920,5,"Covers other types of rhesus isoimmunization in the second trimester, semantically related."
65611,O360930,6,"Covers other types of rhesus isoimmunization in the third trimester, semantically related."
65613,O360110,1,Specific to rhesus isoimmunization (anti-D antibodies) in the first trimester.
65613,O360120,2,Specific to rhesus isoimmunization (anti-D antibodies) in the second trimester.
65613,O360130,3,Specific to rhesus isoimmunization (anti-D antibodies) in the third trimester.
65613,O360910,4,Related to rhesus isoimmunization but less specific since it refers to 'other' isoimmunization in the first trimester.
65613,O360920,5,Related to rhesus isoimmunization but less specific since it refers to 'other' isoimmunization in the second trimester.
65613,O360930,6,Related to rhesus isoimmunization but less specific since it refers to 'other' isoimmunization in the third trimester.
65621,O361910,1,"This code specifies maternal care for 'other isoimmunization', which closely matches the general description of isoimmunization due to blood-group incompatibility."
65621,O361120,2,"This code represents maternal care for Anti-A sensitization in the second trimester, which is related but more specific than 'other isoimmunization'."
65621,O361130,3,"This code represents maternal care for Anti-A sensitization in the third trimester, related to isoimmunization but more specific."
65621,O361110,4,"This code represents maternal care for Anti-A sensitization in the first trimester, related to isoimmunization but more specific."
65621,O361920,5,"This code represents maternal care for other isoimmunization in the second trimester, which is related but more specific than the general description."
65621,O361930,6,"This code represents maternal care for other isoimmunization in the third trimester, related to the overall concept but more specific."
65623,O361910,1,Directly relates to isoimmunization from unspecified blood-group incompatibility.
65623,O361920,2,"Related to isoimmunization in the second trimester, directly applicable to the description."
65623,O361930,3,"Related to isoimmunization in the third trimester, relevant to the description."
65623,O361110,4,"Related to isoimmunization in the first trimester, relevant but not as specific as O361910."
65623,O361120,5,"Related to isoimmunization in the second trimester, but less specific than O361920."
65623,O361130,6,"Related to isoimmunization in the third trimester, but less specific than O361930."
65651,O365910,1,"Directly relates to poor fetal growth, capturing the essence of the diagnosis."
65651,O365920,2,"Relates to poor fetal growth during the second trimester, closely aligned with the concept of poor fetal growth affecting management."
65651,O365930,3,"Relates to poor fetal growth during the third trimester, maintaining relevance to the original diagnosis."
65651,O365110,4,"Refers to placental insufficiency in the first trimester, which can be related but is less specific than the poor fetal growth codes."
65651,O365120,5,Refers to placental insufficiency in the second trimester; less relevant than poor fetal growth codes.
65651,O365130,6,"Refers to placental insufficiency in the third trimester; while related, it does not directly address the poor fetal growth aspect."
65653,O365910,1,"Directly addresses poor fetal growth without specific placental insufficiency, first trimester."
65653,O365920,2,"Directly addresses poor fetal growth without specific placental insufficiency, second trimester."
65653,O365930,3,"Directly addresses poor fetal growth without specific placental insufficiency, third trimester."
65653,O365110,4,"Addresses placental insufficiency, which may relate to poor fetal growth but is less direct and specific."
65653,O365120,5,"Addresses placental insufficiency, which may relate to poor fetal growth but is less direct and specific."
65653,O365130,6,"Addresses placental insufficiency, which may relate to poor fetal growth but is less direct and specific."
65661,O3663X0,1,"Matches the condition of excessive fetal growth and specifies the third trimester, which is relevant to delivery."
65661,O3662X0,2,"Matches the condition of excessive fetal growth and specifies the second trimester, relevant but less so than third trimester."
65661,O3661X0,3,"Matches the condition of excessive fetal growth but specifies the first trimester, which is less relevant to delivery."
65663,O3663X0,1,"Directly corresponds to excessive fetal growth during the third trimester, aligning with the antepartum condition specified in the ICD-9 description."
65663,O3662X0,2,"Corresponds to excessive fetal growth during the second trimester, relevant to the antepartum condition."
65663,O3661X0,3,"Corresponds to excessive fetal growth during the first trimester, which is less relevant than second and third trimester options but still related to the antepartum condition."
65671,O4391,1,"Unspecified placental disorder, first trimester - matches the broader category of placental conditions."
65671,O4392,2,"Unspecified placental disorder, second trimester - matches the broader category of placental conditions."
65671,O4393,3,"Unspecified placental disorder, third trimester - matches the broader category of placental conditions."
65671,O43101,4,"Malformation of placenta, unspecified, first trimester - specific but does not encompass broader placental conditions."
65671,O43102,5,"Malformation of placenta, unspecified, second trimester - specific but does not encompass broader placental conditions."
65671,O43103,6,"Malformation of placenta, unspecified, third trimester - specific but does not encompass broader placental conditions."
65671,O43811,7,"Placental infarction, first trimester - a specific condition that is a subtype but does not match the broader category."
65671,O43812,8,"Placental infarction, second trimester - a specific condition that is a subtype but does not match the broader category."
65671,O43813,9,"Placental infarction, third trimester - a specific condition that is a subtype but does not match the broader category."
65673,O4391,1,"Unspecified placental disorder, first trimester is the most general and aligns closely with 'other placental conditions'."
65673,O4392,2,"Unspecified placental disorder, second trimester is also a general term for placental conditions, applicable to the second trimester."
65673,O4393,3,"Unspecified placental disorder, third trimester similarly covers placental conditions relevant to the third trimester."
65673,O43101,4,"Malformation of placenta, unspecified, first trimester is specific but may not encompass all conditions affecting management."
65673,O43102,5,"Malformation of placenta, unspecified, second trimester is specific but limited to malformations, which may not cover all conditions."
65673,O43103,6,"Malformation of placenta, unspecified, third trimester shares the same limitation as other malformation codes."
65673,O43811,7,"Placental infarction, first trimester is a specific condition that may not represent the broader category of 'other placental conditions'."
65673,O43812,8,"Placental infarction, second trimester is similarly specific and may not represent all conditions affecting management."
65673,O43813,9,"Placental infarction, third trimester has the same limitation as other infarction codes in capturing the broader category."
65681,O368910,1,Directly matches the description of 'other specified fetal problems' and covers maternal management.
65681,O368920,2,"Related to 'other specified fetal problems' in the second trimester, still applicable to the context."
65681,O368930,3,"Related to 'other specified fetal problems' in the third trimester, still applicable to the context."
65681,O368310,4,"Addresses fetal heart rate issues, which can be part of broader fetal problems, but is more specific."
65681,O368320,5,"Addresses fetal heart rate issues in the second trimester, which is more specific than the original description."
65681,O368330,6,"Addresses fetal heart rate issues in the third trimester, which is more specific than the original description."
65681,O68,7,"Related to complications during labor, but does not directly address fetal problems affecting management."
65681,O770,8,"Concerns meconium in amniotic fluid, which does not closely relate to the description of other specified fetal problems."
65683,O368910,1,Directly relates to 'other specified fetal problems' which matches the ICD-9 description.
65683,O368920,2,"Relates to 'other specified fetal problems' in the second trimester, closely matching the ICD-9 description."
65683,O368930,3,"Relates to 'other specified fetal problems' in the third trimester, closely matching the ICD-9 description."
65683,O368310,4,"Related to fetal heart rate/rhythm issues, but not directly tied to the 'other specified fetal problems'."
65683,O368320,5,"Related to fetal heart rate/rhythm issues, but not directly tied to the 'other specified fetal problems'."
65683,O368330,6,"Related to fetal heart rate/rhythm issues, but not directly tied to the 'other specified fetal problems'."
65683,O68,7,"Refers to labor and delivery complications rather than antepartum conditions, making it less relevant."
65701,O403XX0,1,"The ICD-9 code indicates polyhydramnios at the time of delivery; therefore, the third trimester is the most relevant period for this diagnosis."
65701,O402XX0,2,"The ICD-9 code could be relevant to polyhydramnios that occurred during the second trimester, though it is less specific to delivery."
65701,O401XX0,3,"The ICD-9 code does not indicate any condition related to the first trimester, making this the least relevant option."
65703,O401XX0,1,"Polyhydramnios, first trimester is a direct match to polyhydramnios and refers to a specific time frame in the antepartum period."
65703,O402XX0,2,"Polyhydramnios, second trimester is also a direct match to polyhydramnios, but relates to a different trimester than the unspecified antepartum condition."
65703,O403XX0,3,"Polyhydramnios, third trimester is a direct match to polyhydramnios, but relates to the latest trimester which is further removed from the general antepartum condition."
65801,O4103X0,1,Oligohydramnios in the third trimester aligns best with the delivery context of the ICD-9 code.
65801,O4102X0,2,Oligohydramnios in the second trimester is relevant but less specific to delivery compared to the third trimester.
65801,O4101X0,3,Oligohydramnios in the first trimester is the least relevant to the delivery context of the ICD-9 code.
65803,O4101X0,1,"Matches the diagnosis of oligohydramnios in the first trimester, which is a specific time frame."
65803,O4102X0,2,"Matches the diagnosis of oligohydramnios in the second trimester, which is a specific time frame."
65803,O4103X0,3,"Matches the diagnosis of oligohydramnios in the third trimester, which is a specific time frame."
65811,O4202,1,This code specifies full-term premature rupture of membranes and matches the delivered status implied in the ICD-9 code.
65811,O4200,2,"This code indicates premature rupture of membranes with the onset of labor, but lacks specification of gestational age."
65811,O42011,3,This code refers to preterm premature rupture of membranes during the first trimester; it is less relevant but still pertains to rupture.
65811,O42012,4,"This code is for preterm premature rupture of membranes in the second trimester, making it less relevant to the delivered status."
65811,O42013,5,"This code is for preterm premature rupture of membranes in the third trimester, which is less relevant compared to the full-term option."
65813,O42013,1,"Most specific match, pertains to preterm premature rupture of membranes in the third trimester, aligns with antepartum condition."
65813,O42012,2,"Specific to second trimester, still relevant to preterm premature rupture of membranes, but less specific than third trimester."
65813,O42011,3,"Specific to first trimester, relevant but the least aligned with antepartum condition in general."
65821,O4210,1,"Best match for delayed delivery after spontaneous rupture of membranes, as it specifies onset of labor more than 24 hours after rupture."
65821,O4212,2,"Also matches delayed delivery after rupture, but is specific to full-term pregnancies."
65821,O42111,3,"Specific to preterm premature rupture of membranes in the first trimester, which is a narrower context than the original ICD-9 code."
65821,O42112,4,"Specific to preterm premature rupture of membranes in the second trimester, which is a narrower context than the original ICD-9 code."
65821,O42113,5,"Specific to preterm premature rupture of membranes in the third trimester, which is a narrower context than the original ICD-9 code."
65823,O42113,1,"Best match as it specifies preterm premature rupture of membranes with delayed delivery in the third trimester, aligning with antepartum conditions."
65823,O42112,2,"Match for preterm premature rupture of membranes in the second trimester, indicating a delay in delivery but less specific to the original condition."
65823,O42111,3,"Match for preterm premature rupture of membranes in the first trimester, but less relevant to the condition described in the ICD-9 code."
65841,O411210,1,Chorioamnionitis is a specific type of infection of the amniotic cavity and is directly related to the ICD-9 description.
65841,O411220,2,"Chorioamnionitis in the second trimester is related to the infection of the amniotic cavity, aligning with the diagnosis timeframe."
65841,O411230,3,"Chorioamnionitis in the third trimester is relevant to the infection of the amniotic cavity, aligning with the diagnosis timeframe."
65841,O411010,4,"Infection of the amniotic sac and membranes, unspecified, first trimester, is a broader category that may relate to the infection described."
65841,O411020,5,"Infection of the amniotic sac and membranes, unspecified, second trimester, is relevant but less specific than chorioamnionitis."
65841,O411030,6,"Infection of the amniotic sac and membranes, unspecified, third trimester, is relevant but less specific than chorioamnionitis."
65841,O411410,7,"Placentitis indicates infection involving the placenta, which is somewhat related but not directly described in the ICD-9 code."
65841,O411420,8,Placentitis in the second trimester is related but not a direct match for the ICD-9 description.
65841,O411430,9,Placentitis in the third trimester is related but not a direct match for the ICD-9 description.
65843,O411210,1,"Chorioamnionitis is a specific type of infection of the amniotic cavity, which is directly related to the ICD-9 description."
65843,O411220,2,"Chorioamnionitis in the second trimester is still relevant to the infection of the amniotic cavity, matching the antepartum condition."
65843,O411230,3,"Chorioamnionitis in the third trimester is relevant to the infection of the amniotic cavity, matching the antepartum condition."
65843,O411010,4,General infection of the amniotic sac in the first trimester relates to the infection of the amniotic cavity.
65843,O411020,5,General infection of the amniotic sac in the second trimester relates to the infection of the amniotic cavity.
65843,O411030,6,General infection of the amniotic sac in the third trimester relates to the infection of the amniotic cavity.
65843,O411410,7,Placentitis indicates an infection related to the placenta but is less specific than chorioamnionitis for the amniotic cavity.
65843,O411420,8,Placentitis in the second trimester is relevant but less specific than chorioamnionitis for the amniotic cavity.
65843,O411430,9,Placentitis in the third trimester is relevant but less specific than chorioamnionitis for the amniotic cavity.
65881,O418X10,1,"matches the general category of 'other specified disorders of amniotic fluid and membranes' and is specific to the first trimester, aligning with the context of the ICD-9 description."
65881,O418X20,2,"also matches the general category of 'other specified disorders of amniotic fluid and membranes' and is specific to the second trimester, relevant to the overall context of the ICD-9 description."
65881,O418X30,3,"matches the general category of 'other specified disorders of amniotic fluid and membranes' and is specific to the third trimester, relevant to the overall context of the ICD-9 description."
65883,O418X10,1,"Specific to first trimester, closely relates to disorders of amniotic fluid and membranes."
65883,O418X20,2,"Specific to second trimester, relates to disorders of amniotic fluid and membranes."
65883,O418X30,3,"Specific to third trimester, relates to disorders of amniotic fluid and membranes."
65891,O4191X0,1,"Covers unspecified disorder of amniotic fluid and membranes during the first trimester, relevant to the context of amniotic cavity and membranes."
65891,O4192X0,2,"Covers unspecified disorder of amniotic fluid and membranes during the second trimester, relevant to the context of amniotic cavity and membranes."
65891,O4193X0,3,"Covers unspecified disorder of amniotic fluid and membranes during the third trimester, relevant to the context of amniotic cavity and membranes."
65911,O610,1,Directly matches 'Failed medical induction of labor' which is a specific type of failed induction.
65911,O619,2,"Matches 'Failed induction of labor, unspecified' which is a broader term encompassing the failed induction without specifying the medical aspect."
65941,O0941,1,Directly relates to grand multiparity with a specific focus on the first trimester.
65941,O0942,2,Directly relates to grand multiparity with a specific focus on the second trimester.
65941,O0943,3,Directly relates to grand multiparity with a specific focus on the third trimester.
65943,O0941,1,"Directly relates to grand multiparity during the first trimester, matching the condition."
65943,O0942,2,"Directly relates to grand multiparity during the second trimester, matching the condition."
65943,O0943,3,"Directly relates to grand multiparity during the third trimester, matching the condition."
65951,O09511,1,"Specific to elderly primigravida in the first trimester, relevant to the initial stage of pregnancy."
65951,O09512,2,"Specific to elderly primigravida in the second trimester, relevant to the ongoing condition of pregnancy."
65951,O09513,3,"Specific to elderly primigravida in the third trimester, relevant to the later stage of pregnancy."
65953,O09511,1,Directly matches the concept of supervision for elderly primigravida in the first trimester.
65953,O09512,2,Directly matches the concept of supervision for elderly primigravida in the second trimester.
65953,O09513,3,Directly matches the concept of supervision for elderly primigravida in the third trimester.
65961,O09521,1,Directly relates to elderly multigravida during the first trimester.
65961,O09522,2,Directly relates to elderly multigravida during the second trimester.
65961,O09523,3,Directly relates to elderly multigravida during the third trimester.
65963,O09521,1,"directly relates to elderly multigravida in the first trimester, aligning with antepartum condition."
65963,O09522,2,"directly relates to elderly multigravida in the second trimester, aligning with antepartum condition."
65963,O09523,3,"directly relates to elderly multigravida in the third trimester, aligning with antepartum condition."
66331,O6982X0,1,"This code specifically refers to other cord entanglement, aligning closely with the description of 'other and unspecified cord entanglement' in the ICD-9 code."
66331,O6981X0,2,"This code refers specifically to cord around the neck, which is a type of cord entanglement but is more specific than the general term 'other and unspecified cord entanglement'."
66331,O6989X0,3,"This code is more general and includes other cord complications, which does not specifically match the 'other and unspecified cord entanglement' described in the ICD-9 code."
66421,O7020,1,"This code is a direct match for third-degree perineal laceration during delivery, with unspecified details."
66421,O7021,2,"This code specifies a subtype (IIIa) of third-degree perineal laceration, which is still relevant."
66421,O7022,3,"This code specifies a subtype (IIIb) of third-degree perineal laceration, which is still relevant."
66421,O7023,4,"This code specifies a subtype (IIIc) of third-degree perineal laceration, which is still relevant."
66501,O7103,1,"specificity; relates to rupture of uterus before labor in the third trimester, aligning with the description of delivery."
66501,O7102,2,"specificity; relates to rupture of uterus before labor in the second trimester, but less specific than third trimester."
66702,O730,1,Exact match in meaning; describes retained placenta without hemorrhage.
66702,O43231,2,"No_good_match; refers to placenta percreta, which is a different condition."
66704,O730,1,Direct match in meaning to retained placenta without hemorrhage.
66704,O43231,2,Related to placenta but specifies a different condition (placenta percreta) and time frame (first trimester).
66802,O741,1,Directly relates to pulmonary complications of anesthesia during labor and delivery.
66802,O8909,2,Related to pulmonary complications during the puerperium but does not specify labor and delivery.
66882,O748,1,"Directly corresponds to complications of anesthesia during labor and delivery, matching the context of the ICD-9 description."
66882,O898,2,"Related to complications of anesthesia during the puerperium but does not specify labor and delivery, making it less specific than O748."
66921,O2651,1,"specific to maternal hypotension syndrome in the first trimester, closely related to the maternal condition."
66921,O2652,2,"specific to maternal hypotension syndrome in the second trimester, closely related to the maternal condition."
66921,O2653,3,"specific to maternal hypotension syndrome in the third trimester, closely related to the maternal condition."
66922,O2651,1,"Maternal hypotension syndrome is described, but it refers to the first trimester, which is not applicable for a delivered case."
66922,O2652,2,"Maternal hypotension syndrome is described, but it refers to the second trimester, which is not applicable for a delivered case."
66922,O2653,3,"Maternal hypotension syndrome is described, but it refers to the third trimester, which is not applicable for a delivered case."
66923,O2651,1,Specificity to first trimester matches the maternal hypotension syndrome context.
66923,O2652,2,Specificity to second trimester matches the maternal hypotension syndrome context.
66923,O2653,3,Specificity to third trimester matches the maternal hypotension syndrome context.
66924,O2651,1,specificity and synonymy; relates to maternal hypotension syndrome in the first trimester.
66924,O2652,2,specificity and synonymy; relates to maternal hypotension syndrome in the second trimester.
66924,O2653,3,specificity and synonymy; relates to maternal hypotension syndrome in the third trimester.
66981,O7589,1,"This code covers 'Other specified complications of labor and delivery', which directly relates to the broader category of complications mentioned in the ICD-9 description."
66981,O7581,2,"While this code specifies 'Maternal exhaustion', it is a specific type of complication and does not encompass all other complications, making it less relevant than O7589."
66982,O7589,1,"This code covers other specified complications of labor and delivery, which aligns closely with the ICD-9 description of 'other complications of labor and delivery'."
66982,O7581,2,"While this code refers to maternal exhaustion during labor and delivery, it is more specific than the general category of 'other complications' and does not encompass the broader range of complications mentioned in the ICD-9 description."
66983,O7589,1,"This code captures 'other specified complications of labor and delivery', which aligns closely with the ICD-9 description of 'other complications of labor and delivery'."
66983,O7581,2,"While this code is related to complications of labor and delivery, it specifically refers to 'maternal exhaustion', which is a more specific condition and does not encompass the broader category of 'other complications'."
66984,O7589,1,"This code captures 'Other specified complications of labor and delivery', which aligns closely with the ICD-9 description of 'Other complications of labor and delivery'."
66984,O7581,2,"While 'Maternal exhaustion complicating labor and delivery' is related to labor and delivery complications, it is more specific and does not encompass the broader category of 'other complications' indicated in the ICD-9 description."
67101,O2201,1,"Specific to varicose veins of lower extremity during the first trimester of pregnancy, matching the context of pregnancy."
67101,O2202,2,"Specific to varicose veins of lower extremity during the second trimester of pregnancy, matching the context of pregnancy."
67101,O2203,3,"Specific to varicose veins of lower extremity during the third trimester of pregnancy, matching the context of pregnancy."
67103,O2201,1,"Specific to varicose veins of lower extremity during the first trimester of pregnancy, aligns with antepartum condition."
67103,O2202,2,"Specific to varicose veins of lower extremity during the second trimester of pregnancy, aligns with antepartum condition."
67103,O2203,3,"Specific to varicose veins of lower extremity during the third trimester of pregnancy, aligns with antepartum condition."
67111,O2211,1,"Specific to genital varices in pregnancy during the first trimester, aligns with the condition of varicose veins complicating pregnancy."
67111,O2212,2,"Specific to genital varices in pregnancy during the second trimester, closely related to varicose veins complicating pregnancy."
67111,O2213,3,"Specific to genital varices in pregnancy during the third trimester, relevant to varicose veins complicating pregnancy."
67121,O2221,1,"Specific to superficial thrombophlebitis in pregnancy during the first trimester, aligns with the overall condition."
67121,O2222,2,"Specific to superficial thrombophlebitis in pregnancy during the second trimester, aligns with the overall condition."
67121,O2223,3,"Specific to superficial thrombophlebitis in pregnancy during the third trimester, aligns with the overall condition."
67123,O2221,1,Matches the diagnosis of superficial thrombophlebitis and specifies the condition during the first trimester of pregnancy.
67123,O2222,2,Matches the diagnosis of superficial thrombophlebitis and specifies the condition during the second trimester of pregnancy.
67123,O2223,3,Matches the diagnosis of superficial thrombophlebitis and specifies the condition during the third trimester of pregnancy.
67131,O2233,1,Deep phlebothrombosis in pregnancy during the third trimester aligns with 'antepartum' as the patient has delivered.
67131,O2232,2,Deep phlebothrombosis in pregnancy during the second trimester is relevant as it indicates a period before delivery.
67131,O2231,3,Deep phlebothrombosis in pregnancy during the first trimester is the least relevant as it is prior to the antepartum period leading to delivery.
67133,O2231,1,"Specific to deep phlebothrombosis in pregnancy during the first trimester, aligns with antepartum condition."
67133,O2232,2,"Specific to deep phlebothrombosis in pregnancy during the second trimester, still aligns with antepartum condition."
67133,O2233,3,"Specific to deep phlebothrombosis in pregnancy during the third trimester, still aligns with antepartum condition."
67151,O2291,1,"General category for venous complications in pregnancy, covering unspecified conditions, which fits the broad description of phlebitis and thrombosis."
67151,O2292,2,Similar to O2291 but specifies the second trimester; still a general category for venous complications.
67151,O2293,3,Similar to O2291 but specifies the third trimester; still a general category for venous complications.
67151,O2251,4,"Specific to cerebral venous thrombosis in the first trimester; while it addresses thrombosis, it is a specific type and not as broadly applicable."
67151,O2252,5,Specific to cerebral venous thrombosis in the second trimester; similar reasoning as O2251.
67151,O2253,6,Specific to cerebral venous thrombosis in the third trimester; similar reasoning as O2251.
67153,O2291,1,"Venous complication in pregnancy, unspecified, first trimester matches the general category of venous complications and is an antepartum condition."
67153,O2292,2,"Venous complication in pregnancy, unspecified, second trimester matches the general category of venous complications and is an antepartum condition."
67153,O2293,3,"Venous complication in pregnancy, unspecified, third trimester matches the general category of venous complications and is an antepartum condition."
67153,O2251,4,"Cerebral venous thrombosis in pregnancy, first trimester is a specific type of thrombosis but does not encompass the broader category of 'other phlebitis and thrombosis'."
67153,O2252,5,"Cerebral venous thrombosis in pregnancy, second trimester is a specific type of thrombosis but does not encompass the broader category of 'other phlebitis and thrombosis'."
67153,O2253,6,"Cerebral venous thrombosis in pregnancy, third trimester is a specific type of thrombosis but does not encompass the broader category of 'other phlebitis and thrombosis'."
67181,O228X1,1,Direct match for 'Other venous complications in pregnancy' specifically in the first trimester.
67181,O228X2,2,Direct match for 'Other venous complications in pregnancy' specifically in the second trimester.
67181,O228X3,3,Direct match for 'Other venous complications in pregnancy' specifically in the third trimester.
67181,O2241,4,"Related to venous issues (hemorrhoids) but specifies the first trimester, not a direct match for 'other venous complications.'"
67181,O2242,5,"Related to venous issues (hemorrhoids) but specifies the second trimester, not a direct match for 'other venous complications.'"
67181,O2243,6,"Related to venous issues (hemorrhoids) but specifies the third trimester, not a direct match for 'other venous complications.'"
67182,O878,1,"Directly matches the description of 'Other venous complications in the puerperium', closely aligning with the ICD-9 description."
67182,O872,2,"While related to complications in the puerperium, it specifically refers to hemorrhoids, which is a more specific condition and does not encompass all other venous complications."
67183,O228X1,1,"Directly relates to 'other venous complications' in pregnancy, specific to first trimester."
67183,O228X2,2,"Directly relates to 'other venous complications' in pregnancy, specific to second trimester."
67183,O228X3,3,"Directly relates to 'other venous complications' in pregnancy, specific to third trimester."
67183,O2241,4,"Related to venous complications (hemorrhoids) in pregnancy, but not classified as 'other venous complications'."
67183,O2242,5,"Related to venous complications (hemorrhoids) in pregnancy, but not classified as 'other venous complications'."
67183,O2243,6,"Related to venous complications (hemorrhoids) in pregnancy, but not classified as 'other venous complications'."
67184,O878,1,"directly matches the description of other venous complications in the puerperium, aligning with the ICD-9 code's focus on venous complications."
67184,O872,2,"related to puerperium but specifically refers to hemorrhoids, which is a specific condition rather than the broader category of venous complications."
67191,O2291,1,"Matches the diagnosis of venous complication in pregnancy, unspecified, in the context of pregnancy without a specified trimester."
67191,O2292,2,"Matches the diagnosis of venous complication in pregnancy, unspecified, but specifies the second trimester."
67191,O2293,3,"Matches the diagnosis of venous complication in pregnancy, unspecified, but specifies the third trimester."
67311,O8812,1,"Directly corresponds to amniotic fluid embolism in childbirth, matching the delivery context of the ICD-9 description."
67311,O88113,2,"Refers to amniotic fluid embolism in pregnancy during the third trimester, which is closest in timing to delivery."
67311,O88112,3,"Refers to amniotic fluid embolism in pregnancy during the second trimester, less relevant but still related to pregnancy."
67311,O88111,4,"Refers to amniotic fluid embolism in pregnancy during the first trimester, which is the least relevant to the context of delivery."
67312,O8813,1,"Directly relates to amniotic fluid embolism occurring in the postpartum period, aligning with the ICD-9 description mentioning postpartum complication."
67312,O8812,2,"Related to amniotic fluid embolism during childbirth, but does not specifically reference the postpartum period."
67321,O8822,1,"Directly corresponds to thromboembolism occurring during childbirth, aligning closely with the description of 'delivered'."
67321,O88211,2,Thromboembolism in pregnancy during the first trimester may be related but is less specific as it does not pertain to the delivery period.
67321,O88212,3,Thromboembolism in pregnancy during the second trimester is related but not specific to the delivery period.
67321,O88213,4,Thromboembolism in pregnancy during the third trimester is the least relevant as it does not specifically address delivery.
67322,O8822,1,"Directly relates to thromboembolism occurring during childbirth, aligning closely with the obstetrical context of the ICD-9 description."
67322,O8823,2,"Refers to thromboembolism occurring in the puerperium, which follows childbirth; while relevant, it is less specific to the immediate childbirth event compared to O8822."
67323,O88211,1,"Directly relates to thromboembolism in pregnancy, matching the antepartum context."
67323,O88212,2,"Relevant to thromboembolism in pregnancy but specifies the second trimester, less specific than first trimester."
67323,O88213,3,"Relevant to thromboembolism in pregnancy but specifies the third trimester, least specific to antepartum condition."
67333,O88311,1,"Specific to antepartum condition during the first trimester, aligns with obstetrical pyemic and septic embolism."
67333,O88312,2,"Specific to antepartum condition during the second trimester, aligns with obstetrical pyemic and septic embolism."
67333,O88313,3,"Specific to antepartum condition during the third trimester, aligns with obstetrical pyemic and septic embolism."
67382,O8883,1,"Directly corresponds to embolism occurring in the postpartum period, which aligns with 'postpartum complication' in the ICD-9 description."
67382,O8882,2,"Related to embolism during childbirth, which is relevant but not specifically postpartum, thus slightly less specific than O8883."
67382,O88811,3,"Refers to embolism in the first trimester, which is related to pregnancy but does not match the delivery or postpartum context."
67382,O88812,4,"Refers to embolism in the second trimester, again related to pregnancy but not to the delivery or postpartum context."
67382,O88813,5,"Refers to embolism in the third trimester, related to pregnancy but does not match the delivery or postpartum context."
67401,O9942,1,Directly relates to cerebrovascular disorders complicating childbirth.
67401,O99411,2,"Related to circulatory system diseases in the context of pregnancy, though specific to the first trimester."
67401,O99412,3,"Related to circulatory system diseases in the context of pregnancy, though specific to the second trimester."
67401,O99413,4,"Related to circulatory system diseases in the context of pregnancy, though specific to the third trimester."
67403,O99411,1,Specifically relates to cerebrovascular disorders complicating pregnancy in the first trimester.
67403,O99412,2,Specifically relates to cerebrovascular disorders complicating pregnancy in the second trimester.
67403,O99413,3,Specifically relates to cerebrovascular disorders complicating pregnancy in the third trimester.
67432,O860,1,"Infection of obstetric surgical wound is a specific complication related to obstetrical surgical wounds, directly aligning with the complications described in the ICD-9 code."
67432,O902,2,"Hematoma of obstetric wound is also a complication of obstetrical surgical wounds, but it is less directly related than infection, making it a slightly less relevant match."
67434,O860,1,"directly relates to infection, a common complication of surgical wounds postpartum"
67434,O902,2,hematoma is a specific complication that can occur in obstetric surgical wounds
67511,O91111,1,Specificity of abscess of breast related to pregnancy in the first trimester aligns closely with childbirth context.
67511,O91112,2,Specificity of abscess of breast related to pregnancy in the second trimester is relevant but less directly tied to childbirth than first trimester.
67511,O91113,3,Specificity of abscess of breast related to pregnancy in the third trimester is relevant but further removed from the direct childbirth association.
67513,O91111,1,"Directly matches the concept of an abscess of breast associated with pregnancy, specifically in the first trimester."
67513,O91112,2,"Matches the concept of an abscess of breast associated with pregnancy, specifically in the second trimester."
67513,O91113,3,"Matches the concept of an abscess of breast associated with pregnancy, specifically in the third trimester."
67521,O91211,1,"Specific to nonpurulent mastitis associated with pregnancy in the first trimester, closely related to childbirth context."
67521,O91212,2,"Specific to nonpurulent mastitis associated with pregnancy in the second trimester, relevant to childbirth."
67521,O91213,3,"Specific to nonpurulent mastitis associated with pregnancy in the third trimester, still relevant to childbirth."
67611,O92111,1,"Cracked nipple associated with pregnancy, first trimester is a specific condition related to cracked nipples but does not indicate childbirth."
67611,O92112,2,"Cracked nipple associated with pregnancy, second trimester is a specific condition related to cracked nipples but does not indicate childbirth."
67611,O92113,3,"Cracked nipple associated with pregnancy, third trimester is a specific condition related to cracked nipples but does not indicate childbirth."
67631,O9220,1,"Unspecified disorder of breast associated with pregnancy and the puerperium closely matches the ICD-9 description, focusing on unspecified disorders."
67631,O9229,2,"Other disorders of breast associated with pregnancy and the puerperium is relevant but less specific than O9220, as it does not imply 'unspecified' directly."
67632,O9220,1,Directly matches the unspecified nature of the disorder of the breast associated with childbirth.
67632,O9229,2,Covers other disorders of the breast but is less specific than the first option.
67801,O368210,1,"Fetal anemia and thrombocytopenia, first trimester, specifically addresses fetal hematologic condition in the antepartum period."
67801,O368220,2,"Fetal anemia and thrombocytopenia, second trimester, also addresses fetal hematologic condition in the antepartum period."
67801,O368230,3,"Fetal anemia and thrombocytopenia, third trimester, still relevant to fetal hematologic conditions during the antepartum period."
67801,O358XX0,4,"Maternal care for other (suspected) fetal abnormality and damage, not directly related to hematologic conditions."
67803,O368210,1,"Specificity for fetal anemia and thrombocytopenia in the first trimester, relevant to fetal hematologic conditions."
67803,O368220,2,"Specificity for fetal anemia and thrombocytopenia in the second trimester, relevant to fetal hematologic conditions."
67803,O368230,3,"Specificity for fetal anemia and thrombocytopenia in the third trimester, relevant to fetal hematologic conditions."
67803,O358XX0,4,More general category for suspected fetal abnormality and damage; does not directly address hematologic conditions.
6800,L0203,1,synonymy; directly matches the description for carbuncle of face
6800,L0202,2,related but not a direct match; specifically refers to furuncle of face only
6801,L0213,1,Carbuncle of neck is a direct match to the description of the ICD-9 code.
6801,L0212,2,Furuncle of neck is related but only partially matches; it does not include carbuncles.
6802,L02229,1,"Furuncle of trunk, unspecified - matches the trunk location and is a furuncle."
6802,L02231,2,Carbuncle of abdominal wall - related to trunk but more specific to abdominal wall.
6802,L02232,3,"Carbuncle of back [any part, except buttock] - related to trunk area."
6802,L02233,4,Carbuncle of chest wall - related to trunk area.
6802,L02224,5,"Furuncle of groin - although not part of the trunk, it is adjacent."
6802,L02221,6,Furuncle of abdominal wall - related to trunk but more specific.
6802,L02222,7,"Furuncle of back [any part, except buttock] - related to trunk but specific to the back."
6802,L02225,8,"Furuncle of perineum - not part of the trunk, but adjacent."
6802,L02226,9,Furuncle of umbilicus - somewhat related as it is on the trunk.
6802,L02234,10,"Carbuncle of groin - not part of the trunk, but adjacent."
6802,L02235,11,"Carbuncle of perineum - not part of the trunk, but adjacent."
6802,L02236,12,Carbuncle of umbilicus - somewhat related as it is on the trunk.
6802,L02239,13,"Carbuncle of trunk, unspecified - matches the trunk location but is a carbuncle."
6802,L02223,14,Furuncle of chest wall - related to trunk area but not as specific.
6803,L02429,1,"Furuncle of limb, unspecified - directly corresponds to furuncle mentioned in ICD-9 description."
6803,L02439,2,"Carbuncle of limb, unspecified - directly corresponds to carbuncle mentioned in ICD-9 description."
6804,L02529,1,"Furuncle unspecified hand is a direct match to the ICD-9 description, focusing on the same type of infection in the hand."
6804,L02539,2,Carbuncle of unspecified hand is related to the ICD-9 description but refers specifically to a carbuncle rather than a furuncle.
6806,L02429,1,"Furuncle of limb, unspecified - directly corresponds to the furuncle diagnosis in the leg."
6806,L02439,2,"Carbuncle of limb, unspecified - directly corresponds to the carbuncle diagnosis in the leg."
6807,L02629,1,Furuncle of unspecified foot is a direct match to the ICD-9 description for furuncle of foot.
6807,L02639,2,Carbuncle of unspecified foot is a direct match to the ICD-9 description for carbuncle of foot.
6808,L02828,1,"This code describes a furuncle of other sites, aligning with 'other specified sites' in the ICD-9 description."
6808,L02821,2,"This code refers to a furuncle of the head, which is a specific site but still relevant to the concept of furuncles."
6808,L02831,3,"This code pertains to a carbuncle of the head, which is a specific type of carbuncle but does not cover 'other specified sites.'"
6808,L02838,4,"This code describes a carbuncle of other sites, making it relevant but less closely aligned with the ICD-9 focus on furuncles."
6809,L0293,1,"Carbuncle, unspecified is a direct match to carbuncle in the ICD-9 description."
6809,L0292,2,"Furuncle, unspecified is a direct match to furuncle in the ICD-9 description."
68100,L03019,1,"Directly corresponds to cellulitis of unspecified finger, matching the primary condition."
68100,L03029,2,"Related condition (acute lymphangitis) but not the same as cellulitis, hence less specific."
68110,L03039,1,synonymy; directly correlates with cellulitis of unspecified toe.
68110,L03049,2,"related condition but refers to acute lymphangitis, not cellulitis; thus not a direct match."
6819,L03019,1,"Directly matches the description of cellulitis of an unspecified digit, specifically a finger."
6819,L03039,2,"Matches the description of cellulitis but specifies a toe instead of a finger, still relevant to unspecified digit."
6819,L03029,3,"Related to the condition but describes acute lymphangitis, not cellulitis."
6819,L03049,4,"Related to the condition but describes acute lymphangitis, not cellulitis, and specifies a toe."
6820,L03211,1,Directly matches the description of cellulitis of the face.
6820,L03212,2,"Related condition (acute lymphangitis) affecting the face, but not exactly cellulitis."
6820,L03213,3,"Specific type of cellulitis (periorbital) affecting the face, though more specific than general cellulitis."
6820,K122,4,"Refers to cellulitis and abscess of the mouth, which is not the same site as the face."
6821,L03221,1,synonymous description with exact body site (neck) and condition (cellulitis)
6821,L03222,2,"related condition (acute lymphangitis) affecting the neck, but not the same as cellulitis"
6822,L03319,1,"Direct match to cellulitis of trunk, which is the condition described in the ICD-9 code."
6822,L03329,2,"Related condition (acute lymphangitis) but not the same as cellulitis; therefore, it's less specific."
6823,L03119,1,"Directly matches the description of cellulitis, albeit unspecified, and pertains to limb."
6823,L03129,2,"Related to limb issues but specifies acute lymphangitis, which is not the same as cellulitis."
6824,L03119,1,"This code specifies cellulitis, which directly relates to the diagnosis in ICD-9 and matches the anatomical context of the limb, even though it is unspecified."
6824,L03129,2,"This code refers to acute lymphangitis, which is not synonymous with cellulitis and does not directly address the abscess or the specific area of the hand."
6826,L03119,1,"Directly corresponds to cellulitis of a limb, matching the primary diagnosis of cellulitis and abscess of the leg."
6826,L03129,2,"While related to limb conditions, it refers to acute lymphangitis, which is not synonymous with cellulitis and does not match the description."
6827,L03119,1,"This code describes cellulitis of an unspecified part of a limb, which closely matches the ICD-9 description of cellulitis of the foot."
6827,L03129,2,"This code refers to acute lymphangitis, which is related to cellulitis but is a different condition and less specific to the foot."
6828,L03818,1,"This code directly corresponds to cellulitis of unspecified sites, matching the general description of 'other specified sites'."
6828,L03811,2,"This code specifies cellulitis of the head, which is a specific site but still falls under the broader category of cellulitis, making it a relevant match."
6828,L03891,3,"This code refers to acute lymphangitis of the head, which is related to cellulitis but specifically involves lymphangitis rather than cellulitis itself."
6828,L03898,4,"This code refers to acute lymphangitis of other sites, which is less relevant since the original condition is cellulitis rather than lymphangitis."
6829,L0390,1,"Cellulitis, unspecified - directly matches the condition described in the ICD-9 code."
6829,L0391,2,"Acute lymphangitis, unspecified - while related, it refers to a different condition than cellulitis."
684,L0100,1,"Impetigo, unspecified is a direct match to the general condition described by the ICD-9 code."
684,L0103,2,"Bullous impetigo is a specific type of impetigo, but still related to the overall diagnosis of impetigo."
6850,L0501,1,exact_match
6850,L0502,2,related_condition
6851,L0591,1,Exact match in terms of condition (pilonidal cyst without abscess).
6851,L0592,2,Related condition (pilonidal sinus) but not an exact match for cyst.
6868,L0889,1,"Exact match in meaning, specifically refers to other specified local infections of the skin and subcutaneous tissue."
6868,E832,2,no_good_match
6918,L2089,1,"This code directly corresponds to 'Other atopic dermatitis', matching the general condition described in the ICD-9 code."
6918,L2081,2,"This code refers to 'Atopic neurodermatitis', which is a specific type of atopic dermatitis and closely related to the conditions listed in the ICD-9 code."
6918,L2082,3,"This code represents 'Flexural eczema', which is a form of eczema associated with atopic dermatitis, making it relevant to the ICD-9 description."
6918,L2084,4,"This code describes 'Intrinsic (allergic) eczema', which is also a form of eczema and related to atopic dermatitis."
6918,L200,5,"Besnier's prurigo is a distinct condition that does not closely align with atopic dermatitis, making it the least relevant choice."
69271,L550,1,direct match with specific degree of sunburn
69271,L559,2,related concept but less specific; unspecified sunburn
69272,L562,1,"Photocontact dermatitis is related to dermatitis caused by light exposure, which aligns with the concept of dermatitis due to solar radiation."
69272,L560,2,"Drug phototoxic response involves skin reactions due to light exposure in the presence of drugs, which relates to solar radiation, but is more specific to drug interactions."
69272,L561,3,"Drug photoallergic response is a specific allergic reaction to drugs when exposed to light. While it involves light exposure, it is not directly related to solar radiation."
69283,L230,1,"Allergic contact dermatitis due to metals is a specific type of dermatitis that directly corresponds to dermatitis caused by metals, aligning closely with the ICD-9 description."
69283,L2481,2,"Irritant contact dermatitis due to metals is also related to dermatitis caused by metals, but it specifies irritant rather than allergic, making it a less direct match compared to L230."
69289,L258,1,"This code specifies 'unspecified contact dermatitis due to other agents', which directly correlates with the ICD-9 description of dermatitis due to other specified agents."
69289,L252,2,"This code is more specific to 'contact dermatitis due to dyes', which is a subset of possible agents and may not encompass all cases of dermatitis due to other specified agents."
6930,L270,1,synonymous meaning with 'generalized' matching the broad nature of 'dermatitis'
6930,L271,2,"related meaning but more specific to 'localized' conditions, which is less aligned with the general term 'dermatitis'"
6944,L100,1,Exact match to the most common form of pemphigus.
6944,L101,2,"Specific subtype of pemphigus, closely related."
6944,L102,3,"Specific subtype of pemphigus, related but different presentation."
6944,L104,4,"Specific subtype of pemphigus, relevant but not as common."
6944,L109,5,"General term for pemphigus, less specific than others."
6945,L120,1,"Bullous pemphigoid is a specific type of pemphigoid, directly aligning with the ICD-9 description."
6945,L128,2,"Other pemphigoid is a broader category that includes different types of pemphigoid, making it less specific than L120."
6950,L530,1,Exact match to the description 'Toxic erythema'.
6950,L531,2,Related condition (erythema) but specifies a different type (annulare centrifugum).
6950,L532,3,Related condition (erythema) but specifies a different type (marginatum).
69510,L519,1,Exact match in description with unspecified erythema multiforme.
69510,L510,2,Related condition (nonbullous erythema multiforme) but not an exact match.
6953,L718,1,Other rosacea is the most specific match to the ICD-9 description of rosacea.
6953,L711,2,"Rhinophyma is a subtype of rosacea, making it relevant but less general than 'Other rosacea.'"
6953,L710,3,Perioral dermatitis is a different condition and does not directly relate to rosacea.
6954,L930,1,"Discoid lupus erythematosus is a specific form of lupus erythematosus, making it a direct and specific match."
6954,L932,2,"Other local lupus erythematosus is also related to lupus erythematosus, but it is less specific than discoid lupus."
69589,L538,1,Exact match to the description of 'Other specified erythematous conditions'.
69589,L26,2,Related condition (Exfoliative dermatitis) falls under erythematous conditions but is more specific.
69589,L304,3,"Erythema intertrigo is a specific type of erythematous condition, relevant but more specific."
69589,L951,4,"Erythema elevatum diutinum is an erythematous condition, but it is a specific type rather than a general category."
69589,L920,5,Granuloma annulare is related but is a specific condition that doesn't directly match the general category.
69589,L982,6,Febrile neutrophilic dermatosis (Sweet) is a specific condition that is related but does not match the general description.
6960,L4059,1,"Other psoriatic arthropathy is a broader category that encompasses various forms of psoriatic arthropathy, making it semantically similar."
6960,L4054,2,"Psoriatic juvenile arthropathy is a specific subtype of psoriatic arthropathy that applies only to the juvenile population, making it less relevant for the general term."
6961,L408,1,exact match in meaning and specificity to 'Other psoriasis'
6961,L400,2,"related condition, psoriasis vulgaris is a common form of psoriasis"
6961,L401,3,"related condition, generalized pustular psoriasis is a specific type of psoriasis"
6961,L404,4,"related condition, guttate psoriasis is another specific type of psoriasis"
6961,L403,5,"related condition, pustulosis palmaris et plantaris is a specific type of psoriasis"
6961,L402,6,"related condition, acrodermatitis continua is a less common form of psoriasis"
6962,L418,1,directly matches the term 'parapsoriasis' and is specific to other forms of the condition.
6962,L410,2,related to parapsoriasis as it describes a specific acute variant of pityriasis lichenoides.
6962,L411,3,also related to parapsoriasis as it describes a chronic variant of pityriasis lichenoides.
6970,L438,1,"Other lichen planus is a direct match to lichen planus, indicating a variation within the same condition."
6970,L661,2,"Lichen planopilaris is a specific form of lichen planus affecting hair follicles, which makes it semantically related but not a direct match."
6983,L280,1,"Directly corresponds to 'lichen simplex chronicus', maintaining the same condition and specificity."
6983,L281,2,"While related to skin conditions, 'prurigo nodularis' is a distinct diagnosis and not a direct match for lichen simplex chronicus, thus less relevant."
7010,L940,1,"Localized scleroderma [morphea] is a direct match to circumscribed scleroderma, both referring to localized skin thickening."
7010,L943,2,"Sclerodactyly is a specific form of localized scleroderma affecting the fingers, which is related but less general than circumscribed scleroderma."
7010,L900,3,Lichen sclerosus et atrophicus is a different condition and does not match the description of circumscribed scleroderma.
7011,L851,1,direct match in condition; specifically refers to keratoderma affecting palms and soles.
7011,L110,2,"related condition; acquired keratosis, which aligns with keratoderma."
7011,L850,3,acquired condition; ichthyosis shares similarities with keratoderma in terms of skin texture.
7011,L852,4,"related condition; keratosis punctata affects palms and soles, relevant to keratoderma."
7011,L870,5,related condition; keratosis follicularis may share similar characteristics with keratoderma.
7011,L872,6,no_good_match
7013,L906,1,exact match
7013,L901,2,no_good_match
7013,L902,3,no_good_match
7018,L908,1,Other atrophic disorders of skin is directly related to atrophic conditions.
7018,L918,2,Other hypertrophic disorders of the skin is directly related to hypertrophic conditions.
7018,L572,3,Cutis rhomboidalis nuchae is a specific skin condition that can be related to hypertrophic conditions.
7018,L574,4,Cutis laxa senilis represents a type of atrophic skin condition.
7018,L904,5,Acrodermatitis chronica atrophicans is an atrophic skin condition.
7018,L664,6,Folliculitis ulerythematosa reticulata is a specific condition but does not match the broader category.
7018,L119,7,"Acantholytic disorder, unspecified is vague and does not specifically relate to hypertrophic or atrophic conditions."
7018,L985,8,Mucinosis of the skin is a condition affecting the skin but does not match the hypertrophic or atrophic classification.
7018,L922,9,Granuloma faciale [eosinophilic granuloma of skin] is a specific condition but not directly related to hypertrophic or atrophic conditions.
7019,L909,1,"Directly corresponds to the atrophic condition of the skin, which is a part of the ICD-9 description."
7019,L919,2,"Directly corresponds to the hypertrophic condition of the skin, which is also a part of the ICD-9 description."
7019,L987,3,Related to skin conditions but does not specifically match the hypertrophic or atrophic conditions described in ICD-9.
7038,L608,1,"general category for other nail disorders, aligning with 'other specified diseases of nail'"
7038,L603,2,"nail dystrophy is a specific type of nail disorder, relevant to the category"
7038,L601,3,"onycholysis is a specific nail condition, but not as broadly applicable as L608 or L603"
7038,L602,4,"onychogryphosis is a specific nail condition, less common than the broader categories"
7038,L604,5,"Beau's lines are a specific nail change, but they do not encompass other specified diseases broadly"
70401,L638,1,"Other alopecia areata is a broader category that includes alopecia areata, making it a more inclusive match."
70401,L632,2,"Ophiasis is a specific pattern of alopecia areata but does not encompass all forms, making it less preferable than L638."
70409,L658,1,"This code directly correlates with 'Other alopecia' as it refers to other specified types of nonscarring hair loss, aligning well with the description."
70409,L668,2,"This code refers to other cicatricial alopecia, which is a specific type of hair loss but still falls under the broader category of alopecia."
70409,L660,3,"Pseudopelade is a specific type of alopecia, thus it is relevant, but it is more specific than the general term 'Other alopecia'."
70409,L662,4,"Folliculitis decalvans is a specific condition that leads to hair loss, but it is too specific compared to the general term 'Other alopecia'."
7041,L680,1,Exact match for hirsutism.
7041,L689,2,"General term for hypertrichosis, which includes hirsutism."
7041,L681,3,"Refers to a specific type of hypertrichosis, but not directly hirsutism."
7041,L683,4,"Describes polytrichia, which is not synonymous with hirsutism."
7048,L738,1,"Other specified follicular disorders is a broader category that encompasses various conditions affecting hair follicles, aligning well with the description of 'Other specified diseases of hair and hair follicles'."
7048,L663,2,Perifolliculitis capitis abscedens is a specific condition affecting hair follicles but is more narrowly defined than the general category of other specified diseases of hair and hair follicles.
7051,L740,1,Miliaria rubra is the specific type of prickly heat most commonly associated with the condition described by ICD-9 code 7051.
7051,L741,2,Miliaria crystallina is a related type of heat rash but is generally considered less severe than miliaria rubra.
7051,L742,3,Miliaria profunda is a deeper form of heat rash but is less commonly referred to as prickly heat compared to miliaria rubra.
70521,L74510,1,"Specificity for hyperhidrosis in the axilla, directly related to primary focal hyperhidrosis."
70521,L74511,2,"Specificity for hyperhidrosis in the face, directly related to primary focal hyperhidrosis."
70521,L74512,3,"Specificity for hyperhidrosis in the palms, directly related to primary focal hyperhidrosis."
70521,L74513,4,"Specificity for hyperhidrosis in the soles, directly related to primary focal hyperhidrosis."
70521,L74519,5,"General category for primary focal hyperhidrosis, less specific than other options."
70589,L748,1,Other eccrine sweat disorders are closely related to the category of specified disorders of sweat glands.
70589,L758,2,"Other apocrine sweat disorders are also related to sweat gland disorders, but more specific to apocrine glands."
70589,L750,3,"Bromhidrosis relates specifically to body odor due to sweat, which is a specific condition but still relevant to sweat disorders."
70589,L751,4,"Chromhidrosis involves the pigmentation of sweat, which is a specific type of sweat disorder but less general than the broader categories."
7061,L708,1,exact match to the description 'Other acne'
7061,L700,2,"related to acne but specifically refers to 'Acne vulgaris', which is a common type"
7061,L701,3,"related to acne but specifically refers to 'Acne conglobata', a more severe form"
70702,L89119,1,Direct match to 'Pressure ulcer of right upper back' with same body site.
70702,L89129,2,Related to 'Pressure ulcer of left upper back'; same condition but different laterality.
70703,L89139,1,"Directly corresponds to pressure ulcer of lower back, specifying right side."
70703,L89149,2,"Directly corresponds to pressure ulcer of lower back, specifying left side."
70703,L89159,3,Refers to pressure ulcer in a related but different anatomical location (sacral region).
70709,L89899,1,"Directly corresponds to 'Pressure ulcer of other site', matching the description of ICD-9 code."
70709,L89819,2,"Refers to 'Pressure ulcer of head', which is not an 'other site', making it less specific than the first candidate."
7078,L98419,1,"Specific to the buttock, which is a specified site for chronic ulcers."
7078,L98429,2,"Specific to the back, another specified site for chronic ulcers."
7088,L508,1,"direct match to 'other urticaria', aligns with 'other specified urticaria'"
7088,L506,2,"specific to contact urticaria, which is a subtype and not a direct match for 'other specified urticaria'"
7093,L988,1,Other specified disorders of the skin and subcutaneous tissue is a broad category that encompasses various degenerative skin disorders.
7093,L921,2,"Necrobiosis lipoidica is a specific type of degenerative skin disorder, making it relevant but not as broadly applicable as L988."
7093,L942,3,Calcinosis cutis does not closely relate to degenerative skin disorders and is more specific to calcification rather than degeneration.
7098,L988,1,"directly matches the description of 'Other specified disorders of the skin and subcutaneous tissue', making it the most relevant."
7098,L942,2,"while related to skin disorders, 'Calcinosis cutis' is a specific condition that does not encompass the broader category of 'other specified disorders', thus less relevant."
7101,M349,1,"This code is for systemic sclerosis, unspecified, which is a direct match to the ICD-9 description."
7101,M340,2,"This code refers specifically to progressive systemic sclerosis, which is a type of systemic sclerosis, making it relevant but more specific than the general term."
7101,M341,3,"This code refers to CR(E)ST syndrome, which is a subset of systemic sclerosis but not synonymous with the broader term 'systemic sclerosis'."
7102,M3501,1,"Sicca syndrome with keratoconjunctivitis is a specific manifestation of Sicca syndrome, making it more precise."
7102,M3500,2,"Sicca syndrome, unspecified is a direct match to the ICD-9 description but lacks specificity compared to M3501."
7103,M3313,1,Other dermatomyositis without myopathy is a more specific match to dermatomyositis.
7103,M3303,2,"Juvenile dermatomyositis without myopathy is a specific type of dermatomyositis, making it a good match."
7103,M3393,3,"Dermatopolymyositis, unspecified without myopathy is related and retains the dermatomyositis aspect, although it is unspecified."
7103,M3390,4,"Dermatopolymyositis, unspecified, organ involvement unspecified is the least specific and does not directly mention myopathy."
71100,M009,1,"direct match to 'Pyogenic arthritis, unspecified'"
71100,M0000,2,specific type of pyogenic arthritis (Staphylococcal) affecting an unspecified joint
71100,M0010,3,specific type of pyogenic arthritis (Pneumococcal) affecting an unspecified joint
71100,M0020,4,specific type of pyogenic arthritis (Other streptococcal) affecting an unspecified joint
71100,M0080,5,"general category for arthritis due to other bacteria, unspecified joint"
71101,M00019,1,Direct match in causative agent (Staphylococcus) related to pyogenic arthritis in shoulder region.
71101,M00119,2,Related to pyogenic arthritis with a specific bacterial cause (Pneumococcus) in shoulder region.
71101,M00219,3,Related to pyogenic arthritis with a specific bacterial cause (Other Streptococcus) in shoulder region.
71101,M00819,4,"General match for bacterial arthritis in shoulder region, less specific than others."
71102,M00829,1,"Arthritis due to other bacteria aligns closely with pyogenic arthritis, as it encompasses bacterial causes without specifying the type."
71102,M00029,2,"Staphylococcal arthritis is a specific type of pyogenic arthritis, though it specifies the elbow instead of the upper arm."
71102,M00129,3,Pneumococcal arthritis is another specific type of pyogenic arthritis but is less common than staphylococcal arthritis and also specifies the elbow.
71102,M00229,4,"Other streptococcal arthritis is less directly related to pyogenic arthritis and specifies the elbow, which is not directly equivalent to the upper arm."
71103,M00839,1,"Arthritis due to other bacteria is a broader category that can include pyogenic arthritis, even though it specifies 'wrist' rather than 'forearm'."
71103,M00039,2,"Staphylococcal arthritis is a specific type of pyogenic arthritis, though it specifies 'wrist' instead of 'forearm'."
71103,M00139,3,"Pneumococcal arthritis may be considered a type of pyogenic arthritis, but is less commonly associated with pyogenic infections compared to staphylococcal arthritis."
71103,M00239,4,Other streptococcal arthritis is related to bacterial arthritis but is less closely associated with pyogenic arthritis than the other codes.
71104,M00049,1,"Staphylococcal arthritis is a type of pyogenic arthritis affecting the hand, closely related to the original diagnosis."
71104,M00149,2,"Pneumococcal arthritis can be considered a type of pyogenic arthritis, affecting the hand, though it is a specific bacterial cause."
71104,M00249,3,"Other streptococcal arthritis falls under the category of pyogenic arthritis and affects the hand, but is less directly related."
71104,M00849,4,Arthritis due to other bacteria is a broad category that includes pyogenic causes but lacks specificity to the original diagnosis.
71105,M00859,1,"Arthritis due to other bacteria aligns closely with pyogenic arthritis, which is caused by bacteria."
71105,M00059,2,"Staphylococcal arthritis is a type of pyogenic arthritis, though it specifies the causative organism."
71105,M00159,3,Pneumococcal arthritis may be considered under pyogenic arthritis but is less common and not a direct synonym.
71105,M00259,4,Other streptococcal arthritis is related to bacterial causes but is a more specific type and less relevant than the others.
71106,M00869,1,"Matches the description of pyogenic arthritis as it specifies arthritis due to other bacteria, which encompasses a broader range of bacterial causes."
71106,M00069,2,"Specific to staphylococcal arthritis, which is a type of pyogenic arthritis, but specifies knee instead of lower leg."
71106,M00169,3,"Specific to pneumococcal arthritis, which is also a type of pyogenic arthritis but specifies knee instead of lower leg."
71106,M00269,4,"Specific to other streptococcal arthritis, which is a type of pyogenic arthritis but specifies knee instead of lower leg."
71107,M00879,1,"This code represents arthritis due to other bacteria, which aligns with the pyogenic nature of the condition described in the ICD-9 code."
71107,M00079,2,"Staphylococcal arthritis is a specific type of pyogenic arthritis affecting the ankle and foot, making it a close match."
71107,M00179,3,"Pneumococcal arthritis is another specific type of pyogenic arthritis affecting the ankle and foot, though less common than staphylococcal."
71107,M00279,4,Other streptococcal arthritis is related but less directly aligned with the pyogenic aspect of the original condition.
71108,M009,1,"direct match to 'pyogenic arthritis', though unspecified"
71108,M0088,2,"related to 'arthritis due to other bacteria', fits the pyogenic description"
71108,M0008,3,"specific to staphylococcal arthritis, a type of pyogenic arthritis"
71108,M0018,4,"specific to pneumococcal arthritis, a type of pyogenic arthritis"
71108,M0028,5,"specific to other streptococcal arthritis, a type of pyogenic arthritis"
71109,M0089,1,"Polyarthritis due to other bacteria is a broader category that encompasses various bacterial causes of polyarthritis, matching the description of pyogenic arthritis."
71109,M0009,2,"Staphylococcal polyarthritis is a specific type of pyogenic arthritis, which fits the description closely."
71109,M0019,3,"Pneumococcal polyarthritis is also a specific type of pyogenic arthritis, although less common than staphylococcal."
71109,M0029,4,"Other streptococcal polyarthritis is another specific type of pyogenic arthritis, but it ranks lower due to being more specific than the overall pyogenic category."
71290,M119,1,"Crystal arthropathy, unspecified is a direct match to the unspecified crystal arthropathy in ICD-9."
71290,M1180,2,"Other specified crystal arthropathies, unspecified site is related but less specific than the direct match."
7132,M363,1,"This code captures arthropathy associated with various blood disorders, aligning closely with the general description of 'arthropathy associated with hematological disorders'."
7132,M362,2,"While this code specifies hemophilia, it is a specific type of blood disorder. It is relevant but not as broadly applicable as M363."
7142,M0560,1,"This code directly relates to rheumatoid arthritis with involvement of other organs and systems, aligning closely with the description of 'other rheumatoid arthritis with visceral or systemic involvement'."
7142,M0530,2,"This code refers to rheumatoid heart disease but indicates unspecified site for the arthritis, making it less specific compared to M0560, which is more aligned with systemic involvement."
7142,M061,3,"Adult-onset Still's disease is a distinct condition and does not directly relate to rheumatoid arthritis or its systemic involvement, making it the least relevant choice."
71500,M150,1,"The term 'primary generalized (osteo)arthritis' closely matches the description of 'osteoarthrosis, generalized', indicating a specific type of generalized osteoarthritis."
71500,M159,2,"While 'polyosteoarthritis, unspecified' indicates multiple joints are involved, it lacks the specificity of the generalized nature found in the ICD-9 description."
71504,M151,1,"Heberden's nodes are a specific manifestation of osteoarthritis in the hand, making it more relevant to generalized osteoarthrosis of the hand."
71504,M152,2,Bouchard's nodes are also associated with osteoarthritis of the hand but are less directly connected to the generalized aspect compared to Heberden's nodes.
71589,M158,1,"This code captures 'Other polyosteoarthritis', which aligns closely with osteoarthrosis involving multiple sites as described in the ICD-9 code."
71589,M153,2,"This code indicates 'Secondary multiple arthritis', which does not specifically refer to osteoarthrosis and may imply a different etiology, making it less relevant."
71590,M1990,1,"Directly corresponds to unspecified osteoarthritis, matching the ICD-9 description closely."
71590,M159,2,"Refers to polyosteoarthritis, which implies multiple joints but is still somewhat related to osteoarthritis."
7171,M23219,1,"Directly describes derangement of anterior horn of medial meniscus due to old tear or injury, which aligns closely with the ICD-9 description."
7171,M23319,2,"Describes other meniscus derangements of the anterior horn, but is less specific than M23219, as it does not indicate an old tear or injury."
7172,M23229,1,Directly corresponds to derangement of posterior horn of medial meniscus with a specification of being due to old tear or injury.
7172,M23329,2,Related to posterior horn meniscus derangements but lacks the specific context of being due to an old tear or injury.
7173,M23239,1,"Specific to derangement of the medial meniscus due to old tear or injury, matching the concept of derangement."
7173,M23305,2,"General term for other meniscus derangements specifically involving the medial meniscus, matching the diagnosis."
7173,M23339,3,Also a general term for other meniscus derangements but less specific than M23305 as it refers to 'other medial meniscus'.
71742,M23249,1,Direct match to the ICD-9 description with additional specification of cause (old tear or injury) but retains focus on the anterior horn of the lateral meniscus.
71742,M23349,2,"Covers other meniscus derangements specifically in the anterior horn of the lateral meniscus, but is less specific than M23249."
71743,M23259,1,direct match in description; specifies posterior horn of lateral meniscus
71743,M23359,2,general match for posterior horn of lateral meniscus but less specific
71817,M24073,1,"Directly corresponds to 'Loose body in unspecified ankle,' matching the primary site of the ICD-9 description."
71817,M24076,2,"Refers to 'Loose body in unspecified toe joints,' which is related but less specific than the ankle involvement in the ICD-9 description."
71827,M24373,1,"Directly corresponds to 'Pathological dislocation of unspecified ankle', which is part of the ICD-9 description."
71827,M24376,2,"Corresponds to 'Pathological dislocation of unspecified foot', which is related but does not cover the ankle aspect."
71837,M24473,1,Directly matches 'Recurrent dislocation' at the ankle joint.
71837,M24476,2,"Directly matches 'Recurrent dislocation' at the foot, but not specifically the ankle."
71847,M24573,1,"Directly corresponds to contracture of the ankle, matching the anatomical site of the ICD-9 description."
71847,M24576,2,"Related to contracture but specifies the foot, which is part of the anatomical area mentioned in the ICD-9 description; however, it's less specific to the joint."
71857,M24673,1,"Directly corresponds to ankylosis of the ankle, matching the site specified in the ICD-9 description."
71857,M24676,2,"Corresponds to ankylosis of the foot, but does not specify which joint of the foot, making it less specific than M24673."
71886,M238X9,1,"Other internal derangements of unspecified knee is closely related to 'other joint derangement' and is specific to the knee, aligning with the lower leg context."
71886,M2350,2,"Chronic instability of knee, unspecified knee is related to knee issues but is more specific to instability rather than general joint derangement."
71887,M24873,1,"Directly related to joint derangement of the ankle, matching the ICD-9 description."
71887,M24876,2,"Related to joint derangement of the foot, but less specific than the ankle, which is the focus of the ICD-9 description."
71907,M25473,1,"Directly corresponds to effusion of the ankle, matching the joint site specified in the ICD-9 code."
71907,M25476,2,"Refers to effusion of the foot, which is part of the broader category of the foot and ankle but less specific than the ankle itself."
71917,M25073,1,"Directly corresponds to hemarthrosis in the ankle, matching the body site and condition."
71917,M25076,2,"Refers to hemarthrosis in the foot, which is part of the original description but is less specific than the ankle."
71930,M1230,1,exact match in description and specificity for palindromic rheumatism
71930,M1240,2,no_good_match
71933,M12339,1,Direct match to palindromic rheumatism; wrist location aligns with forearm as both are upper limb.
71933,M12439,2,Related to joint issues in the wrist but describes a different condition (hydrarthrosis).
71936,M12369,1,"Direct match in condition (palindromic rheumatism) and related to knee, which aligns with lower leg involvement."
71936,M12469,2,"Related condition (hydrarthrosis) but does not match the specific diagnosis of palindromic rheumatism; thus, less relevant."
71939,M1239,1,Exact match in description and condition.
71939,M1249,2,Related condition but not a direct match; describes a different type of joint issue.
71944,M25541,1,"specificity and laterality match; pain in joints of right hand directly relates to pain in joint, hand"
71944,M25542,2,"specificity and laterality match; pain in joints of left hand directly relates to pain in joint, hand"
71944,M25549,3,"specificity match; pain in joints of unspecified hand relates to pain in joint, hand"
71944,M79646,4,"related but less specific; pain in unspecified finger(s) does not directly correspond to pain in joint, hand"
71957,M25673,1,"Stiffness of unspecified ankle, not elsewhere classified is a direct match to the ankle aspect of the ICD-9 description."
71957,M25676,2,"Stiffness of unspecified foot, not elsewhere classified relates to the foot aspect but is less specific to the joint stiffness described in the ICD-9 code."
71984,M25849,1,"This code directly corresponds to 'Other specified joint disorders' which aligns closely with the ICD-9 description of 'Other specified disorders of joint, hand'."
71984,M25149,2,"Fistula is not directly related to joint disorders; hence, this code is a poor match."
71985,M25859,1,"This code relates to other specified joint disorders, which aligns closely with the ICD-9 description of 'other specified disorders of joint' in the pelvic region and thigh."
71985,M25159,2,"This code refers to a fistula in the unspecified hip, which is not directly related to joint disorders but rather a different condition affecting the hip area."
71986,M25869,1,"Other specified joint disorders aligns closely with 'other specified disorders of joint, lower leg'."
71986,M25169,2,"Fistula of the knee does not relate to disorders of the joint itself; hence, it is a poor match."
71987,M25879,1,"This code directly corresponds to 'Other specified joint disorders' which aligns with the ICD-9 description of 'Other specified disorders of joint, ankle and foot'."
71987,M25173,2,"While this code refers specifically to a fistula at the ankle, it does not directly match the broader category of 'other specified disorders'."
71987,M25176,3,"Similar to M25173, this code refers specifically to a fistula at the foot, which is less relevant than M25879 for the general category of joint disorders."
71989,M2580,1,"This code captures 'other specified joint disorders', which closely aligns with the ICD-9 description of 'other specified disorders of joint'."
71989,M2510,2,"This code refers specifically to a fistula at an unspecified joint, which is a more specific condition that does not directly correspond to the general term 'other specified disorders of joint'."
72210,M5126,1,"This code specifically addresses displacement of intervertebral discs in the lumbar region, aligning well with the ICD-9 description."
72210,M5127,2,"While this code addresses displacement of intervertebral discs, it refers to the lumbosacral region, which is slightly broader than the lumbar region specified in the ICD-9 description."
72211,M5124,1,Directly matches the description of 'displacement of thoracic intervertebral disc' without additional qualifiers.
72211,M5125,2,"While it pertains to intervertebral disc displacement, it specifies the thoracolumbar region, which is not the same as the thoracic region."
72231,M5144,1,Exact match in description and body site (thoracic region).
72231,M5145,2,Related condition (Schmorl's nodes) but different body site (thoracolumbar region).
72232,M5146,1,Exact match for 'Schmorl's nodes' in the lumbar region.
72232,M5147,2,"Related condition ('Schmorl's nodes') but refers to the lumbosacral region, which is broader than lumbar."
72251,M5135,1,Directly matches the description of degeneration of the thoracolumbar intervertebral disc.
72251,M5134,2,"Related but refers specifically to the thoracic region, which is a subset of the thoracolumbar region."
72252,M5137,1,Directly matches 'lumbosacral' aspect of the intervertebral disc degeneration.
72252,M5136,2,Matches 'lumbar' aspect of the intervertebral disc degeneration but is less specific than M5137.
7226,M5136,1,"Specific to lumbar region, which is a common site for intervertebral disc degeneration."
7226,M5137,2,"Specific to lumbosacral region, closely related to lumbar degeneration."
7226,M5135,3,"Specific to thoracolumbar region, relevant to intervertebral disc degeneration."
7226,M5134,4,"Specific to thoracic region, which is less common than lumbar and lumbosacral."
72272,M5104,1,"Exact match in terms of description, same region and condition."
72272,M5105,2,Similar condition but refers to a different region (thoracolumbar instead of thoracic).
72290,M519,1,"Directly relates to unspecified intervertebral disc disorder, matching the general description of the ICD-9 code."
72290,M4640,2,Related to discitis but does not specifically match the unspecified disc disorder description as closely as M519.
72291,M5080,1,"This code specifically refers to 'Other cervical disc disorders' which matches the description of 'Other and unspecified disc disorder, cervical region'."
72291,M5090,2,"This code refers to 'Cervical disc disorder, unspecified', but it is less specific than M5080, making it a less ideal match."
72292,M5184,1,"Directly matches the body site (thoracic region) and describes an intervertebral disc disorder, which is relevant to the original ICD-9 description."
72292,M5185,2,"Describes an intervertebral disc disorder but specifies the thoracolumbar region, which is adjacent to the thoracic region, making it a close but less specific match."
72292,M4645,3,"Describes discitis, which is a different condition than a disc disorder, and specifies the thoracolumbar region, making it less relevant to the original description."
72293,M5186,1,"This code specifies 'Other intervertebral disc disorders' in the lumbar region, closely matching the description of 'Other and unspecified disc disorder' in the lumbar region."
72293,M5187,2,This code specifies 'Other intervertebral disc disorders' but in the lumbosacral region. It is slightly less relevant due to the broader region but still pertains to disc disorders.
72293,M4647,3,"This code refers to 'Discitis, unspecified, lumbosacral region', which is a different condition (inflammation of the disc) and does not match the original diagnosis of a disc disorder."
7234,M5412,1,"Radiculopathy specifically relates to nerve root problems in the cervical region, which aligns with the description of brachial neuritis or radiculitis."
7234,M5413,2,"Radiculopathy in the cervicothoracic region encompasses a broader area, but still relates to nerve root issues, making it a relevant but less specific match."
7244,M5415,1,Directly corresponds to the thoracolumbar region which includes both thoracic and lumbar areas.
7244,M5414,2,"Specifically addresses radiculopathy in the thoracic region, a part of the unspecified diagnosis."
7244,M5416,3,"Refers to radiculopathy in the lumbar region, which is part of the broader unspecified diagnosis."
7244,M5417,4,"Covers radiculopathy in the lumbosacral region, relevant but less specific than others."
7245,M549,1,"Dorsalgia, unspecified is a direct match to backache unspecified, maintaining the generality and lack of specification."
7245,M5489,2,Other dorsalgia is related but implies a specific type of back pain rather than the unspecified nature of backache.
7246,M533,1,"directly addresses disorders of the sacrum, matching the site and general nature of the ICD-9 description."
7246,M4328,2,"involves the sacral region, closely related to the sacrum but specifies fusion, which is a more specific intervention."
7246,M4327,3,"involves the lumbosacral region, relates to spine disorders but focuses on fusion, which is less directly related to general disorders."
7246,M532X7,4,"describes spinal instabilities in the lumbosacral region, which is relevant but less specific to the term 'disorders of sacrum' compared to others."
7249,M539,1,"Directly corresponds to 'unspecified back disorders', indicating a broader category without specific detail."
7249,M438X9,2,"While related to back disorders, it specifies deforming dorsopathies which may not encompass all unspecified back disorders."
72610,M7550,1,Bursitis of unspecified shoulder directly relates to the disorders of bursae in the shoulder region.
72610,M75100,2,Unspecified rotator cuff tear or rupture may involve tendon issues but is more specific and does not directly match the 'disorders of bursae and tendons'.
7262,M7580,1,"Other shoulder lesions, unspecified shoulder - closely matches the general category of 'other affections' in the ICD-9 description."
7262,M7530,2,"Calcific tendinitis of unspecified shoulder - while specific to calcific tendinitis, it falls under shoulder affections, but is more specific than 'other'."
7262,M7540,3,"Impingement syndrome of unspecified shoulder - specific condition related to shoulder, but not as broad as 'other affections'."
7265,M7060,1,Trochanteric bursitis is a condition related to the hip region and can be considered a type of enthesopathy.
7265,M7070,2,"Other bursitis of the hip is related to inflammation in the hip region, aligning with enthesopathy."
7265,M7610,3,"Psoas tendinitis affects the hip area and relates to enthesopathy, but is more specific to the psoas tendon."
7265,M7620,4,"Iliac crest spur pertains to a bony growth rather than enthesopathy, making it less relevant."
72670,M76899,1,"This code refers to enthesopathy in the lower limb, which is closely related to the original diagnosis of enthesopathy of the ankle and tarsus."
72670,M7740,2,"While metatarsalgia pertains to foot pain, it does not directly correspond to enthesopathy of the ankle and tarsus, making it a less suitable match."
7271,M21611,1,Specific match for bunion of right foot.
7271,M21612,2,Specific match for bunion of left foot.
7271,M21619,3,Specific match for bunion of unspecified foot.
7271,M2010,4,"General match for hallux valgus, which includes bunion but lacks specificity."
7271,M21621,5,Bunionette of right foot is a related condition but not a direct match for bunion.
7271,M21622,6,Bunionette of left foot is a related condition but not a direct match for bunion.
7271,M21629,7,Bunionette of unspecified foot is a related condition but not a direct match for bunion.
72741,M67439,1,"specificity to wrist joint, commonly associated with ganglion cysts"
72741,M67449,2,"specificity to hand joint, also associated with ganglion cysts"
72741,M67419,3,"specificity to shoulder joint, related to ganglion cysts"
72741,M67429,4,"specificity to elbow joint, related to ganglion cysts"
72741,M67469,5,"specificity to knee joint, related to ganglion cysts"
72741,M67459,6,"specificity to hip joint, related to ganglion cysts"
72741,M67479,7,"specificity to ankle and foot joints, related to ganglion cysts"
72742,M67439,1,Most specific match to tendon sheath location; wrist is a common site for ganglion cysts.
72742,M67449,2,"Hand is a relevant site for ganglion cysts, though less specific than wrist."
72742,M67419,3,Shoulder ganglion is a relevant site but less common than wrist or hand.
72742,M67429,4,Elbow ganglion is relevant but less commonly associated with tendon sheaths.
72742,M67469,5,Knee ganglion is relevant but not directly related to tendon sheaths.
72742,M67459,6,Hip ganglion is less common and not directly associated with tendon sheaths.
72742,M67479,7,Ankle and foot ganglion is the least relevant to tendon sheath location.
72763,M66249,1,"More specific to the hand, which is a key detail in the ICD-9 description."
72763,M66239,2,Less specific as it refers to the forearm rather than the hand; still related but not as precise.
72764,M66349,1,"This code specifically addresses a spontaneous rupture of flexor tendons in the hand, aligning closely with the ICD-9 description of a nontraumatic rupture of flexor tendons of the hand."
72764,M66339,2,"While this code pertains to the rupture of flexor tendons, it is specified for the forearm, which is less relevant than the hand in the context of the ICD-9 description."
72782,M6520,1,Directly corresponds to 'Calcific tendinitis' which is related to calcium deposits in tendons.
72782,M7140,2,"Related to 'Calcium deposit in bursa', but less specific than calcific tendinitis."
72789,M6780,1,"This code specifically addresses other specified disorders of synovium and tendon, aligning closely with the ICD-9 description."
72789,M6788,2,"This code also refers to other specified disorders of synovium and tendon, but specifies a different site, making it slightly less relevant."
72789,M7180,3,"This code refers to other specified bursopathies which can be related to disorders of the bursa, a component of the synovium."
72789,M6500,4,"While this code refers to an abscess of the tendon sheath, it is less relevant as it does not cover the broader category of disorders indicated in the ICD-9 description."
72789,M7100,5,"This code is specific to abscess of bursa, which does not encompass the other types of disorders mentioned in the ICD-9 description."
7279,M6790,1,Directly corresponds to 'unspecified disorder of synovium and tendon' which matches the ICD-9 description closely.
7279,M719,2,Related to disorders of the bursa but lacks specificity to synovium or tendon.
7283,M6289,1,Other specified disorders of muscle directly corresponds to the ICD-9 description of 'Other specific muscle disorders'.
7283,M6284,2,"Sarcopenia is a specific muscle disorder, although it is more specialized than the general category in ICD-9."
7283,M623,3,Immobility syndrome (paraplegic) is not directly related to the general category of muscle disorders and is more specific to a condition affecting mobility.
72879,M724,1,"Pseudosarcomatous fibromatosis is a type of fibromatosis, which aligns closely with the description of 'Other fibromatoses of muscle, ligament, and fascia'."
72879,M721,2,"Knuckle pads are not directly related to fibromatoses of muscle, ligament, and fascia, making it a less relevant match."
72885,M62838,1,"Other muscle spasm is directly related to the concept of muscle spasms, providing a broader category that includes spasms."
72885,M6240,2,"Contracture of muscle, unspecified site is related but specifies a contracture rather than a spasm, making it less directly relevant."
7291,M609,1,"Directly corresponds to myositis, which is a key component of the ICD-9 description."
7291,M791,2,"Myalgia is part of the ICD-9 description, making it a relevant match."
7291,M797,3,Fibromyalgia relates to muscle pain but is more specific than the unspecified myalgia/myositis; hence it's a less direct match.
7292,M792,1,"This code directly corresponds to the ICD-9 description, as it addresses neuralgia and neuritis, which are part of the conditions listed."
7292,M5410,2,"While radiculopathy is related, it is a more specific condition than the unspecified neuralgia or neuritis mentioned in the ICD-9 description."
73000,M8610,1,"Directly corresponds to acute osteomyelitis, maintaining unspecified site."
73000,M8620,2,"Describes subacute osteomyelitis, which is a different temporal classification."
73001,M86119,1,Directly corresponds to acute osteomyelitis in the shoulder region.
73001,M86219,2,"Describes subacute osteomyelitis, which is a different temporal classification than acute; thus, it is a lesser match."
73002,M86129,1,"synonymous diagnosis for acute osteomyelitis in the humerus, which is the upper arm bone"
73002,M86229,2,"related diagnosis but specifies subacute osteomyelitis rather than acute, making it less specific to the provided ICD-9 code"
73003,M86139,1,"This code represents acute osteomyelitis of the radius and ulna, which is synonymous with the ICD-9 description."
73003,M86239,2,"This code represents subacute osteomyelitis, which is a different temporal classification than the acute osteomyelitis described in the ICD-9 code."
73004,M86149,1,Matches the diagnosis of acute osteomyelitis specifically in the hand.
73004,M86249,2,"Describes subacute osteomyelitis, which is not the same as acute, hence less specific."
73005,M86159,1,Other acute osteomyelitis in the femur aligns with the acute nature of the condition in the pelvic region and thigh.
73005,M86259,2,"Subacute osteomyelitis in the femur is less relevant as it describes a different temporal aspect of the disease, making it a poorer match."
73006,M86169,1,"direct match to acute osteomyelitis, specifically refers to the lower leg (tibia and fibula)"
73006,M86269,2,no_good_match
73007,M86179,1,"This code refers to acute osteomyelitis specifically in the ankle and foot, which matches the ICD-9 description."
73007,M86279,2,"This code refers to subacute osteomyelitis, which is a different temporal classification than the acute condition described in the ICD-9 code."
73008,M8618,1,Directly matches the description of acute osteomyelitis at unspecified site.
73008,M8628,2,"Describes subacute osteomyelitis, which is a different temporal classification from acute osteomyelitis."
73009,M8619,1,Directly corresponds to acute osteomyelitis at multiple sites.
73009,M8629,2,"Refers to subacute osteomyelitis at multiple sites, which is not acute and therefore less relevant."
7324,M9250,1,"Directly corresponds to juvenile osteochondrosis of the tibia and fibula, which are part of the lower extremity."
7324,M9240,2,"Corresponds to juvenile osteochondrosis of the patella, which is in the knee, a part of the lower extremity, but not as specific as the tibia and fibula."
7325,M9270,1,"Directly corresponds to juvenile osteochondrosis of the metatarsus, which is a specific part of the foot."
7325,M9260,2,"Refers to juvenile osteochondrosis of the tarsus, which is part of the ankle, but less specific to the foot compared to metatarsus."
7328,M9380,1,This code directly corresponds to 'Other specified osteochondropathies' which aligns with the description of the ICD-9 code.
7328,M4210,2,"While this code refers to osteochondrosis of the spine, it is a specific type of osteochondropathy, but less relevant than the first candidate."
7328,M931,3,Kienbock's disease is a specific condition under osteochondropathy but does not match the broader category of 'other specified forms'.
73313,M8008XA,1,Directly relates to age-related osteoporosis with current pathological fracture specifically in vertebrae.
73313,M4850XA,2,"Describes a collapsed vertebra due to fracture, though less specific than M8008XA regarding the cause."
73313,M8448XA,3,"Refers to a pathological fracture at other sites, which is less relevant than those specifically mentioning vertebrae."
73313,M8468XA,4,Pathological fracture in other disease but does not specify vertebrae and is less relevant than others.
73315,M84453A,1,"This code directly refers to a pathological fracture of the femur, aligning closely with the ICD-9 description."
73315,M84750A,2,"This code refers to an atypical femoral fracture, which is less specific than the pathological fracture but still pertains to the femur."
73319,M8448XA,1,Directly matches the description of a pathologic fracture at an unspecified site.
73319,M84419A,2,"Specifically refers to the shoulder, which is a body site but is more specific than 'other specified site'."
73319,M84479A,3,"Refers to the toe(s), which is a specific body site but also more specific than 'other specified site'."
73329,M8560,1,"This code directly corresponds to a cyst of bone, matching the description of 'Other bone cyst'."
73329,M8500,2,Fibrous dysplasia is a specific type of bone lesion and not a direct match for 'Other bone cyst'.
73390,M899,1,"This code directly corresponds to a disorder of bone, aligning closely with the unspecified nature of the ICD-9 code."
73390,M949,2,"This code pertains to a disorder of cartilage, which is relevant to the original description of a disorder of bone and cartilage."
73390,M859,3,"While related to bone disorders, this code specifies bone density and structure, which is not directly aligned with the unspecified nature of the original ICD-9 code."
73394,M84376A,1,"Directly corresponds to stress fracture of the metatarsals, which are part of the foot."
73394,M84379A,2,"Refers to stress fractures in the toes, which are not the metatarsals but still in the foot; however, it is less specific."
73395,M8438XA,1,"This code directly corresponds to a stress fracture of 'other site', making it the most relevant match."
73395,M8430XA,2,"This code represents a stress fracture at an unspecified site, which is a broader category but still aligns with the general concept of a stress fracture."
73395,M4840XA,3,"Although this code specifies a fatigue fracture of the vertebra, it is related to the concept of a fracture, but lacks the stress fracture specificity."
73395,M4841XA,4,"This code is a fatigue fracture of a specific vertebral region, but still lacks the specificity of a stress fracture."
73395,M4842XA,5,This code specifies a fatigue fracture in the cervical region but is still not a stress fracture.
73395,M4843XA,6,"This code pertains to a fatigue fracture in the cervicothoracic region, lacking the stress fracture specificity."
73395,M4844XA,7,"This code specifies a fatigue fracture of the thoracic vertebra, which is a different site than the stress fracture of 'other bone'."
73395,M4845XA,8,"This code indicates a fatigue fracture in the thoracolumbar region, which is not related to a stress fracture."
73395,M4846XA,9,This code is for a fatigue fracture in the lumbar region and does not pertain to a stress fracture.
73395,M4847XA,10,"This code represents a fatigue fracture in the lumbosacral region, unrelated to stress fractures."
73395,M4848XA,11,"This code specifies a fatigue fracture in the sacral region, not applicable to a stress fracture."
73395,M84319A,12,"This code specifies a stress fracture in the shoulder, which is a specific site and does not align with 'other bone'."
73395,M84329A,13,"This code pertains to a stress fracture in the humerus, which is not aligned with the broader 'other bone' classification."
73395,M84339A,14,"This code is for a stress fracture in the ulna and radius, which is too specific compared to 'other bone'."
73395,M84343A,15,"This code indicates a stress fracture in the hand, which does not match the broader classification of 'other bone'."
73395,M84373A,16,"This code refers to a stress fracture in the ankle, which is not related to 'other bone' and is too specific."
73399,M898X9,1,"This code specifically refers to 'Other specified disorders of bone', which closely aligns with the ICD-9 description of other disorders of bone and cartilage."
73399,M948X9,2,"This code refers to 'Other specified disorders of cartilage', which is relevant to the cartilage aspect of the ICD-9 description, but less directly than M898X9."
73399,M8930,3,"This code refers to 'Hypertrophy of bone, unspecified site', which is a more specific condition and does not cover the broader category of 'other disorders of bone and cartilage'."
73681,M21759,1,Directly corresponds to 'unequal limb length (acquired)' with specification for the femur.
73681,M21769,2,"Also corresponds to 'unequal limb length (acquired)' but specifies the tibia and fibula, making it less specific than the femur option."
73689,M2180,1,More general category of acquired deformities that could apply to various parts of the limb.
73689,M21969,2,"Specific to lower leg but is unspecified, making it less suitable compared to M2180."
73710,M4000,1,"Directly corresponds to postural kyphosis, matching the acquired nature of the condition."
73710,M40209,2,"While it indicates kyphosis, it is less specific as it does not specify the postural aspect."
73739,M4180,1,"Specifically addresses 'other forms of scoliosis', which aligns well with 'Other kyphoscoliosis and scoliosis' in the ICD-9 description."
73739,M419,2,"While it covers scoliosis, it is more general and does not specify the type, making it less specific than M4180."
73743,M4150,1,"This code describes 'Other secondary scoliosis,' which aligns with the ICD-9 description of scoliosis associated with other conditions."
73743,M4140,2,"This code refers to 'Neuromuscular scoliosis,' which is a specific type of scoliosis but does not directly relate to the broader category of 'other conditions' as described in the ICD-9 code."
7384,M4310,1,"Directly corresponds to spondylolisthesis, matching the condition in the ICD-9 code."
7384,M4300,2,"Related condition (spondylolysis) but not the same as spondylolisthesis; thus, it's a less specific match."
7385,M9983,1,Both involve biomechanical lesions which can be considered deformities in the lumbar region.
7385,M9984,2,"While this code relates to deformities, it is specific to the sacral region, making it less relevant than the lumbar region."
74100,Q054,1,Unspecified spina bifida with hydrocephalus is a direct match to the ICD-9 description.
74100,Q0703,2,"Arnold-Chiari syndrome with spina bifida and hydrocephalus includes spina bifida and hydrocephalus, but specifies Arnold-Chiari syndrome, making it less general."
74100,Q0702,3,"Arnold-Chiari syndrome with hydrocephalus does not mention spina bifida, making it the least relevant match."
74190,Q058,1,"This code specifically refers to sacral spina bifida without hydrocephalus, which is a subtype of spina bifida, aligning closely with the unspecified nature of the ICD-9 description."
74190,Q0701,2,"Although this code includes spina bifida, it specifies Arnold-Chiari syndrome, which is a different condition and not directly related to the ICD-9 description of spina bifida without mention of hydrocephalus."
7422,Q043,1,Other reduction deformities of brain - directly aligns with 'reduction deformities of brain' in the ICD-9 description.
7422,Q041,2,"Arhinencephaly - a specific type of brain deformity, but more specific than 'reduction deformities' without directly matching the broader category."
7422,Q042,3,"Holoprosencephaly - a specific condition related to brain malformations, but not directly related to 'reduction deformities'."
7423,Q038,1,"direct match to congenital hydrocephalus, indicating it is a specific type of the condition."
7423,Q030,2,"related to malformations that can cause hydrocephalus, but not specifically hydrocephalus itself."
7423,Q031,3,"related to atresia that can lead to hydrocephalus, but does not directly represent the condition."
7424,Q048,1,"directly matches the description of 'other specified congenital malformations of brain', aligning closely with the ICD-9 code."
7424,Q046,2,"refers to 'congenital cerebral cysts', which are a specific type of congenital anomaly of the brain, but not as broad as 'other specified'."
7424,Q045,3,"describes 'megalencephaly', a specific condition that is a type of congenital anomaly but does not encompass the broader category of 'other specified congenital anomalies of brain'."
74259,Q068,1,"This code directly corresponds to 'Other specified congenital malformations of spinal cord', matching the description of the ICD-9 code."
74259,Q061,2,"This code refers to 'Hypoplasia and dysplasia of spinal cord', which is a specific type of congenital anomaly, though not explicitly mentioned in the ICD-9 description."
74259,Q063,3,"This code refers to 'Other congenital cauda equina malformations', which is a specific type of congenital anomaly related to the spinal cord but is more specific than the general category in the ICD-9 description."
74259,Q060,4,"This code refers to 'Amyelia', which is a specific condition affecting the spinal cord but does not align closely with the general category of 'Other specified congenital anomalies of spinal cord' in the ICD-9 code."
7428,Q078,1,"Directly corresponds to congenital malformations of the nervous system, matching the specificity and context of the ICD-9 code."
7428,G901,2,"While related to the nervous system, it specifically refers to a hereditary condition rather than a congenital anomaly, making it less relevant."
74336,Q124,1,"Spherophakia is a specific type of congenital lens anomaly that relates closely to lens shape, making it a direct match."
74336,Q128,2,"Other congenital lens malformations encompass a broader range of conditions, including those related to lens shape, but are less specific than spherophakia."
74346,Q132,1,"This code covers other congenital malformations of the iris, which aligns closely with the description of 'other specified congenital anomalies of iris and ciliary body'."
74346,Q130,2,Coloboma of iris is a specific type of congenital anomaly but does not encompass the broader category of 'other specified anomalies'.
74429,Q178,1,"This code captures other specified congenital malformations of the ear, aligning closely with 'Other specified anomalies of ear'."
74429,Q173,2,"This code refers to other misshapen ear, which is a specific type of anomaly of the ear."
74429,Q174,3,"This code refers to a misplaced ear, which is another specific anomaly of the ear."
74429,Q175,4,"This code refers to a prominent ear, which is a specific type of ear anomaly, but less general than the specified anomalies."
74519,Q203,1,"Discordant ventriculoarterial connection is a specific type of transposition of great vessels, aligning closely with the description of other transpositions."
74519,Q208,2,"Other congenital malformations of cardiac chambers and connections may encompass a broader range of conditions, but it does not specifically refer to transposition of great vessels, making it less relevant."
7454,Q210,1,directly corresponds to 'Ventricular septal defect'
7454,I2783,2,related condition (Eisenmenger's syndrome) but not a direct match
7458,Q218,1,"This code specifically addresses congenital malformations of cardiac septa, which directly relates to anomalies of cardiac septal closure."
7458,Q208,2,"This code covers other congenital malformations of cardiac chambers and connections, which is broader and less specific than Q218."
74687,Q248,1,Other specified congenital malformations of heart is the most inclusive and relevant match for malposition of heart and cardiac apex.
74687,Q240,2,Dextrocardia is a specific type of heart malposition but does not encompass all forms of malposition.
74687,Q241,3,"Levocardia is a specific condition that represents a normal position of the heart, which is not relevant to malposition."
74689,Q248,1,"This code directly corresponds to 'Other specified congenital malformations of heart', making it the most semantically appropriate match."
74689,Q238,2,"This code specifies malformations of aortic and mitral valves, which is a more specific subset of congenital anomalies of the heart but does not cover all specified anomalies."
7469,Q249,1,More general category that encompasses unspecified congenital anomalies of the heart.
7469,Q209,2,"Specific to malformations of cardiac chambers and connections, which is a subset of heart anomalies."
74721,Q2545,1,"Double aortic arch is a specific anomaly of the aortic arch, directly related to the description."
74721,Q2546,2,"Tortuous aortic arch is a specific type of aortic arch anomaly, relevant to the broader category."
74721,Q2547,3,"Right aortic arch is another specific type of anomaly of the aortic arch, making it relevant."
74722,Q2529,1,"This code refers to other forms of aortic atresia, which is directly related to the ICD-9 description of atresia of the aorta."
74722,Q253,2,"This code refers to supravalvular aortic stenosis, which is a specific type of stenosis but does not directly correspond to atresia."
74729,Q2549,1,"Other congenital malformations of aorta is a broad category that encompasses various anomalies, aligning well with the general description of 'other anomalies of aorta'."
74729,Q2541,2,"Absence and aplasia of aorta is a specific anomaly of the aorta, which is relevant but more specific than 'other anomalies'."
74729,Q2542,3,"Hypoplasia of aorta refers to underdevelopment of the aorta, which is a specific condition but still falls under anomalies."
74729,Q2543,4,"Congenital aneurysm of aorta is a specific type of anomaly, but it is more particular than the general category of 'other anomalies'."
74729,Q2544,5,"Congenital dilation of aorta is another specific type of anomaly, but again more specific than the general description."
74729,Q2548,6,"Anomalous origin of subclavian artery is related to a vascular anomaly but does not specifically pertain to the aorta, making it less relevant."
74731,Q255,1,"Direct match to atresia of the pulmonary artery, a specific condition described in the ICD-9 code."
74731,Q2571,2,"Related condition of coarctation of the pulmonary artery, closely associated with the ICD-9 description but less specific than atresia."
74739,Q2579,1,"This code specifically addresses 'other congenital malformations of pulmonary artery', which aligns closely with the general category of 'other anomalies' described in the ICD-9 code."
74739,Q256,2,"While stenosis of the pulmonary artery is a specific condition related to the pulmonary artery, it does not encompass the broader category of 'other anomalies' as described in the ICD-9 code."
74749,Q268,1,"This code captures other congenital malformations of great veins, aligning closely with the broader category of 'other anomalies of great veins'."
74749,Q261,2,"Persistent left superior vena cava is a specific type of anomaly of the great veins, making it a relevant but narrower match."
74749,Q260,3,"Congenital stenosis of vena cava is a specific condition affecting the great veins but is less broadly aligned with 'other anomalies', thus ranked lower."
74781,Q282,1,Directly refers to a specific type of anomaly (arteriovenous malformation) within the cerebrovascular system.
74781,Q283,2,"Refers to other malformations of cerebral vessels, which is a broader category but still relates to anomalies of the cerebrovascular system."
7481,Q308,1,"Other congenital malformations of nose is a broader category that encompasses various anomalies, including those described in ICD-9 code 7481."
7481,Q301,2,Agenesis and underdevelopment of nose is a specific type of anomaly that can be related but is more specific than the general category of 'other anomalies'.
7481,Q302,3,"Fissured, notched and cleft nose describes a specific type of nose anomaly that is less general than the term 'other anomalies'."
7483,Q318,1,"This code covers other congenital malformations of the larynx, which aligns closely with the general category of 'other anomalies of larynx, trachea, and bronchus'."
7483,Q321,2,"This code specifically addresses congenital malformations of the trachea, fitting the broader category of anomalies of the trachea and bronchus."
7483,Q324,3,"This code covers congenital malformations of the bronchus, which is also relevant to the broader category of anomalies."
7483,Q311,4,"This code is specific to congenital subglottic stenosis, which is a specific condition related to the larynx, but it is narrower than the broader category in the ICD-9 code."
7483,Q313,5,Laryngocele is a specific condition affecting the larynx but does not encompass the broader category of anomalies described in the ICD-9 code.
7485,Q336,1,"Directly corresponds to 'hypoplasia and dysplasia of lung', maintaining specificity."
7485,Q333,2,"Specifically addresses 'agenesis of lung', which is part of the broader category in the ICD-9 description."
7485,Q332,3,Sequestration of lung is a different condition and does not match the description.
74869,Q338,1,"This code captures other congenital malformations of the lung, which is a broader category that encompasses various anomalies, aligning closely with 'Other congenital anomalies of lung'."
74869,Q331,2,"Accessory lobe of lung is a specific type of congenital anomaly, though it does not represent the broader category of 'other' anomalies."
74869,Q335,3,"Ectopic tissue in lung is a specific condition that may not be included under the 'other congenital anomalies' umbrella, making it a less relevant match."
7488,Q348,1,"This code directly corresponds to 'Other specified congenital malformations of respiratory system,' matching the description of the ICD-9 code closely."
7488,Q340,2,Anomaly of pleura is related to respiratory system anomalies but is more specific and does not encompass other types of respiratory system anomalies.
7488,Q341,3,Congenital cyst of mediastinum is a specific type of anomaly but does not cover the broader category of 'other specified anomalies' indicated in the ICD-9 code.
74902,Q359,1,"Q359 describes a cleft palate but does not specify laterality or completeness, making it a broader match to 'cleft palate, unilateral, incomplete'."
74902,Q357,2,"Q357 specifies 'cleft uvula', which is not directly related to 'cleft palate' and thus is a less relevant match."
7503,Q391,1,Atresia of esophagus with tracheo-esophageal fistula is the most closely related as it includes both atresia and the presence of a fistula.
7503,Q390,2,Atresia of esophagus without fistula is relevant but lacks the fistula component present in the ICD-9 code.
7503,Q393,3,Congenital stenosis and stricture of esophagus is related to the esophagus but does not address atresia or fistula.
7503,Q392,4,"Congenital tracheo-esophageal fistula without atresia is relevant to fistula but lacks atresia, making it less specific."
7503,Q394,5,"Esophageal web is not directly related to atresia or fistula, making it the least relevant option."
7504,Q398,1,"This code covers 'Other congenital malformations of esophagus', which aligns closely with 'Other specified anomalies of esophagus' as it includes unspecified or various anomalies."
7504,Q395,2,"This code refers to 'Congenital dilatation of esophagus', which is a specific anomaly but still pertains to esophageal anomalies. However, it is more specific than the general 'other specified anomalies'."
7504,Q396,3,"This code indicates 'Congenital diverticulum of esophagus', which is a specific type of anomaly. It is relevant but is more limited in scope compared to the broader 'other specified anomalies' category."
7507,Q402,1,"This code directly relates to specified congenital malformations of the stomach, aligning closely with the description of 'other specified anomalies of stomach'."
7507,Q395,2,"Although related to esophageal anomalies, this code does not pertain to the stomach specifically, making it less relevant."
7509,Q409,1,"This code directly corresponds to the unspecified anomaly of the upper alimentary tract, matching the ICD-9 description."
7509,Q385,2,"While related to congenital malformations, this code specifically refers to the palate and does not encompass the broader category of upper alimentary tract anomalies."
7515,Q438,1,"This code directly relates to 'Other specified congenital malformations of intestine', making it the best match for 'Other anomalies of intestine'."
7515,Q434,2,"Duplication of intestine is a specific type of anomaly that falls under intestinal anomalies, though it is more specific than the broader category."
7515,Q437,3,Persistent cloaca is a specific condition related to intestinal anomalies but is more specialized and less general than the broader category.
7515,Q435,4,"Ectopic anus is related to anomalies but is not specific to the intestine itself, making it the least relevant to the general category of intestinal anomalies."
75160,Q441,1,"Directly relates to gallbladder anomalies, aligning with the site mentioned in the ICD-9 description."
75160,Q445,2,"Relates to bile duct anomalies, which are part of the specified anatomical areas in the ICD-9 description."
75160,Q447,3,"Pertains to liver anomalies, also relevant to the anatomical sites mentioned in the ICD-9 description."
75169,Q441,1,Other congenital malformations of gallbladder directly relates to anomalies of the gallbladder.
75169,Q445,2,Other congenital malformations of bile ducts is relevant to anomalies of the bile ducts.
75169,Q447,3,Other congenital malformations of liver relates to anomalies of the liver.
75169,Q444,4,Choledochal cyst is a specific condition that may be considered an anomaly of the bile ducts but is more specific than 'other anomalies'.
7517,Q453,1,"Other congenital malformations of pancreas and pancreatic duct encompasses a broader range of anomalies, including various malformations that could relate to the general category of anomalies of the pancreas."
7517,Q450,2,"Agenesis, aplasia and hypoplasia of pancreas are specific types of anomalies, making it a relevant but narrower match to the general term 'anomalies of pancreas'."
7517,Q451,3,Annular pancreas is a specific type of anomaly but is less common than other types and does not cover the broader category of anomalies as well as Q453.
7520,Q5039,1,"Other congenital malformation of ovary is a broad category that encompasses various anomalies, making it the most semantically relevant option."
7520,Q5001,2,"Congenital absence of ovary, unilateral is a specific anomaly of the ovaries, aligning closely with the general description of anomalies."
7520,Q5002,3,"Congenital absence of ovary, bilateral also represents an anomaly of the ovaries, but is less common compared to unilateral absence."
7520,Q5031,4,"Accessory ovary indicates a variation in ovarian structure, but it is less directly related to the concept of anomalies compared to absence or malformation."
7520,Q5032,5,"Ovarian streak describes a specific condition that can be considered an anomaly, but it is more specific and less common, making it the least aligned with the broad category of anomalies."
75211,Q504,1,"Direct match for embryonic cyst of fallopian tube, aligning closely with the ICD-9 description."
75211,Q505,2,"Matches embryonic cyst of broad ligament, which is part of the broader context of the ICD-9 description."
7522,Q5110,1,Directly describes the condition of doubling of the uterus with additional specific details about cervix and vagina.
7522,Q512,2,"Describes other forms of doubling of the uterus, but lacks the specific details present in Q5110."
75241,Q516,1,"This code directly corresponds to the embryonic cyst of the cervix, matching the specific anatomical site and condition described in the ICD-9 code."
75241,Q524,2,"While this code pertains to congenital malformations of the vagina, it is broader and does not specifically denote an embryonic cyst, making it a less precise match."
75247,Q52120,1,Exact match in meaning; nonobstructing longitudinal vaginal septum.
75247,Q52121,2,Specific to obstructing longitudinal vaginal septum on the right side; closely related.
75247,Q52122,3,Specific to obstructing longitudinal vaginal septum on the left side; closely related.
75247,Q52123,4,Specific to microperforate longitudinal vaginal septum on the right side; related but with additional detail.
75247,Q52124,5,Specific to microperforate longitudinal vaginal septum on the left side; related but with additional detail.
75247,Q52129,6,General category for other and unspecified types of longitudinal vaginal septum; least specific.
75249,Q51828,1,Other congenital malformations of cervix directly relates to anomalies of cervix.
75249,Q515,2,Agenesis and aplasia of cervix is a specific anomaly of the cervix.
75249,Q51821,3,Hypoplasia of cervix is a specific anomaly that pertains to the cervix.
75249,Q524,4,Other congenital malformations of vagina relates to anomalies of the vagina.
75249,Q5210,5,Doubling of vagina is a specific anomaly related to the vagina.
75249,Q522,6,Congenital rectovaginal fistula pertains to the vagina and is an anomaly.
75249,Q525,7,Fusion of labia is a malformation related to external female genitalia.
75249,Q526,8,Congenital malformation of clitoris is related to the external female genitalia.
75249,Q5270,9,Unspecified congenital malformations of vulva relates to anomalies of external female genitalia.
75249,Q5271,10,Congenital absence of vulva is a specific anomaly of the external female genitalia.
75249,Q5279,11,Other congenital malformations of vulva relates to anomalies of external female genitalia.
75249,Q510,12,Agenesis and aplasia of uterus does not relate to cervix or vagina.
75249,Q528,13,Other specified congenital malformations of female genitalia is vague and does not specify the cervix or vagina.
75251,Q539,1,"directly corresponds to 'undescended testicle, unspecified', matching the ICD-9 description."
75251,Q5313,2,"specific type of undescended testis (unilateral high scrotal), but not a direct match to the general term."
75269,Q5569,1,"Other congenital malformation of penis is broader and includes various anomalies of the penis, aligning well with 'Other penile anomalies'."
75269,Q5563,2,"Congenital torsion of penis is a specific type of penile anomaly but does not encompass all other penile anomalies, making it a less suitable match."
75289,Q528,1,"directly relates to anomalies of female genitalia, matching the category of specified anomalies."
75289,Q558,2,"covers other specified congenital malformations of male genital organs, which aligns with the broader category of genital anomalies."
75289,Q550,3,"specific to absence and aplasia of testis, which is a specific type of anomaly in male genital organs."
75289,Q551,4,hypoplasia of testis and scrotum is a specific condition under male genital anomalies.
75289,Q5521,5,"polyorchism is a specific congenital condition related to testis, fitting within the realm of genital anomalies."
75289,Q5529,6,other congenital malformations of testis and scrotum represent a broader category of male genital anomalies.
75289,Q553,7,atresia of vas deferens is a specific anomaly related to male genital organs but is more focused on a specific duct.
7530,Q602,1,"synonymy with 'Renal agenesis, unspecified' directly corresponds to 'Renal agenesis' in ICD-9."
7530,Q605,2,no_good_match
75310,Q619,1,"direct match in description with 'Cystic kidney disease, unspecified'"
75310,Q6100,2,"related to renal cysts but specifies 'congenital', which is not indicated in the ICD-9 description"
75319,Q618,1,This code is a direct match for 'Other cystic kidney diseases' and covers a broader range of conditions that fit the description.
75319,Q6102,2,"While this code refers to congenital multiple renal cysts, it is more specific and does not encompass all other cystic kidney diseases."
75329,Q6211,1,"Specifically addresses the obstruction at the ureteropelvic junction, which is a more precise location within the renal pelvis and ureter."
75329,Q6210,2,"General occlusion of the ureter without specification, making it less precise than Q6211."
7533,Q638,1,Other specified congenital malformations of kidney - closely matches the 'other specified anomalies' description.
7533,Q630,2,"Accessory kidney - a specific type of kidney anomaly, relevant but more specific."
7533,Q631,3,"Lobulated, fused and horseshoe kidney - a specific type of kidney anomaly, relevant but more specific."
7533,Q632,4,"Ectopic kidney - a specific type of kidney anomaly, relevant but more specific."
7533,Q633,5,"Hyperplastic and giant kidney - a specific type of kidney anomaly, relevant but more specific."
7534,Q628,1,"Broad category covering 'other specified anomalies of ureter', including various congenital malformations."
7534,Q6261,2,"Specific anomaly related to the position of the ureter, which falls under the category of ureter anomalies."
7534,Q6262,3,"Specific anomaly related to the displacement of the ureter, relevant to ureter anomalies."
7534,Q6263,4,"Specific anomaly related to the implantation of the ureter, relevant to ureter anomalies."
7534,Q624,5,A specific condition (agenesis) that is more restrictive than 'other anomalies' but still relevant.
7534,Q625,6,Specific condition (duplication) that is less aligned with the general description of 'other specified anomalies'.
7536,Q6439,1,Directly corresponds to atresia and stenosis of urethra and bladder neck with specificity for other cases.
7536,Q6431,2,"Specific to bladder neck obstruction, closely related to stenosis of bladder neck."
7536,Q6432,3,"Directly relates to stricture of the urethra, which is a form of stenosis."
7536,Q6433,4,"Relates to stricture at the urinary meatus, which is an area of the urethra."
7536,Q642,5,"While it pertains to a urethral condition, it specifically refers to posterior urethral valves, which is less related to atresia and stenosis."
7538,Q6479,1,Directly matches 'Other specified anomalies of bladder and urethra' as it refers to other congenital malformations.
7538,Q645,2,Refers to a specific congenital condition (absence of bladder and urethra) which is a significant anomaly related to the bladder and urethra.
7538,Q646,3,Describes a specific congenital condition (diverticulum of bladder) which is related to bladder anomalies.
7538,Q6471,4,Describes a specific anomaly (prolapse of urethra) which is related to urethral anomalies.
7538,Q6473,5,"Describes a specific congenital condition (urethrorectal fistula) which involves both urethra and rectum, related to anomalies."
7538,Q6474,6,Describes a specific congenital condition (double urethra) which is an anomaly of the urethra.
7538,Q6475,7,Describes a specific congenital condition (double urinary meatus) which is an anomaly related to urethral structure.
7540,Q674,1,"This code represents 'Other congenital deformities of skull, face and jaw', which encompasses a wide range of congenital deformities similar to the general category of the ICD-9 code."
7540,Q670,2,Congenital facial asymmetry is a specific type of deformity that falls under the broader category of facial deformities mentioned in the ICD-9 code.
7540,Q671,3,"Congenital compression facies is a specific type of deformity related to facial structure, aligning with the context of the ICD-9 code."
7540,Q673,4,Plagiocephaly is a specific deformity of the skull that is relevant to cranial deformities mentioned in the ICD-9 code.
7540,Q672,5,"Dolichocephaly, while a specific type of cranial deformity, is less directly related to the general category of congenital deformities of the skull, face, and jaw compared to the other codes."
7542,Q675,1,Directly matches the description of congenital deformity of spine.
7542,Q763,2,"Specific type of congenital deformity related to scoliosis, which is a form of spinal deformity."
7542,Q76425,3,"Specific type of congenital lordosis affecting the thoracolumbar region, relevant to spinal deformities."
7542,Q76426,4,"Specific type of congenital lordosis affecting the lumbar region, relevant to spinal deformities."
7542,Q76427,5,"Specific type of congenital lordosis affecting the lumbosacral region, relevant to spinal deformities."
7542,Q76428,6,"Specific type of congenital lordosis affecting the sacral and sacrococcygeal region, relevant to spinal deformities."
75459,Q663,1,"Other congenital varus deformities of feet is a broader category that encompasses various types of varus deformities, aligning closely with 'other varus deformities of feet'."
75459,Q661,2,"Congenital talipes calcaneovarus is a specific type of varus deformity but does not cover the broader category of 'other varus deformities', making it less relevant."
75461,Q6650,1,"Exact match in meaning to congenital pes planus, specifying it as an unspecified foot condition."
75461,Q6680,2,No good match; congenital vertical talus deformity is a different condition than pes planus.
75489,Q678,1,"Both codes refer to congenital deformities, with Q678 specifically addressing anomalies in the chest, which aligns with the general category of 'other specified nonteratogenic anomalies'."
75489,Q681,2,"Q681 relates to congenital deformities of the fingers and hands, which, while specific, falls under the broader category of congenital anomalies."
75489,Q743,3,"Q743 refers to a specific congenital condition (arthrogryposis multiplex congenita), which, while related to congenital deformities, is more specific and does not broadly align with the category of 'other specified nonteratogenic anomalies'."
75520,Q7190,1,Direct match in description as both indicate unspecified reduction defect of upper limb.
75520,Q71899,2,"Related concept of other reduction defects, but less specific than Q7190."
75539,Q7230,1,"Congenital absence relates closely to deficiency of phalanges, making it a better match."
75539,Q7270,2,"While it refers to a split foot, it is less specific to phalangeal deficiency and does not directly match the diagnosis."
75564,Q682,1,Exact match in terminology for congenital deformity of the knee.
75564,Q741,2,"Related concept of congenital malformation of the knee, slightly less specific than deformity."
7560,Q759,1,"This code directly addresses congenital malformations of skull and face bones, making it the most appropriate match."
7560,Q750,2,"Craniosynostosis is a specific type of skull anomaly, relevant but more specific than the general category of anomalies."
7560,Q752,3,Hypertelorism is a specific condition related to facial bone structure but does not encompass the broader category of skull and face bone anomalies.
75619,Q7649,1,"This code refers to other congenital malformations of the spine, which aligns closely with the general description of 'other anomalies of spine' in ICD-9."
75619,Q76419,2,"While this code pertains to congenital kyphosis, it is more specific and does not encompass the broader range of anomalies indicated by 'other anomalies of spine'."
7563,Q766,1,"This code directly refers to other congenital malformations of ribs, which aligns closely with the ICD-9 description of anomalies of ribs."
7563,Q767,2,"This code specifically pertains to congenital malformations of the sternum, making it relevant to the overall category of sternum anomalies."
7563,Q772,3,This code describes a specific condition (short rib syndrome) that may fall under rib anomalies but is not directly synonymous with the general description of anomalies.
7564,Q774,1,"Achondroplasia is a specific type of chondrodystrophy, making it the closest match."
7564,Q778,2,Other osteochondrodysplasia encompasses a broader category that includes various forms of chondrodystrophy.
7564,Q771,3,Thanatophoric short stature is a specific subtype of skeletal dysplasia but is less directly related to general chondrodystrophy compared to the others.
7564,Q784,4,"Enchondromatosis is a different condition involving cartilage tumors, not directly related to chondrodystrophy."
7566,Q791,1,"Other congenital malformations of diaphragm includes a broader range of anomalies, aligning well with 'anomalies of diaphragm'."
7566,Q790,2,Congenital diaphragmatic hernia is a specific type of anomaly but does not encompass all possible anomalies of the diaphragm.
75671,Q794,1,exact_match
75671,Q7951,2,no_good_match
7569,Q798,1,"This code describes other congenital malformations of the musculoskeletal system, closely aligning with the unspecified anomalies described in the ICD-9 code."
7569,Q688,2,"This code refers to other specified congenital musculoskeletal deformities, which is relevant but less general than the previous code."
7569,Q799,3,"This code indicates a congenital malformation of the musculoskeletal system, unspecified, making it less specific than the other options."
7571,Q809,1,"Congenital ichthyosis, unspecified is a direct match for ichthyosis congenita, as it covers the broader category of congenital ichthyosis."
7571,Q803,2,"Congenital bullous ichthyosiform erythroderma is a specific type of congenital ichthyosis, making it a relevant but more specific option."
7571,Q804,3,Harlequin fetus describes a severe form of congenital ichthyosis but is less directly related to ichthyosis congenita compared to the others.
75733,Q822,1,"Congenital cutaneous mastocytosis is a congenital skin condition, which aligns with the congenital aspect of the original ICD-9 code."
75733,Q821,2,"Xeroderma pigmentosum is a skin condition related to pigmentary anomalies, but it is not classified as congenital."
75739,Q828,1,"This code directly corresponds to 'Other specified congenital malformations of skin', which is closely related to the ICD-9 description of 'Other specified anomalies of skin'."
75739,Q819,2,"While 'Epidermolysis bullosa' is a skin condition, it is a specific type of anomaly and may not fully encompass the broader category of 'other specified anomalies of skin'."
75739,Q826,3,"A congenital sacral dimple is a specific anatomical anomaly that does not relate broadly to skin anomalies as described in the ICD-9 code, making it less relevant."
7574,Q841,1,"This code captures congenital morphological disturbances of hair, which aligns closely with specified anomalies of hair."
7574,Q842,2,"This code represents other congenital malformations of hair, which is relevant but less specific than Q841."
7574,Q840,3,"While congenital alopecia is related to hair anomalies, it specifically denotes hair loss rather than a broader category of anomalies."
7576,Q830,1,Congenital absence of breast with absent nipple directly relates to specified congenital anomalies of the breast.
7576,Q831,2,"Accessory breast is a congenital anomaly of the breast, which aligns with the category of specified congenital anomalies."
7576,Q833,3,Accessory nipple is a congenital anomaly related to breast development and is relevant to specified congenital anomalies.
7576,Q832,4,"Absent nipple is a congenital anomaly that may occur in conjunction with breast anomalies, making it somewhat relevant."
7576,Q838,5,Other congenital malformations of breast could potentially cover unspecified anomalies but lacks specificity to the breast conditions mentioned.
75839,Q9389,1,"This code directly refers to 'Other deletions from the autosomes', which aligns with the general description of 'Other autosomal deletions'."
75839,Q933,2,"This code is specific to a deletion on chromosome 4, which is a type of autosomal deletion, but it is more specific than the general term used in the ICD-9 code."
75839,Q937,3,"This code refers to deletions with complex rearrangements, which may not directly correspond to the general category of 'Other autosomal deletions', making it less relevant."
75881,Q978,1,"Other specified sex chromosome abnormalities, female phenotype - closely matches the category of sex chromosome anomalies."
75881,Q970,2,"Karyotype 47, XXX - specifically identifies a type of sex chromosome anomaly."
75881,Q971,3,Female with more than three X chromosomes - a specific case of sex chromosome anomalies.
75881,Q972,4,"Mosaicism, lines with various numbers of X chromosomes - relates to sex chromosome anomalies."
75881,Q988,5,"Other specified sex chromosome abnormalities, male phenotype - although male, it still pertains to the broader category of sex chromosome anomalies."
75881,Q985,6,"Karyotype 47, XYY - while it's a sex chromosome anomaly, it pertains to a male phenotype."
75881,Q987,7,Male with sex chromosome mosaicism - related to sex chromosome anomalies but specific to males.
75881,Q998,8,Other specified chromosome abnormalities - too broad and not specifically tied to sex chromosome anomalies.
7590,Q8909,1,"Congenital malformations of spleen directly relates to anomalies of the spleen, covering a broader range of conditions."
7590,Q8901,2,Asplenia (congenital) is a specific type of anomaly but does not encompass all anomalies of the spleen.
75989,Q898,1,"This code directly refers to 'Other specified congenital malformations', making it the most closely related to the general category of 'Other specified congenital anomalies'."
75989,Q8789,2,"This code refers to 'Other specified congenital malformation syndromes, not elsewhere classified', which is also relevant to the concept of unspecified congenital anomalies."
75989,Q872,3,"While this code specifies a particular syndrome, it falls under the broader category of congenital anomalies, making it a relevant but more specific option."
75989,Q873,4,"Similar to Q872, this code specifies a syndrome related to congenital anomalies but is still relevant in the context of congenital malformations."
75989,Q875,5,"This code pertains to congenital malformation syndromes with skeletal changes, which is a specific subset of congenital anomalies."
75989,E7871,6,"This code refers to Barth syndrome, a specific congenital disorder, which makes it less relevant than the more general codes."
75989,E7872,7,"This code represents Smith-Lemli-Opitz syndrome, another specific condition that is a type of congenital anomaly, but it lacks the broader applicability of other options."
75989,Q8781,8,"Alport syndrome is a specific condition and does not directly correspond to the general category of congenital anomalies, making it less relevant."
75989,Q8782,9,"This code describes arterial tortuosity syndrome, which is a specific congenital anomaly but does not match the broader category of unspecified congenital anomalies."
76071,P043,1,"directly corresponds to the impact of maternal alcohol use on the newborn, aligning closely with the ICD-9 description."
76071,Q860,2,"describes a specific condition resulting from maternal alcohol use, but is more specific and does not directly address the broader effect on the newborn."
76523,P0725,1,This code directly correlates with the upper limit of the gestational age specified in the ICD-9 description (26 completed weeks).
76523,P0724,2,"This code relates to gestational age 25 completed weeks, which is within the specified range but does not match the upper limit."
7702,P250,1,Directly matches 'Interstitial emphysema' with a specific focus on the perinatal period.
7702,P258,2,"Covers 'Other conditions related to interstitial emphysema', providing a broader category that includes unspecified cases."
7702,P251,3,Related condition (pneumothorax) but does not specifically relate to interstitial emphysema.
7702,P252,4,Related condition (pneumomediastinum) but not directly linked to interstitial emphysema.
7702,P253,5,Related condition (pneumopericardium) but does not relate to interstitial emphysema.
77989,P9689,1,Direct match to the description of 'Other specified conditions originating in the perinatal period'.
77989,P2989,2,"Related to cardiovascular disorders originating in the perinatal period, which fits under 'other specified conditions'."
77989,P290,3,"Specific to neonatal cardiac failure; while related to perinatal conditions, it is more specific than 'other specified conditions'."
77989,P941,4,"Refers to congenital hypertonia, which is a specific condition but does not encompass the broader category of 'other specified conditions'."
77989,P942,5,"Refers to congenital hypotonia, similar to P941 in specificity but still not a direct match to 'other specified conditions'."
78009,R400,1,"Somnolence is a state of altered consciousness characterized by drowsiness, making it closely related to the concept of alteration of consciousness."
78009,R401,2,"Stupor is a more severe form of altered consciousness but still fits within the category of alterations of consciousness, though it may not encompass all aspects."
7801,R440,1,"Specificity: 'Auditory hallucinations' is a specific type of hallucination, directly related to the general term 'Hallucinations'."
7801,R442,2,"Broader category: 'Other hallucinations' encompasses various types of hallucinations, making it semantically related but less specific than R440."
7801,R443,3,"Generic: 'Hallucinations, unspecified' is the least specific option, as it does not specify the type of hallucination."
78060,R509,1,exact match to the unspecified fever description
78060,R502,2,"specific to drug induced fever, which is not implied in the ICD-9 description"
78079,R5381,1,Directly matches 'Other malaise' which is part of the ICD-9 description.
78079,R5383,2,Directly matches 'Other fatigue' which is part of the ICD-9 description.
78079,R531,3,"Weakness can be associated with malaise and fatigue, but is not a direct match."
78079,G933,4,Postviral fatigue syndrome is a specific condition and does not encompass the broader terms of malaise and fatigue.
78093,R412,1,"specific type of memory loss, directly correlating with the concept of retrograde amnesia."
78093,R413,2,"broader category of memory loss that encompasses various types of amnesia, including retrograde."
78099,R6889,1,"This code directly corresponds to 'Other general symptoms and signs', making it the most appropriate match."
78099,R4584,2,Anhedonia is a specific symptom and does not encompass the broader category of 'Other general symptoms'.
7810,R259,1,Unspecified abnormal involuntary movements directly relates to the ICD-9 description.
7810,R250,2,Abnormal head movements are a specific type of abnormal involuntary movement.
7810,R251,3,"Tremor, unspecified, can be considered a type of abnormal involuntary movement."
7810,R252,4,"Cramp and spasm can be associated with involuntary movements, but are more specific types."
7810,R253,5,"Fasciculation refers to a specific type of muscle twitching, which is a form of involuntary movement but is more specific than the general category."
7811,R430,1,"Anosmia directly refers to the loss of the sense of smell, which is a specific disturbance of sensation related to the symptom described."
7811,R431,2,"Parosmia refers to a distortion of the sense of smell, making it relevant to disturbances in sensation of smell."
7811,R432,3,"Parageusia relates to a distortion or alteration of taste, which is relevant but less directly related to the primary disturbance of both smell and taste."
7812,R2689,1,"This code captures a broader category of abnormalities of gait and mobility, making it very relevant to the ICD-9 description."
7812,R269,2,"This code indicates unspecified abnormalities of gait and mobility, which is a more general match to the ICD-9 description."
7812,R260,3,"Ataxic gait is a specific type of abnormality, thus relevant but more specific than the general term 'abnormality of gait'."
7812,R261,4,"Paralytic gait is another specific type, making it less broadly applicable compared to the other codes."
7813,R278,1,direct synonym for lack of coordination with additional specificity.
7813,R270,2,"related to lack of coordination, but more general as it specifies ataxia."
7813,R279,3,similar to the original term but less specific than R278.
78199,R29818,1,"Directly relates to 'nervous system' symptoms, closely matching the ICD-9 description."
78199,R29898,2,"Directly relates to 'musculoskeletal system' symptoms, closely matching the ICD-9 description."
78199,R2990,3,"Unspecified symptoms involving the nervous system, relevant but less specific than R29818."
78199,R2991,4,"Unspecified symptoms involving the musculoskeletal system, relevant but less specific than R29898."
7820,R208,1,"Other disturbances of skin sensation is a broad category that encompasses various types of skin sensation disturbances, making it a good match."
7820,R209,2,"Unspecified disturbances of skin sensation indicates a disturbance but lacks specificity, still closely related to the ICD-9 description."
7820,R200,3,"Anesthesia of skin specifically refers to loss of sensation, which is related to disturbance of skin sensation."
7820,R201,4,"Hypoesthesia of skin indicates reduced sensitivity, which is a specific type of disturbance in skin sensation."
7820,R202,5,"Paresthesia of skin describes abnormal sensation, which is related but not a direct match for disturbance of sensation."
7820,R203,6,"Hyperesthesia refers to increased sensitivity, which is a specific type of disturbance but not directly aligned with the general concept of disturbance of skin sensation."
7823,R600,1,"Localized edema is a specific type of edema, directly matching the general description of edema."
7823,R601,2,"Generalized edema is also a specific type of edema, covering a broader aspect of the condition."
7823,R609,3,"Edema, unspecified, is less specific than the other two options, making it the least precise match."
7840,R51,1,Direct match to the general term 'Headache'.
7840,G441,2,"Specific type of headache (vascular headache), but not a direct synonym for the general term 'Headache'."
7842,R220,1,"Directly corresponds to swelling, mass, or lump in the head."
7842,R221,2,"Directly corresponds to swelling, mass, or lump in the neck."
78459,R4789,1,Directly matches the description of 'Other speech disturbances'.
78459,R4702,2,Dysphasia is a type of speech disturbance and is closely related.
78459,R4781,3,Slurred speech is a specific type of speech disturbance but not as broadly applicable as 'Other speech disturbances'.
78469,R488,1,Direct match in meaning to 'Other symbolic dysfunctions'.
78469,R481,2,"Agnosia is a type of symbolic dysfunction, but is more specific."
78469,R482,3,Apraxia is related but focuses on a different aspect of symbolic dysfunction.
78499,R0689,1,Other abnormalities of breathing can encompass a range of symptoms involving the head and neck.
78499,R065,2,Mouth breathing is a specific symptom that can relate to issues in the head and neck area.
78499,R067,3,"Sneezing is a symptom that can be related to head and neck conditions, though less specific than others."
78499,R196,4,Halitosis is a specific condition but is less broadly relevant to the general category of 'other symptoms' involving head and neck.
78559,R578,1,"The description 'Other shock' directly aligns with the ICD-9 description 'Other shock without mention of trauma', making it the most appropriate match."
78559,R571,2,"While 'Hypovolemic shock' is a specific type of shock, it does not encompass the broader category of 'Other shock' indicated in the ICD-9 description, making it a less suitable match."
78609,R0689,1,"This code captures 'Other abnormalities of breathing', which aligns closely with 'Other respiratory abnormalities'."
78609,R0609,2,"This code refers to 'Other forms of dyspnea', which can be considered a type of respiratory abnormality."
78609,R0600,3,"This code indicates 'Dyspnea, unspecified', which is a respiratory issue, though less specific than the previous codes."
78609,R0683,4,Snoring may be related to respiratory abnormalities but is more specific and does not encompass the broader category of 'other respiratory abnormalities'.
78609,R063,5,Periodic breathing is a specific type of breathing pattern and does not broadly relate to 'Other respiratory abnormalities'.
78630,R042,1,"Directly corresponds to hemoptysis, maintaining the same condition without additional qualifiers."
78630,R049,2,Related to hemorrhage from respiratory passages but is less specific than hemoptysis.
78652,R071,1,"Chest pain on breathing is a direct description of painful respiration, matching the symptom closely."
78652,R0781,2,"Pleurodynia refers to pain in the pleura, which can relate to painful respiration but is more specific and less commonly used for general respiratory pain."
78659,R0789,1,exact match in description with 'Other chest pain'
78659,R0782,2,"related to chest pain but specifies 'Intercostal pain', which is more specific"
78703,R1110,1,"synonymy with 'Vomiting, unspecified' directly matching the ICD-9 description."
78703,R1111,2,"related to vomiting but specifies absence of nausea, making it slightly more specific than the general term."
78703,R1112,3,"specific type of vomiting (projectile), which may not be applicable to the general term 'Vomiting alone'."
78720,R1310,1,"Exact match to the ICD-9 description, both refer to dysphagia unspecified."
78720,R130,2,"Related condition (aphagia) but not the same as dysphagia; thus, not a direct match."
7873,R143,1,"Directly corresponds to 'Flatulence', which is a key term in the ICD-9 description."
7873,R141,2,"Directly corresponds to 'Gas pain', which is also part of the ICD-9 description."
7873,R142,3,"Directly corresponds to 'Eructation', which is another term in the ICD-9 description."
7873,R140,4,"While related, 'Abdominal distension (gaseous)' is a broader term and does not directly match the specific symptoms listed in the ICD-9 description."
78791,R197,1,"Directly corresponds to the diagnosis of diarrhea, maintaining specificity and clarity."
78791,K5229,2,"Related to gastroenteritis, which can include diarrhea as a symptom, but is more specific to allergic and dietetic causes."
78791,K5289,3,"Also related to gastroenteritis, but is less specific than K5229 and not directly synonymous with diarrhea."
78799,R198,1,"Broadly covers unspecified symptoms involving the digestive system, matching the general nature of 'other symptoms' in ICD-9."
78799,R194,2,"Specific to change in bowel habit, which is a specific type of digestive symptom but not as broad as the ICD-9 description."
7881,R300,1,Exact match for the term 'Dysuria'.
7881,R309,2,Related but less specific; refers to painful micturition without specifying dysuria.
78839,N39498,1,"This code directly corresponds to 'Other specified urinary incontinence', making it the most suitable match for 'Other urinary incontinence'."
78839,N39491,2,Coital incontinence is a specific type of urinary incontinence but does not encompass the broader category of 'Other urinary incontinence'.
78839,N39492,3,Postural incontinence is also a specific type of urinary incontinence and does not cover the general category of 'Other urinary incontinence'.
78869,R39198,1,"This code covers 'Other difficulties with micturition,' which is closely related to the general concept of abnormality of urination."
78869,R39191,2,"This code refers to 'Need to immediately re-void,' which could be considered a specific type of abnormal urination but is less general than 'other difficulties.'"
78869,R39192,3,"This code describes 'Position dependent micturition,' which is a specific situation that does not encompass the broader category of abnormal urination."
7887,R360,1,"directly corresponds to urethral discharge without blood, providing specificity."
7887,R369,2,matches the general concept of urethral discharge but lacks specificity.
78899,R3989,1,"This code encompasses a broad range of symptoms involving the genitourinary system, aligning well with the unspecified urinary symptoms in the ICD-9 description."
78899,R3982,2,"Chronic bladder pain is a specific symptom related to the urinary system, making it a relevant candidate, though more specific than the general category."
78899,R301,3,"Vesical tenesmus refers to a specific symptom related to bladder discomfort, which is relevant but more limited in scope compared to other options."
78899,R392,4,"Extrarenal uremia is related to kidney function rather than direct urinary symptoms, making it less relevant to the ICD-9 description."
78909,R1010,1,"Upper abdominal pain is a specific type of abdominal pain, making it a relevant match."
78909,R1030,2,"Lower abdominal pain is another specific type of abdominal pain, relevant to the broader category."
78909,R102,3,"Pelvic and perineal pain is not directly related to abdominal pain, making it the least relevant option."
78960,R10819,1,"Exact match in description for abdominal tenderness, unspecified site."
78960,R10829,2,"Similar condition but specifies 'rebound abdominal tenderness', which is a different clinical finding."
78961,R10811,1,Directly matches the description of abdominal tenderness in the right upper quadrant.
78961,R10821,2,"Related to right upper quadrant tenderness but specifies rebound tenderness, which may not be synonymous with general abdominal tenderness."
78962,R10812,1,Directly corresponds to the ICD-9 description with the same anatomical location and condition.
78962,R10822,2,"Related condition (rebound tenderness) in the same anatomical location, but adds specificity that is not present in the ICD-9 description."
78963,R10813,1,Directly matches the description of right lower quadrant abdominal tenderness.
78963,R10823,2,Includes additional detail of rebound tenderness but still relates to right lower quadrant abdominal tenderness.
78964,R10814,1,Exact match in description and specificity for left lower quadrant abdominal tenderness.
78964,R10824,2,"Related to abdominal tenderness but specifies rebound tenderness, which is a specific type of tenderness."
78966,R10816,1,direct synonym for epigastric abdominal tenderness
78966,R10826,2,"related to epigastric tenderness but specifies rebound tenderness, which is a more specific condition"
78967,R10817,1,Directly matches the description of generalized abdominal tenderness.
78967,R10827,2,"Similar condition but specifies rebound tenderness, which adds specificity not present in the ICD-9 description."
78969,R10819,1,"Abdominal tenderness, unspecified site is a broader category that encompasses abdominal tenderness at any site, aligning with 'other specified site'."
78969,R10829,2,"Rebound abdominal tenderness, unspecified site is a specific type of abdominal tenderness but does not align with the general term 'abdominal tenderness' in the ICD-9 description."
79029,R7309,1,exact match to the ICD-9 description 'Other abnormal glucose'
79029,R7303,2,"related to glucose abnormality but specifically refers to 'Prediabetes', which is more specific"
7906,R7989,1,"Directly relates to abnormal findings of blood chemistry, aligning closely with 'Other abnormal blood chemistry'."
7906,R790,2,"Specifically addresses abnormal levels of blood minerals, which is a subset of abnormal blood chemistry."
7906,R7889,3,"Covers other specified substances in blood, but is less specific to the overall category of blood chemistry abnormalities."
79093,R9720,1,Direct match in meaning; both codes describe elevated PSA levels.
79093,R9721,2,"Related but more specific; it describes rising PSA after treatment for prostate cancer, which is a narrower context than general elevation of PSA."
79099,R7889,1,"More specific finding related to 'other specified substances', aligning closely with 'other nonspecific findings'."
79099,R789,2,"Less specific as it pertains to 'unspecified substance', making it a broader match but still relevant."
7910,R809,1,"directly corresponds to proteinuria, providing a more general classification."
7910,R803,2,"specific type of proteinuria (Bence Jones), but not a general match to the ICD-9 description."
7919,R8299,1,"This code describes other abnormal findings in urine, closely aligning with the nonspecific findings indicated in the ICD-9 description."
7919,R8279,2,"This code covers other abnormal findings on microbiological examination of urine, which is related but more specific than nonspecific findings."
7919,R8271,3,"Bacteriuria is a specific type of abnormal finding in urine, but it may not encompass all nonspecific findings."
7919,R825,4,"This code refers to elevated levels of substances in urine, which is a more specific condition and does not match the nonspecific findings."
7929,R888,1,"This code directly addresses 'abnormal findings in other body fluids and substances', which aligns closely with the nonspecific nature of the ICD-9 description."
7929,R899,2,"This code refers to 'unspecified abnormal finding in specimens from other organs, systems and tissues', making it a general match for unspecified abnormal findings."
7929,R849,3,"This code is specific to respiratory organs and thorax; while it specifies a body site, it still represents an abnormal finding."
7929,R859,4,"This code pertains to the digestive organs and abdominal cavity, which is a specific body site but still reflects an abnormal finding."
7929,R879,5,"This code specifies female genital organs, which is a specific site but may not be as broadly applicable to 'other nonspecific abnormal findings'."
7932,R938,1,The description matches the nonspecific nature of the findings on other intrathoracic organs.
7932,R931,2,"This code is specific to the heart and coronary circulation, which is a subset of intrathoracic organs but not the best match."
7935,R9341,1,"Directly corresponds to abnormal findings in the genitourinary tract, covering renal pelvis, ureter, or bladder."
7935,R9349,2,"Covers abnormal findings in other urinary organs, fitting the nonspecific nature of the ICD-9 description."
7935,R93429,3,"Specific to unspecified kidney findings, which can relate to nonspecific abnormal findings."
7935,R93421,4,"Specific to right kidney findings, providing a narrowed focus on genitourinary organs."
7935,R93422,5,"Specific to left kidney findings, also providing a narrowed focus on genitourinary organs."
7937,R937,1,"More specific to the musculoskeletal system, covering findings in parts not limited to limbs."
7937,R936,2,Specific to limbs but does not encompass the entire musculoskeletal system.
79409,R9409,1,"Directly corresponds to 'Other' abnormal results of function studies of the central nervous system, maintaining specificity."
79409,R9402,2,"Refers specifically to an abnormal brain scan, which is a type of function study but less broad than the original ICD-9 description."
79579,R768,1,"Specificity - this code refers to other specified abnormal immunological findings, which aligns closely with 'other and unspecified nonspecific immunological findings'."
79579,R769,2,"Generalization - this code covers abnormal immunological findings but is unspecified, making it less specific than R768."
79579,R760,3,no_good_match - 'raised antibody titer' is a specific finding rather than a nonspecific immunological finding.
7960,R826,1,"This code specifically addresses abnormal urine levels of nonmedicinal substances, aligning closely with the nonspecific findings in ICD-9."
7960,R825,2,"This code refers to elevated urine levels of drugs and biological substances, which relates to toxicological findings, but is less specific than R826."
7960,R893,3,"This code covers abnormal levels of nonmedicinal substances in specimens from other organs, aligning with the nonspecific nature of the findings, but is less directly related than R826."
7960,R892,4,"This code pertains to abnormal levels of drugs in specimens from other organs, which may not be directly relevant to the nonspecific toxicological findings indicated in the ICD-9."
7999,R99,1,"This code specifically addresses an 'ill-defined and unknown cause of mortality,' which closely aligns with the unspecified nature of morbidity and mortality in the ICD-9 description."
7999,R69,2,"While this code represents 'illness, unspecified,' it is broader and less specific than R99 in the context of mortality, making it a slightly less accurate match."
80100,S02109A,1,best match for unspecified side of skull fracture
80100,S02101A,2,"specific to right side, but still a valid type of fracture"
80100,S02102A,3,"specific to left side, but still a valid type of fracture"
80101,S02101A,1,Direct match in description and specificity for closed fracture of the base of skull on the right side.
80101,S02102A,2,Direct match in description and specificity for closed fracture of the base of skull on the left side.
80101,S02109A,3,"Direct match in description and specificity for closed fracture of the base of skull, but unspecified side."
80102,S02101A,1,"Directly corresponds to the closed fracture of the base of skull on the right side, matching the injury type and specificity."
80102,S02102A,2,"Directly corresponds to the closed fracture of the base of skull on the left side, matching the injury type but differing in laterality."
80102,S02109A,3,"Corresponds to the closed fracture of the base of skull but is unspecified in laterality, making it less specific than the other options."
80105,S02101A,1,Matches the description of fracture of the base of skull with specific laterality (right side).
80105,S02102A,2,Matches the description of fracture of the base of skull with specific laterality (left side).
80105,S02109A,3,"Matches the description of fracture of base of skull but is unspecified, making it less specific than the lateral codes."
80106,S02109A,1,"matches 'fracture of base of skull' with 'unspecified side', aligning with the unspecified nature of the ICD-9 description"
80106,S02101A,2,"specific to the right side; while it is a fracture of the base of skull, it does not match the unspecified detail in the ICD-9 description"
80106,S02102A,3,"specific to the left side; similar to S02101A, it does not match the unspecified detail in the ICD-9 description"
80109,S02109A,1,"This code specifies a fracture of the base of the skull without lateralization, aligning with the unspecified nature of the ICD-9 description."
80109,S02101A,2,"This code specifies a right-sided fracture of the base of the skull, which is more specific than the ICD-9 description but still relevant."
80109,S02102A,3,"This code specifies a left-sided fracture of the base of the skull, which is also more specific than the ICD-9 description but less relevant compared to the right-sided option."
80150,S02109B,1,"This code captures the unspecified laterality of the fracture, making it the best match."
80150,S02101B,2,"This code specifies the right side of the base of skull, which is relevant but not as accurate as the unspecified option."
80150,S02102B,3,"This code specifies the left side of the base of skull, which is relevant but not as accurate as the unspecified option."
80151,S02101B,1,Directly corresponds to an open fracture of the base of the skull on the right side.
80151,S02102B,2,Directly corresponds to an open fracture of the base of the skull on the left side.
80151,S02109B,3,Corresponds to an open fracture of the base of the skull but does not specify laterality.
80152,S02101B,1,"Matches the description of an open fracture of the base of skull, specifying right side."
80152,S02102B,2,"Matches the description of an open fracture of the base of skull, specifying left side."
80152,S02109B,3,"Matches the description of an open fracture of the base of skull, but is less specific as it does not specify laterality."
80156,S02109B,1,Best match for 'base of skull' fracture without specifying laterality.
80156,S02101B,2,Specific to right side; still relevant but less accurate than unspecified.
80156,S02102B,3,Specific to left side; still relevant but less accurate than unspecified.
80220,S02609A,1,"Directly corresponds to a closed fracture of mandible, unspecified site."
80220,S0269XA,2,"Related to fracture of mandible but specifies 'other specified site', making it less precise."
80221,S02610A,1,Matches the description closely as it refers to the condylar process of the mandible with unspecified side.
80221,S02611A,2,"Specific to the right side, still relevant as it refers to the condylar process of the mandible."
80221,S02612A,3,"Specific to the left side, still relevant as it refers to the condylar process of the mandible."
80222,S02621A,1,Specificity for right side matches the subcondylar fracture description.
80222,S02622A,2,Specificity for left side matches the subcondylar fracture description.
80222,S02620A,3,Unspecified side matches the description but lacks the specificity of laterality.
80223,S02630A,1,Unspecified side matches the general description of the ICD-9 code.
80223,S02631A,2,"Specific to right side, which is a valid but more specific detail than the ICD-9 code."
80223,S02632A,3,"Specific to left side, which is a valid but more specific detail than the ICD-9 code."
80224,S02640A,1,exact match in terms of site (ramus of mandible) and unspecified side
80224,S02641A,2,specific to right side; relevant but less specific than the first
80224,S02642A,3,specific to left side; relevant but less specific than the first
80225,S02650A,1,"This code represents a fracture of the angle of the mandible without specifying the side, which aligns well with the general description of a closed fracture of the mandible."
80225,S02651A,2,"This code specifies a fracture of the right angle of the mandible. While it is more specific than the original code, it is still an acceptable match as it relates directly to the angle of the mandible."
80225,S02652A,3,"This code specifies a fracture of the left angle of the mandible. Similar to the previous code, it is more specific than the original, and relates directly to the angle of the mandible."
80227,S02671A,1,"specificity and laterality for right side, matches description closely"
80227,S02672A,2,"specificity and laterality for left side, matches description closely"
80227,S02670A,3,"unspecified side, matches description but lacks laterality detail"
80228,S02600A,1,Best match as it specifies 'unspecified part of body of mandible' without laterality.
80228,S02601A,2,"Matches the description but specifies 'right mandible', which is more specific than the ICD-9 code."
80228,S02602A,3,"Matches the description but specifies 'left mandible', which is more specific than the ICD-9 code."
80229,S02609A,1,"This code specifies a fracture of the mandible, which aligns closely with the ICD-9 description of a closed fracture of the mandible at multiple sites, though it is unspecified."
80229,S0269XA,2,"This code indicates a fracture of the mandible at other specified sites, which is less specific than the first candidate but still relevant to fractures of the mandible."
80230,S02609B,1,"Directly corresponds to an open fracture of the mandible, unspecified site, and indicates it is the initial encounter."
80230,S0269XB,2,"Refers to a fracture of the mandible at other specified sites, which is less specific than 'unspecified site', hence ranked lower."
80231,S02611B,1,Specificity for right side matches the condition of the ICD-9 description.
80231,S02612B,2,Specificity for left side matches the condition of the ICD-9 description.
80231,S02610B,3,Unspecified side is less specific than the other two options but still relevant.
80232,S02621B,1,"Specific to the right side, matching the subcondylar location and open fracture."
80232,S02622B,2,"Specific to the left side, matching the subcondylar location and open fracture."
80232,S02620B,3,"Unspecified side, matches the subcondylar location and open fracture, but less specific than the others."
80234,S02640B,1,"Fracture of ramus of mandible, unspecified side, matches the unspecified nature of the ICD-9 description."
80234,S02641B,2,"Fracture of ramus of right mandible, specific to the right side, which is less specific than unspecified but still relevant."
80234,S02642B,3,"Fracture of ramus of left mandible, specific to the left side, which is less specific than unspecified but still relevant."
80235,S02651B,1,Specificity for the right side; closely matches the description of an open fracture of the mandible at the angle.
80235,S02652B,2,Specificity for the left side; closely matches the description of an open fracture of the mandible at the angle.
80235,S02650B,3,Unspecified side; matches the general description of an open fracture of the mandible at the angle but lacks laterality specificity.
80237,S02671B,1,"Specific to right side, matches the description of fracture of alveolus of mandible."
80237,S02672B,2,"Specific to left side, matches the description of fracture of alveolus of mandible."
80237,S02670B,3,"Unspecified side, matches the description of fracture of alveolus of mandible but lacks laterality."
80238,S02600B,1,Matches the general description of an open fracture of the mandible without specifying laterality.
80238,S02601B,2,"Specifically refers to the right side of the mandible, which is a valid but more specific option."
80238,S02602B,3,"Specifically refers to the left side of the mandible, which is also a valid but more specific option."
80239,S02609B,1,"Directly correlates to an open fracture of the mandible, unspecified, which covers multiple sites."
80239,S0269XB,2,"Refers to a fracture of the mandible at other specified sites, but does not encompass the 'multiple sites' aspect as clearly as the first option."
8024,S02400A,1,"Malar fracture, unspecified side, initial encounter for closed fracture - closest match to malar and maxillary bones."
8024,S02401A,2,"Maxillary fracture, unspecified side, initial encounter for closed fracture - directly corresponds to the maxillary bone."
8024,S0240AA,3,"Malar fracture, right side, initial encounter for closed fracture - specific to malar, but only on the right side."
8024,S0240BA,4,"Malar fracture, left side, initial encounter for closed fracture - specific to malar, but only on the left side."
8024,S0240CA,5,"Maxillary fracture, right side, initial encounter for closed fracture - specific to maxillary, but only on the right side."
8024,S0240DA,6,"Maxillary fracture, left side, initial encounter for closed fracture - specific to maxillary, but only on the left side."
8024,S02402A,7,"Zygomatic fracture, unspecified side, initial encounter for closed fracture - related but does not match malar or maxillary."
8024,S0240EA,8,"Zygomatic fracture, right side, initial encounter for closed fracture - related but only on the right side."
8024,S0240FA,9,"Zygomatic fracture, left side, initial encounter for closed fracture - related but only on the left side."
8025,S02400B,1,"Malar fracture, unspecified side, initial encounter for open fracture is directly related to the malar bone involvement in the open fracture."
8025,S02401B,2,"Maxillary fracture, unspecified side, initial encounter for open fracture relates to the maxillary bone involvement in the open fracture."
8025,S0240AB,3,"Malar fracture, right side, initial encounter for open fracture is specific to the right side, closely related to the malar bone involvement."
8025,S0240BB,4,"Malar fracture, left side, initial encounter for open fracture is specific to the left side, closely related to the malar bone involvement."
8025,S0240CB,5,"Maxillary fracture, right side, initial encounter for open fracture is specific to the right maxillary bone, relevant to the diagnosis."
8025,S0240DB,6,"Maxillary fracture, left side, initial encounter for open fracture is specific to the left maxillary bone, relevant to the diagnosis."
8025,S02402B,7,"Zygomatic fracture, unspecified side, initial encounter for open fracture relates to the zygomatic bone, which is adjacent but not the primary diagnosis."
8025,S0240EB,8,"Zygomatic fracture, right side, initial encounter for open fracture is specific to the right side, related to the zygomatic bone."
8025,S0240FB,9,"Zygomatic fracture, left side, initial encounter for open fracture is specific to the left side, related to the zygomatic bone."
8026,S0230XA,1,"matches the description of closed fracture of orbital floor, unspecified side"
8026,S0231XA,2,"matches the description of closed fracture of orbital floor, right side"
8026,S0232XA,3,"matches the description of closed fracture of orbital floor, left side"
8027,S0230XB,1,"Fracture of orbital floor, unspecified side, matches the general description of open fracture of orbital floor."
8027,S0231XB,2,"Fracture of orbital floor, right side, is specific to the right side, but still relevant as it describes an open fracture of the orbital floor."
8027,S0232XB,3,"Fracture of orbital floor, left side, is specific to the left side, but still relevant as it describes an open fracture of the orbital floor."
8028,S0292XA,1,"Unspecified fracture of facial bones is a broader category that encompasses closed fractures of various facial bones, making it a good match."
8028,S0242XA,2,Fracture of alveolus of maxilla is a specific type of facial bone fracture but does not cover 'other facial bones' as broadly as the unspecified code.
8029,S0292XB,1,"Unspecified fracture of facial bones is a broader category that includes open fractures of various facial bones, making it a more suitable match for 'other facial bones'."
8029,S0242XB,2,"Fracture of alveolus of maxilla is specific to the maxilla and does not encompass other facial bones, making it less relevant."
80501,S12000A,1,Synonymy and specificity: Both describe a fracture of the first cervical vertebra; S12000A specifies displaced.
80501,S12001A,2,Synonymy and specificity: Both describe a fracture of the first cervical vertebra; S12001A specifies nondisplaced.
80502,S12100A,1,"This code represents an unspecified displaced fracture of the second cervical vertebra, which is a direct match for the closed fracture description in the ICD-9 code."
80502,S12101A,2,"This code represents an unspecified nondisplaced fracture of the second cervical vertebra. While it is also a fracture of the same vertebra, the distinction of 'nondisplaced' makes it less specific compared to the displaced option."
80503,S12200A,1,Unspecified displaced fracture of third cervical vertebra is a direct match for the closed fracture of the third cervical vertebra in ICD-9.
80503,S12201A,2,"Unspecified nondisplaced fracture of third cervical vertebra also matches the site and nature of the injury, but is less specific than the displaced version."
80504,S12300A,1,"This code describes an unspecified displaced fracture of the fourth cervical vertebra, which is a direct match in terms of location (fourth cervical vertebra) and closed fracture type."
80504,S12301A,2,"This code describes an unspecified nondisplaced fracture of the fourth cervical vertebra, which also matches in location (fourth cervical vertebra) and closed fracture type, but refers to a nondisplaced fracture rather than a displaced one."
80505,S12400A,1,"The code represents an unspecified displaced fracture of the fifth cervical vertebra, which aligns with the closed fracture description in the ICD-9 code."
80505,S12401A,2,"The code represents an unspecified nondisplaced fracture of the fifth cervical vertebra, which also matches the closed fracture description but specifies nondisplacement, making it less semantically aligned than the displaced fracture."
80506,S12500A,1,Specificity for displaced fracture of sixth cervical vertebra matches the location and type of fracture.
80506,S12501A,2,"Specificity for nondisplaced fracture of sixth cervical vertebra also matches the location, but describes a different type of fracture."
80507,S12600A,1,synonymous meaning with emphasis on displacement and specific vertebra
80507,S12601A,2,"same vertebra but specifies nondisplacement, less specific than displaced"
8056,S3210XA,1,"This code refers to an unspecified fracture of the sacrum, which aligns with the ICD-9 description of a closed fracture of the sacrum without spinal cord injury."
8056,S322XXA,2,"This code refers to a fracture of the coccyx, which is related to the ICD-9 description but is more specific to the coccyx rather than the sacrum."
8057,S3210XB,1,"Unspecified fracture of sacrum directly corresponds to the sacrum fracture mentioned in the ICD-9 code, maintaining the context of an open fracture."
8057,S322XXB,2,Fracture of coccyx is related to the coccyx part mentioned in the ICD-9 code but is not as directly relevant as the sacrum fracture.
8058,S22009A,1,"Directly relates to an unspecified thoracic vertebra, closely matching the vertebral column specification."
8058,S32009A,2,"Refers to an unspecified lumbar vertebra, which is part of the vertebral column."
8058,S3210XA,3,"Relates to an unspecified sacral fracture, also part of the vertebral column."
8058,S129XXA,4,"General fracture of the neck, which does not specify the vertebral column; less specific than thoracic or lumbar."
8058,S322XXA,5,"Coccyx fracture is not a part of the main vertebral column; therefore, it is the least related."
8074,S225XXA,1,Directly matches 'Flail chest' and specifies it as an initial encounter for a closed fracture.
8074,S225XXB,2,"Directly matches 'Flail chest' but specifies it as an initial encounter for an open fracture, which is less specific than the closed fracture."
8082,S32501A,1,Directly corresponds to closed fracture of the right pubis with specified laterality.
8082,S32502A,2,Directly corresponds to closed fracture of the left pubis with specified laterality.
8082,S32509A,3,"Corresponds to closed fracture of an unspecified pubis, but lacks specific laterality."
8083,S32501B,1,"Specific to right pubis, matches the open fracture description."
8083,S32502B,2,"Specific to left pubis, matches the open fracture description."
8083,S32509B,3,"Unspecified pubis, matches the open fracture description but is less specific."
80843,S32811A,1,"Best match due to specifying 'unstable disruption of pelvic ring', which aligns with 'disruption of pelvic circle' in ICD-9 description."
80843,S32810A,2,"Match for 'stable disruption of pelvic ring'; however, it does not fully capture the severity indicated in the ICD-9 description."
80853,S32811B,1,"The ICD-9 code specifies 'multiple open pelvic fractures with disruption of pelvic circle', which aligns with 'multiple fractures of pelvis with unstable disruption of pelvic ring'. The key term here is 'unstable disruption', which directly correlates with the serious nature of the injuries described."
80853,S32810B,2,"While this code refers to 'multiple fractures of pelvis with stable disruption of pelvic ring', it does not capture the severity implied by the term 'disruption' in the ICD-9 code. It is relevant but less specific than S32811B."
81001,S42019A,1,nondisplaced fracture is a specific type of closed fracture of the sternal end of the clavicle.
81001,S42013A,2,anterior displaced fracture is a specific type of closed fracture of the sternal end of the clavicle.
81001,S42016A,3,posterior displaced fracture is a specific type of closed fracture of the sternal end of the clavicle.
81002,S42023A,1,Directly corresponds to a closed fracture of the shaft of the clavicle; specific to displaced fractures.
81002,S42026A,2,"Also corresponds to a closed fracture of the shaft of the clavicle but is for nondisplaced fractures, making it a less specific match."
81003,S42033A,1,"Displaced fracture of lateral end of clavicle is related to the acromial end of the clavicle, and it is a closed fracture."
81003,S42036A,2,"Nondisplaced fracture of lateral end of clavicle also relates to the acromial end, but is less specific than the displaced fracture."
81011,S42013B,1,"Best match due to specific mention of 'anterior displaced fracture' of the sternal end, closely related to the original diagnosis of an open fracture."
81011,S42016B,2,"Good match as it describes a 'posterior displaced fracture' of the sternal end, which is still related but less specific compared to anterior."
81011,S42019B,3,"Relevant as it refers to a 'nondisplaced fracture' of the sternal end, but it is less aligned with the original open fracture description."
81012,S42023B,1,Displaced fracture of shaft of clavicle directly matches the open fracture description and is the most specific match.
81012,S42026B,2,Nondisplaced fracture of shaft of clavicle is relevant but less specific than the displaced fracture; both are open fractures.
81101,S42123A,1,Displaced fracture of acromial process matches the body site (acromial process) and fracture type (closed) with specificity in laterality being unspecified.
81101,S42126A,2,"Nondisplaced fracture of acromial process also matches the body site (acromial process) and fracture type (closed), but is less specific than the displaced option."
81102,S42133A,1,"Displaced fracture of coracoid process matches the body site and type of fracture, despite being unspecified."
81102,S42136A,2,"Nondisplaced fracture of coracoid process matches the body site and type of fracture, but is less specific than the displaced option."
81103,S42143A,1,"Displaced fracture of glenoid cavity, directly matches the body site and describes a closed fracture."
81103,S42146A,2,"Nondisplaced fracture of glenoid cavity, directly matches the body site and describes a closed fracture."
81103,S42153A,3,"Displaced fracture of neck of scapula, closely related body site, but refers to the neck instead of the glenoid cavity."
81103,S42156A,4,"Nondisplaced fracture of neck of scapula, closely related body site, but refers to the neck instead of the glenoid cavity."
81109,S42199A,1,"This code specifically refers to a fracture of other parts of the scapula, which aligns well with the ICD-9 description of a closed fracture of scapula, other."
81109,S42113A,2,"This code describes a displaced fracture of the body of the scapula. While it is more specific than the original code, it may not encompass all types of fractures described by 'other'."
81109,S42116A,3,"This code describes a nondisplaced fracture of the body of the scapula. Similar to S42113A, it is specific but does not fully represent the broader category of 'other' fractures as described in the ICD-9."
81112,S42133B,1,Displaced fracture of coracoid process aligns closely with the open fracture description in ICD-9.
81112,S42136B,2,Nondisplaced fracture of coracoid process is related but less specific than the displaced option.
81201,S42213A,1,"closely matches the diagnosis of a closed fracture of the surgical neck of the humerus, with the distinction of being displaced."
81201,S42216A,2,"also matches the diagnosis of a closed fracture of the surgical neck of the humerus, but specifies nondisplaced, making it less applicable than the displaced version."
81202,S42295A,1,"Specific to left humerus, matches 'upper end' and closed fracture."
81202,S42293A,2,"Describes upper end of unspecified humerus, less specific than left."
81203,S42256A,1,"Nondisplaced fracture of greater tuberosity is a specific type of closed fracture, closely matching the ICD-9 description."
81203,S42253A,2,Displaced fracture of greater tuberosity is relevant but less specific than the nondisplaced option.
81209,S42293A,1,"This code describes a displaced fracture of the upper end of the humerus, which is a specific type of fracture that can be considered synonymous with 'other closed fracture of upper end of humerus'."
81209,S42296A,2,"This code describes a nondisplaced fracture of the upper end of the humerus, which is also relevant but less specific than a displaced fracture, making it a slightly less optimal match."
81219,S42293B,1,"Matches the description of an open fracture of the upper end of the humerus, with the specificity of being displaced."
81219,S42296B,2,"Also matches the description of an open fracture of the upper end of the humerus but specifies it as nondisplaced, making it less specific than the displaced option."
81241,S42413A,1,"This code describes a displaced simple supracondylar fracture of the humerus, which is more specific than the closed fracture mentioned in the ICD-9 code."
81241,S42416A,2,"This code describes a nondisplaced simple supracondylar fracture of the humerus, which is relevant but less specific than the displaced version, making it the next best match."
81242,S42453A,1,Exact match to the description with 'lateral condyle' and closed fracture.
81242,S42456A,2,"Matches 'lateral condyle' and closed fracture, but specifies 'nondisplaced' instead of 'displaced'."
81242,S42433A,3,"Related to 'lateral epicondyle' but not a match for 'lateral condyle', thus lower ranking."
81242,S42436A,4,"Related to 'lateral epicondyle' but not a match for 'lateral condyle', thus lower ranking."
81243,S42463A,1,Direct match to 'displaced fracture of medial condyle of unspecified humerus' which corresponds to the ICD-9 description.
81243,S42466A,2,Direct match to 'nondisplaced fracture of medial condyle of unspecified humerus' which corresponds to the ICD-9 description.
81243,S42443A,3,"Fracture of medial epicondyle, but not the condyle; thus, less specific."
81243,S42446A,4,"Fracture of medial epicondyle, but not the condyle; thus, less specific."
81244,S42473A,1,Displaced transcondylar fracture of unspecified humerus is a specific type of fracture of the humerus that aligns with the description of a closed fracture of the condyle.
81244,S42476A,2,"Nondisplaced transcondylar fracture of unspecified humerus also refers to a fracture of the humerus, but it specifies nondisplacement, which is less aligned with the unspecified nature of the ICD-9 description."
81249,S42493A,1,"displaced fracture of lower end of humerus, matching the site and type of fracture"
81249,S42496A,2,"nondisplaced fracture of lower end of humerus, matching the site and type of fracture but differs in displacement"
81251,S42413B,1,"Displaced simple supracondylar fracture matches the description of an open supracondylar fracture, with the additional specification of being a displaced fracture."
81251,S42416B,2,"Nondisplaced simple supracondylar fracture is related but specifies a nondisplaced fracture, which is less aligned with the open fracture description."
81252,S42453B,1,Displaced fracture of lateral condyle of unspecified humerus matches the specific body site (lateral condyle of humerus) and the type of fracture (open fracture) closely.
81252,S42456B,2,"Nondisplaced fracture of lateral condyle of unspecified humerus relates to the same body site but describes a different type of fracture (nondisplaced vs. open), making it a less precise match."
81254,S42473B,1,"Describes a displaced transcondylar fracture of the unspecified humerus, which is a specific type of open fracture related to the condyles."
81254,S42476B,2,"Describes a nondisplaced transcondylar fracture of the unspecified humerus, also a specific type of open fracture related to the condyles."
81259,S42493B,1,"This code describes an 'other displaced fracture' of the lower end of the humerus, which aligns well with the ICD-9 description of 'other open fracture of lower end of humerus' in terms of fracture type and location."
81259,S42496B,2,"This code describes an 'other nondisplaced fracture' of the lower end of the humerus. While it pertains to the same anatomical site, the distinction of being nondisplaced is less specific than the open fracture described in the ICD-9 code, making it a lesser match."
81301,S52023A,1,Displaced fracture of olecranon process matches the body site and the type of fracture (closed).
81301,S52026A,2,"Nondisplaced fracture of olecranon process matches the body site and the type of fracture (closed), but it is less specific than a displaced fracture."
81302,S52043A,1,"Displaced fracture of coronoid process of ulna matches the body site and the type of fracture, although it specifies 'displaced'."
81302,S52046A,2,"Nondisplaced fracture of coronoid process of ulna also matches the body site and type of fracture but specifies 'nondisplaced', making it less specific compared to a displaced fracture."
81304,S52099A,1,This code specifies 'other fracture' which aligns with 'other and unspecified closed fractures' of the ulna.
81304,S52009A,2,"This code is less specific as it is an 'unspecified fracture', which is broader than the given ICD-9 description."
81305,S52126A,1,Nondisplaced fracture of head of radius matches the specific site (head of radius) and type (closed fracture) with greater specificity.
81305,S52123A,2,Displaced fracture of head of radius is relevant but less specific than the nondisplaced option; still matches the site and type.
81306,S52133A,1,Displaced fracture of neck of radius is a specific type of fracture that aligns closely with the general description of a closed fracture of neck of radius.
81306,S52136A,2,Nondisplaced fracture of neck of radius is also a specific type of fracture that aligns closely with the description but is less severe than the displaced fracture.
81307,S52189A,1,"This code specifically describes 'other fracture' of the upper end of the radius, closely matching the 'other and unspecified closed fractures' description in ICD-9."
81307,S52109A,2,"This code is for an 'unspecified fracture' of the upper end of the radius, which is a broader category than the specified 'other and unspecified' fractures."
81307,S59109A,3,"This code refers to a 'physeal fracture' of the upper end of the radius, which is more specific than the ICD-9 description and not directly synonymous with 'closed fractures'."
81311,S52023B,1,"Best match as it specifies a displaced fracture of the olecranon process, which aligns with the open fracture type I or II description."
81311,S52023C,2,"Also a displaced fracture of the olecranon process, but pertains to open fracture type IIIA, IIIB, or IIIC, which is less specific to the provided ICD-9 description."
81311,S52026B,3,Nondisplaced fracture of the olecranon process is relevant but does not match the open fracture descriptor in the ICD-9 code.
81311,S52026C,4,"Similar to S52026B, this code is for a nondisplaced fracture but pertains to open fracture type IIIA, IIIB, or IIIC, making it less relevant."
81312,S52043B,1,Direct match for open fracture of coronoid process of ulna with specified fracture type I or II.
81312,S52043C,2,"Direct match for open fracture of coronoid process of ulna with specified fracture type IIIA, IIIB, or IIIC."
81312,S52046B,3,Refers to nondisplaced fracture but still pertains to the coronoid process of ulna and open fracture type I or II.
81312,S52046C,4,"Refers to nondisplaced fracture but pertains to the coronoid process of ulna and open fracture type IIIA, IIIB, or IIIC."
81313,S52279B,1,"Monteggia's fracture of unspecified ulna, initial encounter for open fracture type I or II is a direct match to the description of Open Monteggia's fracture."
81313,S52279C,2,"Monteggia's fracture of unspecified ulna, initial encounter for open fracture type IIIA, IIIB, or IIIC is related to Monteggia's fracture but specifies a different type of fracture (III), making it less specific than type I or II."
81314,S52099B,1,This code specifies 'Other fracture' which closely matches 'Other and unspecified open fractures' in the ICD-9 description.
81314,S52009B,2,This code is for an 'Unspecified fracture' which aligns with the 'unspecified' aspect of the ICD-9 description but lacks the 'Other' specification.
81314,S52099C,3,"This code specifies 'Other fracture' but for a higher severity (type IIIA, IIIB, or IIIC), which may not directly correspond to the ICD-9 description's generality."
81314,S52009C,4,"This code is for an 'Unspecified fracture' of a more severe type (type IIIA, IIIB, or IIIC), which does not match the ICD-9 description's lack of specificity regarding fracture type."
81315,S52123B,1,Exact match in terms of displacement and fracture type; aligns with open fracture of head of radius.
81315,S52123C,2,"Also matches open fracture of head of radius but for a higher severity type (IIIA, IIIB, IIIC)."
81315,S52126B,3,Nondisplaced version of open fracture type I or II; less specific than displaced fracture codes.
81315,S52126C,4,"Nondisplaced version for higher severity type (IIIA, IIIB, IIIC); least specific match."
81331,S52309B,1,"This code describes an unspecified fracture of the shaft of the radius, which aligns with the ICD-9 description of an open fracture of the shaft of the radius."
81331,S52309C,2,"This code also describes a fracture of the shaft of the radius but is specific to open fractures of a higher severity (types IIIA, IIIB, or IIIC). While related, it is less specific to the type of fracture described in the ICD-9 code."
81332,S52209B,1,"Directly corresponds to an open fracture of the ulna, with unspecified details, aligning with the diagnosis of an open fracture of the shaft of ulna."
81332,S52209C,2,"Also pertains to an open fracture of the ulna but specifies a more severe type of fracture (type IIIA, IIIB, or IIIC) which may not be applicable to the original diagnosis of an open fracture of shaft."
81341,S52539A,1,Directly matches the description of a closed Colles' fracture of the radius.
81341,S52549A,2,"Describes a Smith's fracture, which is a different type of fracture and not synonymous with a Colles' fracture."
81351,S52539B,1,"This code describes an open Colles' fracture of the radius, aligning closely with the ICD-9 description."
81351,S52539C,2,"This code also describes a Colles' fracture of the radius but specifies a different type of open fracture. While it is relevant, it is less specific to the description of the fracture in the ICD-9 code."
81352,S52509B,1,"This code describes an unspecified fracture of the lower end of the radius, which aligns closely with the ICD-9 description of an open fracture at the distal end of the radius."
81352,S52509C,2,"This code also describes an unspecified fracture of the lower end of the radius but specifies a more severe type of open fracture (type IIIA, IIIB, or IIIC), making it less closely aligned with the ICD-9 description which does not specify severity."
81353,S52609B,1,"Matches the description of an unspecified fracture of the lower end of the ulna, specifically indicating an open fracture type I or II, which aligns closely with the ICD-9 description of an open fracture of the distal end of ulna."
81353,S52609C,2,"Also matches the description of an unspecified fracture of the lower end of the ulna, but pertains to a more severe classification of open fractures (type IIIA, IIIB, or IIIC), making it less specific to the original ICD-9 description."
81393,S5290XB,1,"This code matches the unspecified nature of the fracture and indicates an initial encounter for open fracture type I or II, closely aligning with the ICD-9 description."
81393,S5290XC,2,"While this code also represents an unspecified fracture of the forearm, it specifies a different classification of the open fracture (type IIIA, IIIB, or IIIC), which may not directly align with the ICD-9 description of unspecified part."
81402,S62123A,1,"displaced fracture of lunate, aligns with closed fracture of lunate, same body site, initial encounter"
81402,S62126A,2,"nondisplaced fracture of lunate, aligns with closed fracture of lunate, same body site, initial encounter"
81403,S62113A,1,Displaced fracture of triquetrum matches the description of the closed fracture of the triquetral bone.
81403,S62116A,2,"Nondisplaced fracture of triquetrum is also a valid match for the closed fracture of the triquetral bone, but it is less specific compared to the displaced version."
81404,S62163A,1,Displaced fracture of pisiform matches the site and type of fracture described in the ICD-9 code.
81404,S62166A,2,"Nondisplaced fracture of pisiform also matches the site and type of fracture, but is less specific than the displaced fracture."
81405,S62173A,1,"Displaced fracture of trapezium matches the trapezium bone fracture description, with 'initial encounter for closed fracture' providing temporal detail."
81405,S62176A,2,"Nondisplaced fracture of trapezium also matches the trapezium bone fracture description, but is less specific compared to displaced."
81406,S62183A,1,"Displaced fracture of trapezoid, aligns with the specific bone and closed fracture type."
81406,S62186A,2,"Nondisplaced fracture of trapezoid, aligns with the specific bone and closed fracture type but differs in displacement."
81407,S62133A,1,"displaced fracture of capitate bone, matches location and type of fracture"
81407,S62136A,2,"nondisplaced fracture of capitate bone, matches location and type of fracture"
81408,S62143A,1,"Displaced fracture of body of hamate, matches fracture type and location."
81408,S62146A,2,"Nondisplaced fracture of body of hamate, matches fracture type and location but differs in displacement."
81409,S62153A,1,"Specific fracture type (displaced) of a bone in the wrist, aligns with 'closed fracture of other bone of wrist'."
81409,S62156A,2,"Specific fracture type (nondisplaced) of a bone in the wrist, aligns with 'closed fracture of other bone of wrist'."
81412,S62123B,1,"Displaced fracture of lunate, open fracture, matches the type and laterality."
81412,S62126B,2,"Nondisplaced fracture of lunate, open fracture, but differs in displacement which is less specific."
81413,S62113B,1,"Directly corresponds to an open fracture of the triquetrum, matching both the type of fracture (displaced) and the body site (triquetrum bone of wrist)."
81413,S62116B,2,"Also corresponds to a fracture of the triquetrum, but is classified as nondisplaced. While it matches the body site, it is less specific compared to the displaced fracture."
81415,S62173B,1,Displaced fracture of trapezium matches the open fracture description in ICD-9.
81415,S62176B,2,Nondisplaced fracture of trapezium is related but does not match the specific type of fracture (open) indicated in ICD-9.
81416,S62183B,1,Directly corresponds to an open fracture of trapezoid bone; specifically mentions 'displaced' which is a relevant detail.
81416,S62186B,2,"Also corresponds to trapezoid bone fracture, but is 'nondisplaced', which is less specific to the original open fracture description."
81418,S62143B,1,Displaced fracture of body of hamate bone matches the specific body site and type of fracture (open) described in the ICD-9 code.
81418,S62146B,2,Nondisplaced fracture of body of hamate bone is relevant but does not match the specificity of the fracture type (open) in the ICD-9 code.
81419,S62153B,1,"Displaced fracture of hook process of hamate bone matches 'open fracture of other bone of wrist' in terms of type (open fracture) and body site (wrist), with a specific reference to the hamate bone."
81419,S62156B,2,"Nondisplaced fracture of hook process of hamate bone also matches 'open fracture of other bone of wrist' in terms of type (open fracture) and body site (wrist), though it specifies a nondisplaced fracture."
81501,S62233A,1,"This code describes a displaced fracture of the base of the first metacarpal, which aligns closely with the closed fracture of the base of the thumb metacarpal."
81501,S62236A,2,"This code describes a nondisplaced fracture of the base of the first metacarpal, which is relevant but less specific than the displaced fracture."
81502,S62319A,1,Displaced fracture of base of unspecified metacarpal bone matches the description of a closed fracture of the base of a metacarpal bone.
81502,S62349A,2,"Nondisplaced fracture of base of unspecified metacarpal bone also matches the description, but is less specific than the displaced fracture."
81503,S62329A,1,"Displaced fracture of shaft of unspecified metacarpal bone is a specific type of closed fracture, matching the body site and type of injury."
81503,S62359A,2,Nondisplaced fracture of shaft of unspecified metacarpal bone also matches the body site and type of injury but is less specific than a displaced fracture.
81504,S62339A,1,"Displaced fracture of neck of unspecified metacarpal bone matches the description of closed fracture of neck of metacarpal bone(s) closely in terms of location and type of injury, differing only in the displacement."
81504,S62369A,2,"Nondisplaced fracture of neck of unspecified metacarpal bone is also a match for closed fracture of neck of metacarpal bone(s), but is less specific than the displaced version, hence ranked lower."
81511,S62233B,1,"This code describes an open fracture of the base of the first metacarpal bone, which is directly related to the ICD-9 description."
81511,S62236B,2,"This code describes a nondisplaced fracture of the base of the first metacarpal bone, which is less specific than the open fracture described in the ICD-9 code."
81512,S62319B,1,Displaced fracture of base of unspecified metacarpal bone aligns well with the open fracture of the base of other metacarpal bones.
81512,S62349B,2,Nondisplaced fracture of base of unspecified metacarpal bone is relevant but less specific than the displaced fracture option.
81513,S62329B,1,"Displaced fracture of shaft of unspecified metacarpal bone matches the description of an open fracture of the metacarpal bone, with specific emphasis on the type of fracture being displaced."
81513,S62359B,2,"Nondisplaced fracture of shaft of unspecified metacarpal bone is related to the open fracture but specifies a different type (nondisplaced), making it less directly aligned with the original diagnosis."
81514,S62339B,1,Displaced fracture of neck of unspecified metacarpal bone matches the specific injury type (fracture of neck of metacarpal) and indicates it is an open fracture.
81514,S62369B,2,"Nondisplaced fracture of neck of unspecified metacarpal bone also matches the specific injury type, but indicates a nondisplaced fracture, which is less severe than an open fracture."
81600,S62609A,1,"Fracture of unspecified phalanx of unspecified finger closely matches the description of a closed fracture of phalanges of hand, as fingers are part of the hand."
81600,S62509A,2,"Fracture of unspecified phalanx of unspecified thumb is relevant but less specific than the finger, as the thumb is also part of the hand but is a distinct digit."
81601,S62649A,1,Nondisplaced fracture of proximal phalanx of unspecified finger is a direct match in terms of location and type of fracture.
81601,S62513A,2,"Displaced fracture of proximal phalanx of unspecified thumb is similar but specifies the thumb, which is a different digit."
81601,S62516A,3,Nondisplaced fracture of proximal phalanx of unspecified thumb is similar to the original fracture but specifies the thumb.
81601,S62629A,4,Displaced fracture of medial phalanx of unspecified finger is a match by body site but refers to the medial phalanx instead of the proximal phalanx.
81601,S62659A,5,Nondisplaced fracture of medial phalanx of unspecified finger is a match by body site but refers to the medial phalanx instead of the proximal phalanx.
81602,S62639A,1,Displaced fracture of distal phalanx of unspecified finger matches the description of a closed fracture of phalanges of hand.
81602,S62669A,2,Nondisplaced fracture of distal phalanx of unspecified finger is also relevant as it pertains to the phalanges of hand.
81602,S62523A,3,"Displaced fracture of distal phalanx of unspecified thumb is related but specific to the thumb, making it less relevant than finger codes."
81602,S62526A,4,"Nondisplaced fracture of distal phalanx of unspecified thumb is related but specific to the thumb, making it less relevant than finger codes."
81610,S62609B,1,"Specificity to finger, closely related to 'phalanges of hand'."
81610,S62509B,2,"Specificity to thumb, which is a part of the hand but less relevant than fingers for general phalanges."
81611,S62619B,1,Displaced fracture of proximal phalanx of unspecified finger is the closest match as it directly relates to the proximal phalanx of the hand.
81611,S62649B,2,Nondisplaced fracture of proximal phalanx of unspecified finger is also relevant as it pertains to the proximal phalanx of the hand.
81611,S62513B,3,"Displaced fracture of proximal phalanx of unspecified thumb is related but specifies the thumb, which is a different digit compared to other fingers."
81611,S62516B,4,"Nondisplaced fracture of proximal phalanx of unspecified thumb also specifies the thumb, making it less relevant than those for fingers."
81611,S62629B,5,Displaced fracture of medial phalanx of unspecified finger is less relevant as it refers to the medial phalanx rather than the proximal phalanx.
81611,S62659B,6,Nondisplaced fracture of medial phalanx of unspecified finger is the least relevant since it also refers to the medial phalanx.
81612,S62639B,1,Displaced fracture of distal phalanx of unspecified finger aligns closely with the description of open fracture of phalanges of hand.
81612,S62669B,2,Nondisplaced fracture of distal phalanx of unspecified finger also matches the description but is less specific than a displaced fracture.
81612,S62523B,3,"Displaced fracture of distal phalanx of unspecified thumb relates to an open fracture but specifies the thumb, which is not included in the original description."
81612,S62526B,4,"Nondisplaced fracture of distal phalanx of unspecified thumb is similar to the above but specifies the thumb, making it less applicable to the hand phalanges description."
82001,S72023A,1,"Displaced fracture of epiphysis (separation) (upper) of unspecified femur closely matches the description, differing only in displacement status."
82001,S72026A,2,Nondisplaced fracture of epiphysis (separation) (upper) of unspecified femur also matches the description but indicates a different displacement status.
82002,S72036A,1,"Nondisplaced midcervical fracture is a more specific description compared to the displaced option, aligning closely with the concept of a closed fracture of midcervical section."
82002,S72033A,2,Displaced midcervical fracture is relevant but less specific than the nondisplaced option; both codes refer to the midcervical section of the femur.
82003,S72043A,1,"Displaced fracture of base of neck of unspecified femur is a direct match in terms of location and type of fracture, despite the unspecified laterality."
82003,S72046A,2,"Nondisplaced fracture of base of neck of unspecified femur is also relevant as it pertains to the same anatomical site and fracture type, but is less specific than the displaced fracture."
82019,S72099B,1,"This code refers to an open fracture of the neck of the femur, which aligns closely with the description of the ICD-9 code."
82019,S72099C,2,"This code also refers to an open fracture of the neck of the femur but specifies a more severe type of fracture (types IIIA, IIIB, or IIIC), making it less specific to the original description of 'other open transcervical fracture'."
82021,S72143A,1,Displaced intertrochanteric fracture matches the fracture type and location.
82021,S72146A,2,"Nondisplaced intertrochanteric fracture also matches the fracture type and location, but is less specific than displaced."
82022,S7223XA,1,"Displaced subtrochanteric fracture of unspecified femur is a direct match for closed fracture of subtrochanteric section of neck of femur, with the only difference being displacement."
82022,S7226XA,2,"Nondisplaced subtrochanteric fracture of unspecified femur is also relevant but specifies nondisplacement, making it less specific than the displaced option."
82030,S72109B,1,"Directly corresponds to an unspecified trochanteric fracture of the femur with specific reference to open fracture type I or II, matching the ICD-9 description."
82030,S72109C,2,"Also corresponds to an unspecified trochanteric fracture of the femur but specifies open fracture type IIIA, IIIB, or IIIC, which is less specific than type I or II."
82031,S72143B,1,"Directly corresponds to displaced intertrochanteric fracture, matching both the body site and type of fracture."
82031,S72143C,2,"Also corresponds to intertrochanteric fracture but specifies a different type of open fracture (type IIIA, IIIB, IIIC)."
82031,S72146B,3,"Nondisplaced intertrochanteric fracture, less specific than displaced but still relevant to the intertrochanteric location."
82031,S72146C,4,"Nondisplaced intertrochanteric fracture, similar to S72146B but for a different type of open fracture (type IIIA, IIIB, IIIC), making it less directly related."
82032,S7223XB,1,"This code represents a displaced subtrochanteric fracture of the femur, which aligns closely with the open fracture description and type I or II, matching the specificity of the ICD-9 code."
82032,S7223XC,2,"This code also represents a displaced subtrochanteric fracture of the femur but is classified under open fracture type IIIA, IIIB, or IIIC. It is less specific than type I or II but still relevant to the fracture type."
82032,S7226XB,3,"This code indicates a nondisplaced subtrochanteric fracture, which is a different classification than the open fracture described in the ICD-9 code. While it is still a subtrochanteric fracture, the nondisplaced nature makes it less relevant."
82032,S7226XC,4,"Similar to S7226XB, this code represents a nondisplaced subtrochanteric fracture but under a different open fracture classification. It is the least relevant since it does not match the type or nature of the fracture indicated in the ICD-9 code."
8209,S72009B,1,direct match in description and fracture type for initial encounter
8209,S72009C,2,matches description but specifies a different fracture type for initial encounter
82110,S7290XB,1,Directly corresponds to unspecified fracture of femur with initial encounter for open fracture type I or II.
82110,S7290XC,2,"Also corresponds to unspecified fracture of femur but for open fracture type IIIA, IIIB, or IIIC, which is less specific than the first option."
82111,S72309B,1,"This code corresponds to an open fracture of the shaft of the femur and specifies an initial encounter for open fracture type I or II, closely matching the ICD-9 description."
82111,S72309C,2,"This code also refers to an open fracture of the shaft of the femur but specifies a more severe classification (type IIIA, IIIB, or IIIC). It matches the general concept but is less specific than type I or II."
82121,S72413A,1,"Displaced unspecified condyle fracture of lower end of unspecified femur closely matches the description of a closed fracture of the condyle, femoral, with respect to the type of fracture and location."
82121,S72416A,2,"Nondisplaced unspecified condyle fracture of lower end of unspecified femur is also relevant, but it describes a nondisplaced fracture, which is less specific than a displaced fracture."
82122,S72443A,1,"This code describes a displaced fracture of the lower epiphysis of the femur, which is a specific type of fracture matching the description of the ICD-9 code."
82122,S72446A,2,"This code describes a nondisplaced fracture of the lower epiphysis of the femur, which is also a relevant type of fracture but is less specific compared to the displaced version."
82123,S72453A,1,Displaced supracondylar fracture matches the type and site of the ICD-9 description.
82123,S72456A,2,Nondisplaced supracondylar fracture is a similar type of fracture but lacks the specificity of displacement.
82130,S72409B,1,"Directly corresponds to an unspecified open fracture of the lower end of the femur, matching the ICD-9 description in terms of location and fracture type."
82130,S72409C,2,"Also corresponds to an unspecified open fracture of the lower end of the femur, but specifies a more severe type of open fracture (types IIIA, IIIB, or IIIC), making it less directly aligned with the ICD-9 description."
82131,S72413B,1,"Best match due to specifying 'displaced' and 'open fracture type I or II', closely aligning with the ICD-9 description."
82131,S72413C,2,"Also a 'displaced' fracture but specifies a higher open fracture type (IIIA, IIIB, IIIC), which makes it slightly less aligned with the ICD-9 description."
82131,S72416B,3,"Nondisplaced fracture, which does not align with the 'open fracture' descriptor in the ICD-9 code, but still refers to a condyle fracture."
82131,S72416C,4,"Similar to S72416B but specifies a higher open fracture type (IIIA, IIIB, IIIC), making it the least aligned due to being both nondisplaced and higher fracture type."
82132,S72443B,1,"Best match due to being a displaced fracture of the lower epiphysis of the femur, which corresponds directly to the description in ICD-9."
82132,S72443C,2,"Also a displaced fracture of the lower epiphysis of the femur, but it specifies a more severe type (IIIA, IIIB, or IIIC), making it less specific than S72443B."
82132,S72446B,3,"Nondisplaced fracture of the lower epiphysis of the femur; while it matches the location and type of fracture, it differs in the displacement aspect."
82132,S72446C,4,"Nondisplaced fracture of the lower epiphysis of the femur, similar to S72446B, but refers to a more severe type of open fracture, making it less aligned with the original description."
82133,S72453B,1,"Best match for open supracondylar fracture, specifically displaced type I or II."
82133,S72453C,2,"Also matches open supracondylar fracture but for displaced type IIIA, IIIB, or IIIC, which is less specific than type I or II."
82133,S72456B,3,"Matches the description but refers to a nondisplaced fracture, making it less relevant."
82133,S72456C,4,"Also refers to a nondisplaced fracture, less relevant than the other options."
82139,S72499B,1,"This code specifies an open fracture at the lower end of the femur, which directly corresponds to the ICD-9 description."
82139,S72499C,2,"This code also describes an open fracture at the lower end of the femur, but specifies a different type of open fracture (IIIA, IIIB, or IIIC), making it slightly less specific than S72499B."
8221,S82009B,1,"Matches the description of an open fracture of the patella, specifically indicating type I or II, aligning with the ICD-9 description."
8221,S82009C,2,"Also matches the description of an open fracture of the patella but specifies type IIIA, IIIB, or IIIC, which is a different classification than the ICD-9 code."
82310,S82109B,1,Directly correlates to open fracture of the upper end of the tibia; the unspecified nature is acceptable given the ICD-9 specificity.
82310,S82109C,2,"Also correlates to an open fracture of the upper end of the tibia but specifies a higher severity of fracture (type IIIA, IIIB, or IIIC), making it less directly comparable."
82311,S82839B,1,"This code refers to an open fracture of the fibula, which aligns with the ICD-9 description of an open fracture of the upper end of the fibula, though it is not specific to the upper end."
82311,S82839C,2,"While this code also refers to an open fracture of the fibula, it specifically pertains to more severe types (IIIA, IIIB, IIIC) which do not match the less severe types described in the ICD-9 code."
82330,S82209B,1,"Unspecified fracture of shaft of unspecified tibia, initial encounter for open fracture type I or II is the best match as it corresponds to an open fracture of the tibia, matching the description of the ICD-9 code."
82330,S82209C,2,"Unspecified fracture of shaft of unspecified tibia, initial encounter for open fracture type IIIA, IIIB, or IIIC is less specific than type I or II but still pertains to an open fracture of the tibia."
82331,S82409B,1,"This code specifies an unspecified fracture of the shaft of the fibula, aligning with the open fracture description and type I or II."
82331,S82409C,2,"This code also pertains to an unspecified fracture of the shaft of the fibula but relates to a higher severity type IIIA, IIIB, or IIIC, making it less specific to the given ICD-9 description."
82390,S82201B,1,"Specific to the right tibia, matches the open fracture type with unspecified part."
82390,S82201C,2,"Also specific to the right tibia, but refers to a more severe open fracture type, making it less directly equivalent."
82391,S82401B,1,"Specific to the right fibula and describes an open fracture type I or II, which matches the unspecified nature of the ICD-9 code."
82391,S82401C,2,"Specific to the right fibula and describes an open fracture type IIIA, IIIB, or IIIC, which is also relevant but indicates a more severe type of fracture than the unspecified nature in the ICD-9 code."
8240,S8253XA,1,Displaced fracture of medial malleolus is a specific type of fracture that aligns with the description of a fracture of the medial malleolus.
8240,S8256XA,2,"Nondisplaced fracture of medial malleolus also fits the description of a fracture of the medial malleolus, but it is less specific than the displaced fracture."
8241,S8253XB,1,"Displaced fracture of medial malleolus, matches 'open' type I or II."
8241,S8253XC,2,"Displaced fracture of medial malleolus, matches 'open' type IIIA, IIIB, or IIIC."
8241,S8256XB,3,"Nondisplaced fracture of medial malleolus, matches 'open' type I or II."
8241,S8256XC,4,"Nondisplaced fracture of medial malleolus, matches 'open' type IIIA, IIIB, or IIIC."
8242,S8263XA,1,Displaced fracture of lateral malleolus aligns with the lateral malleolus fracture description and is an initial encounter for a closed fracture.
8242,S8266XA,2,"Nondisplaced fracture of lateral malleolus is relevant as it also describes a fracture of the same site and type (closed), but lacks the specificity of displacement."
8243,S8263XB,1,Displaced fracture of lateral malleolus matches the description of open fracture of lateral malleolus.
8243,S8263XC,2,"Displaced fracture of lateral malleolus matches the description of open fracture of lateral malleolus, but specifies a different fracture type (IIIA, IIIB, IIIC)."
8243,S8266XB,3,"Nondisplaced fracture of lateral malleolus is a valid match, but not as specific as the displaced fractures."
8243,S8266XC,4,"Nondisplaced fracture of lateral malleolus is a valid match, but specifies a different fracture type (IIIA, IIIB, IIIC) and is less specific than the displaced codes."
8244,S82843A,1,"This code describes a displaced bimalleolar fracture, which is a specific type of bimalleolar fracture that aligns with the diagnosis of a closed bimalleolar fracture."
8244,S82846A,2,"This code describes a nondisplaced bimalleolar fracture, which is also a specific type of bimalleolar fracture, but it is not the same as the displaced fracture."
8245,S82843B,1,"Directly matches 'bimalleolar fracture' and specifies 'open fracture type I or II', aligning with the ICD-9 description."
8245,S82843C,2,"Also matches 'bimalleolar fracture' and specifies 'open fracture type IIIA, IIIB, or IIIC', which is relevant to the open nature of the fracture."
8245,S82846B,3,"Matches 'bimalleolar fracture' but specifies 'nondisplaced', which is less specific than the ICD-9 description."
8245,S82846C,4,"Matches 'bimalleolar fracture' but specifies 'nondisplaced' and 'open fracture type IIIA, IIIB, or IIIC', making it less relevant than the other options."
8246,S82853A,1,"Displaced trimalleolar fracture directly corresponds to the trimalleolar fracture description in ICD-9, maintaining specificity and fracture type."
8246,S82856A,2,"Nondisplaced trimalleolar fracture is related to trimalleolar fractures but differs in displacement status, making it less specific than the displaced version."
8247,S82853B,1,Direct match in type of fracture (displaced) and open fracture type I or II.
8247,S82853C,2,"Direct match in type of fracture (displaced) but open fracture type IIIA, IIIB, or IIIC is less specific than type I or II."
8247,S82856B,3,"Matches trimalleolar fracture, but is nondisplaced, which is a significant difference from the open fracture described."
8247,S82856C,4,"Matches trimalleolar fracture, but is nondisplaced and open fracture type IIIA, IIIB, or IIIC, which is less specific than type I or II."
8249,S82899B,1,"This code describes an open fracture of the lower leg, which is the closest match to an unspecified fracture of the ankle in terms of being an open fracture."
8249,S82899C,2,"While this code also describes an open fracture of the lower leg, it specifies a more severe type of open fracture (type IIIA, IIIB, or IIIC), making it less specific to the original diagnosis of an unspecified fracture of the ankle."
8250,S92009A,1,Unspecified fracture of unspecified calcaneus is a direct match for closed fracture of calcaneus.
8250,S99009A,2,Unspecified physeal fracture of unspecified calcaneus is related but specifies a physeal fracture type.
8250,S99019A,3,Salter-Harris Type I physeal fracture indicates a specific type of physeal fracture; relevant but less general.
8250,S99029A,4,Salter-Harris Type II physeal fracture indicates a specific type of physeal fracture; relevant but less general.
8250,S99039A,5,Salter-Harris Type III physeal fracture indicates a specific type of physeal fracture; relevant but less general.
8250,S99049A,6,Salter-Harris Type IV physeal fracture indicates a specific type of physeal fracture; relevant but less general.
8250,S99099A,7,Other physeal fracture of unspecified calcaneus is a broader category but does not match the closed fracture specifically.
8251,S92009B,1,"This code directly matches the description of an open fracture of the calcaneus, making it the best semantic match."
8251,S99009B,2,"Although this code refers to a physeal fracture, it is unspecified and still indicates an open fracture of the calcaneus."
8251,S99019B,3,"This code specifies a Salter-Harris Type I physeal fracture, which is a specific type of fracture but still relates to the calcaneus."
8251,S99029B,4,"This code refers to a Salter-Harris Type II physeal fracture of the calcaneus, providing more specificity than the previous candidates."
8251,S99039B,5,"This code indicates a Salter-Harris Type III physeal fracture, still a type of calcaneus fracture but with different implications."
8251,S99049B,6,"This code specifies a Salter-Harris Type IV physeal fracture of the calcaneus, which is a specific type but less directly related than the open fracture."
8251,S99099B,7,"This code refers to other physeal fractures of the calcaneus, which is less specific than the other options, making it the least preferred match."
82520,S92819A,1,"This code specifies 'other fracture of unspecified foot', which aligns closely with the ICD-9 description of a closed fracture of unspecified bone(s) of foot, maintaining the specificity of the foot region."
82520,S92909A,2,"This code is for 'unspecified fracture of unspecified foot', which is less specific than the first candidate. However, it still relates to the fracture of the foot as described in the ICD-9 code."
82522,S92256A,1,"Nondisplaced fracture of navicular [scaphoid] of unspecified foot is a direct match to closed fracture of navicular [scaphoid], foot, maintaining the body site and fracture type."
82522,S92253A,2,"Displaced fracture of navicular [scaphoid] of unspecified foot also matches closed fracture of navicular [scaphoid], foot, but the displacement adds specificity that is not present in the original description."
82523,S92213A,1,"Displaced fracture of cuboid bone matches the body site and fracture type, with unspecified laterality."
82523,S92216A,2,"Nondisplaced fracture of cuboid bone matches the body site, but describes a different fracture type (nondisplaced)."
82524,S92223A,1,Displaced fracture of lateral cuneiform is a specific type of fracture that falls under the broader category of closed fractures of cuneiform bones in the foot.
82524,S92226A,2,"Nondisplaced fracture of lateral cuneiform is also relevant as it pertains to the lateral cuneiform, which is a specific type of cuneiform bone fracture."
82524,S92233A,3,Displaced fracture of intermediate cuneiform is relevant but less specific than the lateral cuneiform fractures.
82524,S92236A,4,Nondisplaced fracture of intermediate cuneiform is relevant but less specific than the lateral cuneiform fractures.
82524,S92243A,5,Displaced fracture of medial cuneiform is relevant but involves a different cuneiform bone than the original ICD-9 description.
82524,S92246A,6,Nondisplaced fracture of medial cuneiform is relevant but involves a different cuneiform bone than the original ICD-9 description.
82525,S92309A,1,"Directly corresponds to closed fracture of metatarsal bones, unspecified foot."
82525,S99109A,2,Unspecified physeal fracture of metatarsal; relates to fractures but specifies physeal type.
82525,S99119A,3,"Specific type of physeal fracture (Salter-Harris Type I), but does not match the closed fracture description."
82525,S99129A,4,"Specific type of physeal fracture (Salter-Harris Type II), but does not match the closed fracture description."
82525,S99139A,5,"Specific type of physeal fracture (Salter-Harris Type III), but does not match the closed fracture description."
82525,S99149A,6,"Specific type of physeal fracture (Salter-Harris Type IV), but does not match the closed fracture description."
82525,S99199A,7,Other physeal fracture of metatarsal; relates to fractures but specifies physeal type and is less specific.
82530,S92819B,1,"More specific as it indicates 'Other fracture' of the unspecified foot, closely aligning with the open fracture description."
82530,S92909B,2,"Less specific as it simply states 'Unspecified fracture', but still applicable to an open fracture of the foot."
82532,S92253B,1,Displaced fracture of navicular (scaphoid) directly correlates to open fracture of the same site.
82532,S92256B,2,Nondisplaced fracture of navicular (scaphoid) is relevant but less specific since it does not specify the displacement status of the fracture.
82533,S92213B,1,Direct match for an open fracture of the cuboid bone with the same laterality (unspecified foot) and type (displaced).
82533,S92216B,2,"Refers to an open fracture of the cuboid bone but specifies nondisplaced, which does not match the 'open fracture' description as closely as the first code."
82534,S92223B,1,Displaced fracture of lateral cuneiform matches the description of an open fracture of a cuneiform in the foot.
82534,S92226B,2,Nondisplaced fracture of lateral cuneiform also matches but is less specific due to 'nondisplaced' status.
82534,S92233B,3,Displaced fracture of intermediate cuneiform is a relevant match but refers to a different cuneiform bone.
82534,S92236B,4,Nondisplaced fracture of intermediate cuneiform is relevant but refers to a different cuneiform bone.
82534,S92243B,5,Displaced fracture of medial cuneiform is relevant but refers to a different cuneiform bone.
82534,S92246B,6,Nondisplaced fracture of medial cuneiform is relevant but refers to a different cuneiform bone.
82535,S92309B,1,"Directly corresponds to open fracture of unspecified metatarsal bone(s), matching the ICD-9 description."
82535,S99109B,2,Unspecified physeal fracture of metatarsal; still relates to metatarsal fractures but less specific than S92309B.
82535,S99119B,3,"Specific type of physeal fracture (Type I), still relates to metatarsal fractures but not a direct match."
82535,S99129B,4,"Specific type of physeal fracture (Type II), less relevant as it pertains to a particular fracture type."
82535,S99139B,5,"Specific type of physeal fracture (Type III), further removed from the general open fracture description."
82535,S99149B,6,"Specific type of physeal fracture (Type IV), similar in relevance to previous physeal types."
82535,S99199B,7,"Other physeal fracture of metatarsal, less relevant as it does not specify a known type of fracture."
8260,S92503A,1,Displaced unspecified fracture of unspecified lesser toe(s) is a direct match for closed fractures of phalanges of the foot.
8260,S92506A,2,Nondisplaced unspecified fracture of unspecified lesser toe(s) is also relevant to closed fractures of phalanges of the foot.
8260,S92403A,3,"Displaced unspecified fracture of unspecified great toe may relate to the foot but is specific to the great toe, which is not mentioned in the ICD-9 description."
8260,S92406A,4,"Nondisplaced unspecified fracture of unspecified great toe also relates to the foot but is specific to the great toe, making it less relevant than lesser toes."
8261,S92503B,1,Displaced unspecified fracture of unspecified lesser toe(s) is semantically aligned with an open fracture of phalanges of the foot.
8261,S92506B,2,Nondisplaced unspecified fracture of unspecified lesser toe(s) is also relevant to open fractures of the phalanges.
8261,S92403B,3,Displaced unspecified fracture of unspecified great toe is a specific type of open fracture but does not cover all phalanges.
8261,S92406B,4,"Nondisplaced unspecified fracture of unspecified great toe, similar to the previous one, is less applicable since it only refers to the great toe."
8300,S0301XA,1,Specificity and laterality: right side dislocation is a specific type of jaw dislocation.
8300,S0302XA,2,Specificity and laterality: left side dislocation is a specific type of jaw dislocation.
8300,S0303XA,3,Bilateral dislocation is a valid type of jaw dislocation but less specific than the unilateral codes.
8300,S0300XA,4,"Unspecified side dislocation is the least specific option, offering no detail on laterality."
83200,S53106A,1,"This code refers to an unspecified dislocation of the ulnohumeral joint, which is a part of the elbow joint, making it more specific to the elbow compared to the radial head."
83200,S53006A,2,"This code refers to an unspecified dislocation of the radial head, which is also related to the elbow but is less specific than the ulnohumeral joint."
83201,S53116A,1,"Directly corresponds to the anterior dislocation of the ulnohumeral joint, which is part of the elbow."
83201,S53016A,2,Describes anterior dislocation of the radial head but is less specific to the elbow joint itself compared to S53116A.
83209,S53196A,1,"Specific to the ulnohumeral joint, which is a key component of the elbow."
83209,S53096A,2,"Refers to the radial head, but is less specific to the elbow joint compared to S53196A."
83309,S63096A,1,"This code refers specifically to dislocation of the wrist, aligning closely with the ICD-9 description of a closed dislocation of the wrist."
83309,S63076A,2,"This code specifies dislocation of the distal end of the ulna, which is not directly synonymous with wrist dislocation, thus making it a less optimal match."
83400,S63259A,1,"Directly matches the description of dislocation of finger, unspecified part."
83400,S63106A,2,"Refers to dislocation of the thumb, which is not part of the original description referring specifically to fingers."
83401,S63116A,1,"Directly corresponds to the dislocation of the metacarpophalangeal joint of the thumb, which is a specific body site related to the original ICD-9 description."
83401,S63269A,2,"Also relates to dislocation of the metacarpophalangeal joint but specifies an unspecified finger, making it less specific than the thumb."
83402,S63126A,1,"Dislocation of interphalangeal joint of unspecified thumb, initial encounter - closely matches the description and specifies a joint in the hand."
83402,S63279A,2,"Dislocation of unspecified interphalangeal joint of unspecified finger, initial encounter - matches the general description but lacks specific detail on the joint."
83402,S63289A,3,"Dislocation of proximal interphalangeal joint of unspecified finger, initial encounter - specific to a type of interphalangeal joint in the hand."
83402,S63299A,4,"Dislocation of distal interphalangeal joint of unspecified finger, initial encounter - also specific to a type of interphalangeal joint, but is further down the rank due to lack of clarity on which finger."
8360,S83219A,1,"This code specifically describes a 'bucket-handle tear' of the medial meniscus, which is a specific type of tear that fits within the broader category of meniscal tears."
8360,S83249A,2,"This code refers to 'other tear of medial meniscus' which is also relevant but less specific than the bucket-handle tear, making it the second-best match."
8362,S8330XA,1,"This code refers specifically to a tear of articular cartilage of the knee, which aligns closely with the ICD-9 description of a cartilage or meniscus tear."
8362,S83209A,2,"This code is less specific as it refers to an unspecified meniscus tear and unspecified knee, making it a weaker match compared to S8330XA."
83809,S93336A,1,"This code refers to 'Other dislocation of unspecified foot,' which aligns closely with the ICD-9 description of 'Closed dislocation of foot, other'."
83809,S93106A,2,"While this code refers to dislocation of toe(s), it is less specific to the foot as a whole, making it a less optimal match compared to S93336A."
83907,S13171A,1,"Directly correlates to the dislocation of the seventh cervical vertebra (C7), with specificity to the C6/C7 junction."
83907,S13181A,2,"Refers to dislocation involving the C7/T1 junction, which is adjacent but not the same as the seventh cervical vertebra."
83969,S3339XA,1,"Dislocation of other parts of lumbar spine and pelvis is a broader category that aligns with 'closed dislocation, other location'."
83969,S031XXA,2,Dislocation of septal cartilage of nose is a specific type of dislocation that does not align with the general description of 'other location' in the context of closed dislocations.
8408,S46819A,1,"Directly refers to strains at shoulder and upper arm level, closely matching the ICD-9 description."
8408,S43499A,2,"Refers to sprains of unspecified shoulder joint, which is a specific site mentioned in the ICD-9 description."
8408,S46019A,3,"Specifically addresses strain of the rotator cuff, which is a part of the shoulder, though less general than the ICD-9 description."
8408,S46119A,4,"Refers to strain of the long head of biceps in the arm, which is less specific to the shoulder compared to others."
8409,S43409A,1,"Directly corresponds to an unspecified sprain of the shoulder joint, matching the ICD-9 description."
8409,S46919A,2,"Related to strains at the shoulder and upper arm level but specifies muscle, fascia, and tendon, which is less specific to the concept of 'sprains and strains' as a whole."
8419,S53409A,1,synonymy - directly matches the description of an unspecified sprain of the elbow
8419,S56919A,2,no_good_match - describes a strain at forearm level but does not specifically indicate an elbow involvement
84200,S63509A,1,"This code directly corresponds to a sprain of the wrist, matching the diagnosis of a wrist sprain."
84200,S66919A,2,"This code describes a strain at the wrist level but does not specify a sprain, making it less relevant."
84210,S6390XA,1,"Directly corresponds to a sprain of the hand, maintaining the unspecified nature and location."
84210,S66919A,2,"While it relates to the wrist and hand, it describes a strain rather than a sprain, which is a different type of injury."
84212,S63649A,1,"specificity to the thumb, matches with the hand context"
84212,S63659A,2,"specificity to the finger, matches with the hand context"
84213,S63629A,1,"Specificity to the thumb, aligns with interphalangeal joint sprain of hand."
84213,S63639A,2,"Specificity to fingers, aligns with interphalangeal joint sprain of hand."
8439,S73109A,1,Unspecified sprain of unspecified hip directly correlates with the unspecified site of hip and thigh sprain.
8439,S76919A,2,Strain of unspecified muscles at thigh level is relevant but less specific to the hip compared to the sprain.
8448,S838X9A,1,"Directly relates to sprains of unspecified knee, matching the concept of 'sprains and strains of other specified sites of knee and leg'."
8448,S86819A,2,"Relates to strains at lower leg level, but is less specific to the knee and does not cover sprains."
8449,S8390XA,1,"This code directly corresponds to a sprain of an unspecified site in the knee, matching the description of the ICD-9 code."
8449,S86919A,2,"While this code pertains to a strain at the lower leg level, it does not specifically mention the knee and is less relevant to the primary focus of the ICD-9 code."
84500,S93409A,1,"Directly corresponds to a sprain of an unspecified ligament in the ankle, aligning with the ICD-9 description."
84500,S96919A,2,"While related to the ankle, it refers to a strain rather than a sprain, making it a less precise match."
84509,S93499A,1,"Directly matches the description of a sprain in the ankle, maintaining specificity."
84509,S86019A,2,"Refers to a strain of the Achilles tendon, which is not synonymous with sprains or strains of the ankle."
84510,S93609A,1,"Directly corresponds to a sprain of the foot, matching both the site and unspecified nature."
84510,S96919A,2,"Refers to a strain, which is a different type of injury than a sprain, making it a less precise match."
8470,S134XXA,1,"directly corresponds to sprain of ligaments of cervical spine, matching the specific body site (cervical spine) and type of injury (sprain)."
8470,S138XXA,2,"covers sprains of joints and ligaments in the neck but is less specific than S134XXA, as it includes other parts of the neck."
8471,S233XXA,1,"directly corresponds to a sprain of the thoracic spine, matching the body site and condition"
8471,S238XXA,2,related to a sprain in the thoracic region but less specific than the first option
8488,S039XXA,1,"This code relates to a sprain of unspecified parts, which aligns with the description of 'Other specified sites of sprains and strains' in ICD-9."
8488,S29019A,2,"This code refers to a strain of muscle and tendon in the thorax, which is a specific type of strain that could be considered under the broader category of specified sites of sprains and strains."
8488,S39011A,3,"This code is related to a strain in the abdomen, which is another specific site but less directly related to the general category of sprains and strains compared to the previous codes."
85140,S06370A,1,"Directly matches 'cerebellar contusion' without loss of consciousness, aligns well with ICD-9 description."
85140,S06380A,2,"Related to brain stem contusion, but not specifically cerebellar; still relevant but less specific."
85141,S06370A,1,directly matches cerebellar contusion without loss of consciousness
85141,S06380A,2,"matches brainstem contusion without loss of consciousness, but not as specific as cerebellum"
85142,S06371A,1,"This code matches the cerebellar contusion diagnosis and specifies loss of consciousness for 30 minutes or less, aligning with the ICD-9 description."
85142,S06372A,2,"This code is relevant as it pertains to cerebellar contusion, but it specifies loss of consciousness for 31 to 59 minutes, which exceeds the less than one hour criterion."
85142,S06381A,3,"While this code pertains to brainstem contusion, it specifies loss of consciousness for 30 minutes or less, making it somewhat relevant but not a perfect match."
85142,S06382A,4,"This code is for brainstem contusion with loss of consciousness for 31 to 59 minutes, which does not align with the ICD-9 description of loss of consciousness being less than one hour."
85146,S06379A,1,"Directly corresponds to cerebellar contusion, maintaining the aspect of loss of consciousness."
85146,S06389A,2,"While it addresses brainstem contusion, it does not match the primary site (cerebellum) of the ICD-9 code."
85160,S06370A,1,Directly matches cerebellar laceration; specifies contusion and hemorrhage but maintains the absence of consciousness.
85160,S06380A,2,Matches brain stem laceration; specifies contusion and hemorrhage but maintains the absence of consciousness.
85162,S06371A,1,"Directly corresponds to cerebellar laceration with loss of consciousness of 30 minutes or less, matching the ICD-9 description closely."
85162,S06381A,2,"Cerebellar laceration is not present, but the brainstem laceration with loss of consciousness of 30 minutes or less is still relevant."
85162,S06372A,3,"Similar to S06371A but specifies a longer duration of loss of consciousness (31 to 59 minutes), which is not as aligned with the ICD-9 description."
85162,S06382A,4,"Focuses on brainstem laceration but with a longer duration of loss of consciousness (31 to 59 minutes), making it the least applicable match."
85182,S06331A,1,Matches the description of cerebral laceration and contusion with loss of consciousness less than one hour.
85182,S06332A,2,Related to cerebral laceration and contusion but specifies a longer duration of loss of consciousness than stated in the ICD-9 description.
85183,S06334A,1,"Matches the description of cerebral contusion and laceration with loss of consciousness lasting 1-24 hours, aligning with the ICD-9 code."
85183,S06333A,2,"Describes cerebral contusion and laceration with loss of consciousness for 1-5 hours, which is less than the specified duration in the ICD-9 code."
85185,S06336A,1,"This code matches the description of cerebral laceration and contusion with prolonged loss of consciousness without return to pre-existing level, and specifies the duration of loss of consciousness as greater than 24 hours."
85185,S06337A,2,"While this code refers to contusion and laceration of the cerebrum, it specifies death prior to regaining consciousness, which does not align with the ICD-9 description of survival with prolonged loss of consciousness."
85202,S066X2A,1,"This code specifically describes traumatic subarachnoid hemorrhage with loss of consciousness of 31 to 59 minutes, which aligns closely with the ICD-9 description of loss of consciousness being brief (less than one hour)."
85202,S066X1A,2,"This code describes traumatic subarachnoid hemorrhage with loss of consciousness of 30 minutes or less. While it is related, it is less accurate than S066X2A because the ICD-9 code specifies loss of consciousness for less than one hour, which could include 31 to 59 minutes."
85203,S066X4A,1,"This code describes traumatic subarachnoid hemorrhage with loss of consciousness between 6 hours to 24 hours, which aligns closely with the ICD-9 description of moderate loss of consciousness (1-24 hours)."
85203,S066X3A,2,"This code describes traumatic subarachnoid hemorrhage with loss of consciousness of 1 hour to 5 hours 59 minutes, which is less specific than the time frame described in the ICD-9 code."
85205,S066X6A,1,"Exact match in terms of subarachnoid hemorrhage, injury, prolonged loss of consciousness, and survival."
85205,S066X7A,2,"Related to subarachnoid hemorrhage and loss of consciousness but specifies death due to brain injury, which does not match the original description."
85205,S066X8A,3,"Related to subarachnoid hemorrhage and loss of consciousness but specifies death due to other causes, which does not match the original description."
85209,S066X0A,1,"This code describes traumatic subarachnoid hemorrhage without loss of consciousness, which aligns closely with the ICD-9 description indicating subarachnoid hemorrhage following injury, and it specifies 'initial encounter'."
85209,S066X9A,2,"This code describes traumatic subarachnoid hemorrhage with loss of consciousness of unspecified duration. While it relates to subarachnoid hemorrhage, it adds the element of loss of consciousness which is not specified in the ICD-9 description."
85222,S065X2A,1,"This code specifically matches the loss of consciousness duration of 31 to 59 minutes, which aligns well with the ICD-9 description's specification of 'brief loss of consciousness' (less than one hour)."
85222,S065X1A,2,"This code matches the subdural hemorrhage and includes loss of consciousness, but it specifies a duration of 30 minutes or less, which is less specific than the ICD-9 description's range."
85223,S065X4A,1,"This code specifies traumatic subdural hemorrhage with loss of consciousness lasting 6 hours to 24 hours, which closely matches the ICD-9 description of moderate loss of consciousness (1-24 hours)."
85223,S065X3A,2,"This code specifies traumatic subdural hemorrhage with loss of consciousness lasting 1 to 5 hours 59 minutes. While it relates to loss of consciousness, the duration does not fully align with the moderate loss of consciousness described in the ICD-9."
85225,S065X6A,1,Directly matches the description of subdural hemorrhage with prolonged loss of consciousness without return to pre-existing conscious level.
85225,S065X7A,2,"Related to subdural hemorrhage with loss of consciousness, but specifies death due to brain injury before regaining consciousness, which is less aligned with the original description."
85225,S065X8A,3,"Also related to subdural hemorrhage with loss of consciousness but specifies death due to other causes, making it the least aligned with the original description."
85229,S065X9A,1,"This code specifically mentions 'loss of consciousness', which is a critical detail that can be inferred from the term 'concussion' in the ICD-9 description, making it a more precise match."
85229,S065X0A,2,"While this code describes a 'traumatic subdural hemorrhage', it states 'without loss of consciousness', which does not align as closely with the concept of concussion indicated in the ICD-9 description."
85242,S064X1A,1,"Directly corresponds to epidural hemorrhage with a specific duration of loss of consciousness (30 minutes or less), matching the ICD-9 description of brief loss of consciousness."
85242,S064X2A,2,"Describes epidural hemorrhage with a loss of consciousness duration of 31 to 59 minutes, which is outside the less than 1 hour specification in the ICD-9 description."
85245,S064X6A,1,Directly matches the description of extradural hemorrhage with prolonged loss of consciousness without return to pre-existing conscious level.
85245,S064X7A,2,"Related to epidural hemorrhage with loss of consciousness but involves death prior to regaining consciousness, which is less specific than the original."
85245,S064X8A,3,Similar to S064X7A but involves death due to other causes; still less specific than the original diagnosis.
85302,S06362A,1,"This code specifies a loss of consciousness duration (31 to 59 minutes) which is more aligned with the ICD-9 description of brief loss of consciousness (less than one hour), making it a better match."
85302,S06361A,2,"This code specifies a loss of consciousness duration (30 minutes or less) which is less aligned with the ICD-9 description of brief loss of consciousness (less than one hour), making it a less preferable match."
85305,S06366A,1,This code matches the description of intracranial hemorrhage following injury with prolonged loss of consciousness without return to pre-existing level.
85305,S06367A,2,"This code also pertains to traumatic hemorrhage of the cerebrum, but specifies death due to brain injury, which is less aligned with the original ICD-9 description."
85305,S06368A,3,"This code refers to death due to other causes prior to regaining consciousness, which is further removed from the initial description of prolonged loss of consciousness without return."
85309,S06360A,1,"The description indicates a traumatic hemorrhage of the cerebrum without loss of consciousness, which aligns with the unspecified intracranial hemorrhage in the ICD-9 description."
85309,S06369A,2,"This code indicates a traumatic hemorrhage of the cerebrum with loss of consciousness, which does not match the ICD-9 description that specifies without mention of loss of consciousness."
85401,S06890A,1,This code specifically addresses 'other specified intracranial injury' which aligns closely with the ICD-9 description of 'intracranial injury of other and unspecified nature' while maintaining the detail of no loss of consciousness.
85401,S069X0A,2,"This code refers to 'unspecified intracranial injury' which is a less specific match compared to S06890A, but still relevant as it includes no loss of consciousness."
85401,S061X0A,3,"This code refers to 'traumatic cerebral edema' which is a specific type of intracranial injury; however, it diverges from the general nature of the ICD-9 description that does not specify edema."
85402,S069X1A,1,Unspecified intracranial injury aligns closely with the ICD-9 description and matches the brief loss of consciousness criteria (30 minutes or less).
85402,S061X1A,2,"Traumatic cerebral edema matches the intracranial injury context, and the loss of consciousness duration is within the specified limit (30 minutes or less)."
85402,S069X2A,3,"Unspecified intracranial injury is relevant, but the duration of loss of consciousness (31 to 59 minutes) exceeds the ICD-9 description's limit."
85402,S061X2A,4,Traumatic cerebral edema is relevant but also exceeds the loss of consciousness duration limit (31 to 59 minutes) compared to the ICD-9 description.
85405,S069X6A,1,"Unspecified intracranial injury with loss of consciousness greater than 24 hours matches the description closely, particularly the prolonged loss of consciousness aspect."
85405,S061X6A,2,"Traumatic cerebral edema with loss of consciousness greater than 24 hours is related but specifies a type of intracranial injury (cerebral edema), making it less general than the ICD-9 code."
85405,S061X7A,3,"Traumatic cerebral edema with loss of consciousness of any duration and death due to brain injury is related but introduces a fatal outcome, which is not mentioned in the ICD-9 description."
85405,S061X8A,4,Traumatic cerebral edema with loss of consciousness of any duration and death due to other cause is even less relevant as it also introduces a fatal outcome and does not align with the 'surviving' aspect.
85406,S069X9A,1,This code directly corresponds to 'unspecified intracranial injury' and matches the ICD-9 description closely in terms of specificity and nature of the injury.
85406,S061X9A,2,"While this code relates to a type of intracranial injury (traumatic cerebral edema), it specifies a particular condition that is not mentioned in the ICD-9 description, making it a less precise match."
86100,S2610XA,1,"Direct match to unspecified injury of heart without hemopericardium, aligns with the ICD-9 description."
86100,S2690XA,2,"Matches the concept of unspecified injury of heart, but less specific than S2610XA as it includes with or without hemopericardium."
86100,S2699XA,3,"Describes other injury of heart, which is broader and less relevant to the specific unspecified injury context of ICD-9."
86601,S37019A,1,Minor contusion of unspecified kidney closely aligns with the injury to kidney without rupture of capsule.
86601,S37029A,2,Major contusion of unspecified kidney is less specific to the nature of the injury described (hematoma without rupture) but still pertains to kidney injury.
8670,S3720XA,1,"Directly corresponds to an unspecified injury of the bladder, matching the body site and nature of the injury."
8670,S3730XA,2,"Corresponds to an unspecified injury of the urethra, which is related but not as directly aligned with the primary injury to the bladder."
8676,S37899A,1,"This code describes an unspecified injury to other urinary and pelvic organs, which aligns closely with the description of 'other specified pelvic organs'."
8676,S37409A,2,"This code refers to an unspecified injury of the ovary, which is a pelvic organ, making it relevant but more specific than 'other specified pelvic organs'."
8676,S37509A,3,"This code refers to an unspecified injury of the fallopian tube, another pelvic organ, but is more specific than 'other specified pelvic organs'."
8676,S37829A,4,"This code describes an unspecified injury of the prostate, which is not included in the description of 'other specified pelvic organs', making it less relevant."
86802,S36129A,1,"Injury to gallbladder aligns with the description of injury to intra-abdominal organs, although it does not specify an open wound."
86802,S3613XA,2,"Injury to bile duct is relevant to intra-abdominal injuries but is more specific to the bile duct, making it a less direct match."
8690,S3690XA,1,"This code specifically refers to an unspecified injury of an intra-abdominal organ, aligning closely with the ICD-9 description of internal injury to unspecified organs."
8690,S3790XA,2,"This code pertains to unspecified injuries of urinary and pelvic organs, which are less relevant to the general term 'unspecified or ill-defined organs' in the ICD-9 description."
8700,S01119A,1,Directly matches the description of laceration without foreign body in the eyelid and periocular area.
8700,S01129A,2,Also describes a laceration in the eyelid and periocular area but specifies presence of a foreign body.
8700,S01139A,3,"Describes a puncture wound, which is related but not synonymous with a laceration."
8700,S01149A,4,Describes a puncture wound with foreign body; related but not a direct match to laceration.
8700,S01159A,5,"Describes an open bite, which is a different type of injury than a laceration."
8701,S01119A,1,"Laceration without foreign body of unspecified eyelid and periocular area, initial encounter"
8701,S01129A,2,"Laceration with foreign body of unspecified eyelid and periocular area, initial encounter"
8701,S01139A,3,no_good_match
8701,S01149A,4,no_good_match
8701,S01159A,5,no_good_match
87201,S01309A,1,"This code describes an unspecified open wound of the ear, which closely aligns with the ICD-9 description of an open wound of the auricle, ear."
87201,S08129A,2,"This code pertains to a partial traumatic amputation of the ear. While it involves the ear, it is more specific than a simple open wound and could be considered a less suitable match."
87201,S08119A,3,"This code refers to a complete traumatic amputation of the ear, which is more severe than an open wound and does not match the description of the ICD-9 code."
87320,S0120XA,1,"This code is a direct match for an unspecified open wound of the nose, aligning closely with the ICD-9 description."
87320,S0121XA,2,"While this code specifies a laceration without foreign body, it is still a type of open wound relevant to the nose, making it a good match."
87320,S0123XA,3,"This code describes a puncture wound of the nose. Although it is a specific type of open wound, it does not fully align with the unspecified nature of the ICD-9 description."
87320,S0125XA,4,"This code represents an open bite of the nose, which is a specific type of injury not mentioned in the ICD-9 description, making it less relevant."
87322,S0120XA,1,"This code directly corresponds to an unspecified open wound of the nose, which aligns well with the ICD-9 description of an open wound of the nasal cavity."
87322,S0121XA,2,"This code refers to a laceration without foreign body of the nose. While it is a specific type of open wound, it does not encompass all open wounds as the ICD-9 code suggests, making it less ideal."
87322,S0123XA,3,"This code indicates a puncture wound of the nose, which is a specific type of open wound, but it does not match the general description of an open wound as stated in the ICD-9 code."
87322,S0125XA,4,"This code describes an open bite of the nose, which is a specific type of injury that does not match the general concept of an open wound of the nasal cavity without mention of complication."
87323,S0120XA,1,"Directly corresponds to open wound of the nose, matching the general nature of the ICD-9 description."
87323,S0121XA,2,"Laceration of the nose is a specific type of open wound, making it relevant but less general than S0120XA."
87323,S0123XA,3,"Puncture wound is a specific type of wound, but it does not directly match the term 'open wound'."
87323,S0125XA,4,Open bite is a different mechanism of injury and does not align well with the concept of an open wound.
87330,S0122XA,1,"Laceration is a type of open wound, and it specifically relates to the nose."
87330,S0124XA,2,"Puncture wound is a type of open wound, but it is more specific than 'unspecified site', making it less directly applicable."
87332,S0122XA,1,"Laceration relates closely to an open wound, and while it specifies a foreign body, the nasal cavity is included in the description."
87332,S0124XA,2,"Puncture wound is a specific type of open wound, but the addition of 'foreign body' makes it less directly related to the concept of a complicated open wound."
87333,S0122XA,1,"Laceration of the nose aligns with an open wound of the nasal sinus, indicating a direct injury."
87333,S0124XA,2,"Puncture wound is less relevant than laceration but still relates to an injury of the nose, thus it is ranked lower."
87363,S025XXB,1,"Directly correlates to the open wound of the tooth due to trauma, specifying it as an open fracture."
87363,S025XXA,2,"Refers to a closed fracture, which does not match the description of an open wound."
87373,S025XXB,1,"The description matches best as it refers to an open fracture of the tooth, which aligns with the ICD-9 description of an open wound of a broken tooth due to trauma."
87373,S025XXA,2,"This code refers to a closed fracture of the tooth, which does not match the open wound context in the ICD-9 description."
8738,S0190XA,1,"Directly corresponds to an unspecified open wound of the head, matching the body site and type of injury."
8738,S0990XA,2,"Refers to an unspecified injury of the head, but is less specific than the open wound classification."
8739,S0190XA,1,Unspecified open wound of head matches the description of other and unspecified open wound of head.
8739,S0192XA,2,"Laceration with foreign body is a specific type of wound, but does not match the general description of other and unspecified open wound."
8748,S1180XA,1,More specific to 'other specified part of neck' aligning with 'other and unspecified parts of neck'.
8748,S1190XA,2,"Less specific as it refers to 'unspecified part of neck', which is broader and less precise."
8760,S21209A,1,"This code specifies an open wound of the back wall of the thorax, which is closely related to the back and matches the general description of an open wound without complications."
8760,S31000A,2,"While this code refers to an open wound of the lower back and pelvis, it is less specific than the first option, which focuses more directly on the back."
8780,S3120XA,1,"This code directly corresponds to an open wound of the penis, matching the description of the ICD-9 code without complications."
8780,S38221A,2,"This code indicates a complete amputation of the penis, which is a more severe condition than an open wound but still relates to the penis."
8780,S38222A,3,"This code represents a partial amputation of the penis, which is also related but represents a different condition than an open wound."
8792,S31102A,1,"Specific to the abdominal wall, epigastric region, which is a part of the anterior abdominal wall."
8792,S31105A,2,"Specific to the abdominal wall, periumbilic region, also part of the anterior abdominal wall but less specific than epigastric."
8793,S31122A,1,"Laceration of abdominal wall in the epigastric region aligns with the description of an open wound of the abdominal wall, though it specifies a foreign body and the absence of penetration, it is still a relevant match."
8793,S31125A,2,"Laceration of abdominal wall in the periumbilic region also aligns with an open wound of the abdominal wall, but it is less specific to the anterior aspect compared to the epigastric region."
8850,S68019A,1,Complete traumatic metacarpophalangeal amputation of unspecified thumb aligns with the complete traumatic amputation of thumb.
8850,S68029A,2,Partial traumatic metacarpophalangeal amputation of unspecified thumb corresponds to the partial traumatic amputation of thumb.
8850,S68519A,3,Complete traumatic transphalangeal amputation of unspecified thumb is relevant but specifies a different type of amputation (transphalangeal vs metacarpophalangeal).
8850,S68529A,4,"Partial traumatic transphalangeal amputation of unspecified thumb also specifies a different type of amputation, making it less directly aligned."
8851,S68019A,1,Direct match for complete traumatic amputation of thumb at the metacarpophalangeal level.
8851,S68029A,2,Direct match for partial traumatic amputation of thumb at the metacarpophalangeal level.
8851,S68519A,3,"Complete traumatic amputation of thumb at the transphalangeal level, related but not at the same anatomical site."
8851,S68529A,4,"Partial traumatic amputation of thumb at the transphalangeal level, related but not at the same anatomical site."
8860,S68119A,1,Complete traumatic amputation of unspecified finger aligns well with the ICD-9 description of complete traumatic amputation.
8860,S68129A,2,Partial traumatic amputation of unspecified finger is relevant as it matches the partial aspect of the ICD-9 description.
8860,S68619A,3,"Complete traumatic transphalangeal amputation is somewhat related but specifies transphalangeal, which may not directly correspond to 'other fingers' in the ICD-9."
8860,S68629A,4,Partial traumatic transphalangeal amputation is also related but less specific to the 'other finger(s)' aspect in the ICD-9 description.
8861,S68119A,1,Complete traumatic metacarpophalangeal amputation matches with complete traumatic amputation of finger(s).
8861,S68129A,2,Partial traumatic metacarpophalangeal amputation aligns with partial traumatic amputation of finger(s).
8861,S68619A,3,Complete traumatic transphalangeal amputation is similar but specifies a different anatomical site (transphalangeal vs metacarpophalangeal).
8861,S68629A,4,Partial traumatic transphalangeal amputation is similar but specifies a different anatomical site (transphalangeal vs metacarpophalangeal).
8870,S58119A,1,"Complete traumatic amputation at level between elbow and wrist, unspecified arm, initial encounter matches 'complete' and 'below elbow' criteria."
8870,S58129A,2,"Partial traumatic amputation at level between elbow and wrist, unspecified arm, initial encounter matches 'partial' and 'below elbow' criteria."
8870,S58919A,3,"Complete traumatic amputation of unspecified forearm, level unspecified, initial encounter matches 'complete' amputation but lacks specific level detail."
8870,S58929A,4,"Partial traumatic amputation of unspecified forearm, level unspecified, initial encounter matches 'partial' amputation but lacks specific level detail."
8870,S68419A,5,"Complete traumatic amputation of unspecified hand at wrist level, initial encounter relates to 'complete' amputation but is at a different level (wrist) rather than below elbow."
8870,S68429A,6,"Partial traumatic amputation of unspecified hand at wrist level, initial encounter relates to 'partial' amputation but is at a different level (wrist) rather than below elbow."
8870,S68719A,7,"Complete traumatic transmetacarpal amputation of unspecified hand, initial encounter relates to 'complete' amputation but is at a different level (transmetacarpal) rather than below elbow."
8870,S68729A,8,"Partial traumatic transmetacarpal amputation of unspecified hand, initial encounter relates to 'partial' amputation but is at a different level (transmetacarpal) rather than below elbow."
8872,S48119A,1,Complete traumatic amputation at level between unspecified shoulder and elbow directly corresponds to the complete amputation described in the ICD-9 code.
8872,S48019A,2,"Complete traumatic amputation at unspecified shoulder joint is relevant, as it involves the arm and is a complete amputation, but it is less specific than the previous code."
8872,S58019A,3,"Complete traumatic amputation at elbow level is a specific location of amputation but does not include the shoulder or above elbow area, thus less relevant."
8872,S48129A,4,"Partial traumatic amputation at level between unspecified shoulder and elbow is relevant but specifies a partial amputation, which is less aligned with the ICD-9 code."
8872,S58029A,5,"Partial traumatic amputation at elbow level is relevant but specifies a partial amputation, making it less aligned with the complete amputation in the ICD-9 code."
8872,S48029A,6,"Partial traumatic amputation at unspecified shoulder joint, while related to the arm, describes a partial amputation, which does not match the complete nature of the ICD-9 code."
8900,S71009A,1,"Directly corresponds to an open wound of the hip, matching the body site and specificity."
8900,S71109A,2,"Corresponds to an open wound of the thigh, also matching the body site but not the primary site of the original ICD-9 code."
8901,S71029A,1,"Laceration with foreign body, unspecified hip relates to an open wound of the hip."
8901,S71129A,2,"Laceration with foreign body, unspecified thigh relates to an open wound of the thigh."
8910,S81009A,1,"Directly corresponds to open wound of the knee, matching body site and description."
8910,S81809A,2,"Related to open wound of the lower leg, which is included in the ICD-9 description, but less specific than knee."
8910,S91009A,3,"Refers to open wound of the ankle, which is part of the ICD-9 description but is the least specific among the candidates."
8911,S81029A,1,Laceration at the knee aligns with the location of the open wound of knee.
8911,S91029A,2,Laceration at the ankle is relevant to the open wound of the ankle.
8911,S81829A,3,Laceration at the lower leg is less specific than the knee or ankle but still related.
8950,S98119A,1,Matches the description of complete traumatic amputation; specific to great toe.
8950,S98129A,2,Matches the description of partial traumatic amputation; specific to great toe.
8950,S98139A,3,Matches the description of complete traumatic amputation; specific to one lesser toe.
8950,S98149A,4,Matches the description of partial traumatic amputation; specific to one lesser toe.
8950,S98219A,5,Matches the description of complete traumatic amputation; specific to two or more lesser toes.
8950,S98229A,6,Matches the description of partial traumatic amputation; specific to two or more lesser toes.
8960,S98019A,1,Complete traumatic amputation of unspecified foot at ankle level matches the complete amputation of foot description.
8960,S98029A,2,Partial traumatic amputation of unspecified foot at ankle level matches the partial amputation of foot description.
8960,S98919A,3,"Complete traumatic amputation of unspecified foot, level unspecified is a broader match for complete amputation."
8960,S98929A,4,"Partial traumatic amputation of unspecified foot, level unspecified is a broader match for partial amputation."
8960,S98319A,5,Complete traumatic amputation of unspecified midfoot is less specific than ankle level but still relevant.
8960,S98329A,6,Partial traumatic amputation of unspecified midfoot is less specific than ankle level but still relevant.
8961,S98019A,1,"Directly matches 'complete traumatic amputation of unspecified foot at ankle level', closely related to unilateral traumatic amputation of the foot."
8961,S98029A,2,"Directly matches 'partial traumatic amputation of unspecified foot at ankle level', closely related to unilateral traumatic amputation of the foot."
8961,S98919A,3,"Matches 'complete traumatic amputation of unspecified foot, level unspecified', covers the complete amputation but lacks specificity on level."
8961,S98929A,4,"Matches 'partial traumatic amputation of unspecified foot, level unspecified', covers the partial amputation but lacks specificity on level."
8961,S98319A,5,"Matches 'complete traumatic amputation of unspecified midfoot', different location (midfoot vs. foot) makes it less specific."
8961,S98329A,6,"Matches 'partial traumatic amputation of unspecified midfoot', different location (midfoot vs. foot) makes it less specific."
8970,S88119A,1,"Complete traumatic amputation at level between knee and ankle aligns with the ICD-9 description of traumatic amputation of leg(s), unilateral, below knee."
8970,S88129A,2,Partial traumatic amputation at level between knee and ankle is relevant but less specific compared to the complete amputation described in the ICD-9 code.
8971,S88119A,1,"Complete traumatic amputation at level between knee and ankle, aligns with complete amputation below knee."
8971,S88129A,2,"Partial traumatic amputation at level between knee and ankle, matches partial amputation below knee."
8972,S78119A,1,"Complete traumatic amputation at level between unspecified hip and knee, initial encounter - directly related to the description of 'at or above knee'."
8972,S78129A,2,"Partial traumatic amputation at level between unspecified hip and knee, initial encounter - relevant as it covers partial amputation at the same level."
8972,S78919A,3,"Complete traumatic amputation of unspecified hip and thigh, level unspecified, initial encounter - relates to complete amputation of the leg but less specific than previous."
8972,S78929A,4,"Partial traumatic amputation of unspecified hip and thigh, level unspecified, initial encounter - similar reasoning as above but for partial amputation."
8972,S78019A,5,"Complete traumatic amputation at unspecified hip joint, initial encounter - relevant but focuses on hip joint rather than the leg."
8972,S78029A,6,"Partial traumatic amputation at unspecified hip joint, initial encounter - similar to S78019A but for partial amputation, still focusing on the hip."
8972,S88019A,7,"Complete traumatic amputation at knee level, unspecified lower leg, initial encounter - related but specifically at the knee level, which is below the specified level."
8972,S88029A,8,"Partial traumatic amputation at knee level, unspecified lower leg, initial encounter - similar to S88019A but for partial amputation, still below the specified level."
8973,S78119A,1,"Complete traumatic amputation at level between unspecified hip and knee is the most specific match for 'at or above knee, complicated'."
8973,S78129A,2,Partial traumatic amputation at level between unspecified hip and knee is a relevant match for 'partial' amputation at a similar anatomical level.
8973,S78019A,3,Complete traumatic amputation at unspecified hip joint is a match for 'complete' amputation but lacks specificity regarding the level.
8973,S78029A,4,Partial traumatic amputation at unspecified hip joint is a relevant match for 'partial' amputation but lacks specificity regarding the level.
8973,S88019A,5,Complete traumatic amputation at knee level is relevant but refers to a different level than 'at or above knee'.
8973,S88029A,6,Partial traumatic amputation at knee level is relevant but refers to a different level than 'at or above knee'.
90089,S158XXA,1,"specifically refers to injury of other specified blood vessels at neck level, matching the description of the ICD-9 code."
90089,S090XXA,2,describes injury of blood vessels of the head but is less specific than S158XXA as it is not limited to the neck.
90249,S35403A,1,"This code refers to an unspecified injury of the renal artery, which is a specific type of renal blood vessel."
90249,S35406A,2,"This code refers to an unspecified injury of the renal vein, which is also a specific type of renal blood vessel."
9031,S45109A,1,Directly corresponds to injury of brachial artery; matches anatomical site and type of injury.
9031,S45209A,2,Related to injury of brachial vein; matches anatomical site but is a different type of vessel.
9032,S55109A,1,"Specific to injury of radial artery at forearm level, aligns with injury to radial blood vessels."
9032,S65109A,2,"Refers to injury of radial artery at wrist and hand level, less specific to the radial blood vessels compared to forearm level."
9033,S55009A,1,"Describes an unspecified injury of the ulnar artery at the forearm level, which is directly related to the ulnar blood vessels."
9033,S65009A,2,"Describes an unspecified injury of the ulnar artery at the wrist and hand level, which is related but more distal than the injury described in the ICD-9 code."
9034,S65209A,1,"Specifically relates to injury of the superficial palmar arch, which is a part of the palmar artery system."
9034,S65309A,2,"Relates to injury of the deep palmar arch, another component of the palmar artery system, but less directly linked to 'palmar artery' than the superficial arch."
9035,S65509A,1,"Directly corresponds to an injury to blood vessels of a finger, which aligns with the description of injury to digital blood vessels."
9035,S65409A,2,"Refers to an unspecified injury of blood vessel of the thumb, which is less specific than a finger but still related to digital blood vessels."
9038,S45809A,1,"Directly corresponds to unspecified injury of blood vessels at shoulder and upper arm level, matching the body site and specificity of the upper extremity."
9038,S55809A,2,"Injury to blood vessels at forearm level is still within the upper extremity, but more distal than the shoulder and upper arm."
9038,S65809A,3,Injury to blood vessels at wrist and hand level is the most distal part of the upper extremity and is less specific to the original ICD-9 description.
9039,S45909A,1,"Directly corresponds to an unspecified injury of a blood vessel at shoulder and upper arm level, matching the upper extremity description."
9039,S55909A,2,"Corresponds to an unspecified injury of a blood vessel at forearm level, which is part of the upper extremity, but more specific than the first option."
9039,S65909A,3,"Corresponds to an unspecified injury of a blood vessel at wrist and hand level, also part of the upper extremity but more distal than the previous options."
9043,S75209A,1,Direct match to greater saphenous vein injury at hip and thigh level.
9043,S85309A,2,"Injury to greater saphenous vein but at lower leg level, still relevant."
9043,S85409A,3,"Injury to lesser saphenous vein, different vein but still related to saphenous vein injuries."
9047,S75809A,1,"Specific to injury of blood vessels at hip and thigh level, which is part of the lower extremity."
9047,S85809A,2,"Specific to injury of blood vessels at lower leg level, also part of the lower extremity."
9047,S95809A,3,"Specific to injury of blood vessels at ankle and foot level, which is included in the lower extremity."
9048,S85909A,1,"This code specifies an injury to an unspecified blood vessel at the lower leg level, which aligns with the lower extremity focus of the ICD-9 description."
9048,S75909A,2,"This code describes an unspecified injury of a blood vessel at the hip and thigh level, which is still part of the lower extremity but is less specific than the lower leg."
9048,S95902A,3,"This code specifies an injury to an unspecified blood vessel at the ankle and foot level, but it is specific to the left leg, which does not match the unspecified nature of the ICD-9 description."
9051,S22009S,1,"This code specifies an unspecified fracture of the thoracic vertebra, which is a part of the trunk. It directly relates to the late effect of a fracture in the spine and trunk."
9051,S329XXS,2,"This code pertains to fractures of the lumbosacral spine and pelvis, which are part of the trunk and spine. While not thoracic, it still relates to the spine."
9051,S129XXS,3,"This code is for a fracture of the neck, which is not directly related to the trunk or spine fractures indicated in the ICD-9 description."
9051,S229XXS,4,"This code refers to fractures of the bony thorax, which is less directly related to the spine and trunk effects mentioned in the ICD-9 description."
9052,M84429S,1,"Directly addresses a pathological fracture of the humerus, which is an upper extremity bone, indicating a late effect."
9052,M84439S,2,"Covers a pathological fracture of the ulna and radius, both of which are part of the upper extremity, indicating a late effect."
9052,S42209S,3,"Refers to an unspecified fracture of the upper end of the humerus, an upper extremity bone, indicating a late effect."
9052,S42309S,4,"Covers an unspecified fracture of the shaft of the humerus, which is part of the upper extremities, indicating a late effect."
9052,S42409S,5,"Addresses an unspecified fracture of the lower end of the humerus, relevant to the upper extremities, indicating a late effect."
9052,S4290XS,6,"Relates to a fracture of the shoulder girdle, which is part of the upper extremity, indicating a late effect."
9052,S5290XS,7,"Refers to an unspecified fracture of the forearm, which is included in upper extremity injuries, indicating a late effect."
9052,S6290XS,8,"Covers an unspecified fracture of the wrist and hand, which are parts of the upper extremities, indicating a late effect."
9053,S72009S,1,"Directly corresponds to a fracture of the neck of femur, which is the site of the original injury, and specifies it as a sequela."
9053,M84459S,2,Related to a pathological fracture of the hip but is more general and does not specify the neck of the femur.
9054,M84369S,1,"Stress fracture of tibia and fibula, lower extremity; sequela"
9054,M84376S,2,"Stress fracture of foot, lower extremity; sequela"
9054,M84469S,3,"Pathological fracture of tibia and fibula, lower extremity; sequela"
9054,M84453S,4,"Pathological fracture of femur, lower extremity; sequela"
9054,M84750S,5,"Atypical femoral fracture, lower extremity; sequela"
9054,S8290XS,6,Unspecified fracture of lower leg; sequela
9054,S79009S,7,"Unspecified physeal fracture of femur, lower extremity; sequela"
9054,S82009S,8,Unspecified fracture of patella; sequela
9054,S92819S,9,Other fracture of foot; sequela
9054,S92909S,10,Unspecified fracture of foot; sequela
9054,S92919S,11,Unspecified fracture of toe(s); sequela
9054,S99209S,12,Unspecified physeal fracture of phalanx of toe; sequela
9054,S99219S,13,Salter-Harris Type I physeal fracture of phalanx of toe; sequela
9054,S99229S,14,Salter-Harris Type II physeal fracture of phalanx of toe; sequela
9054,S99239S,15,Salter-Harris Type III physeal fracture of phalanx of toe; sequela
9054,S99249S,16,Salter-Harris Type IV physeal fracture of phalanx of toe; sequela
9054,S99299S,17,Other physeal fracture of phalanx of toe; sequela
9055,M8440XS,1,"Pathological fracture, unspecified site, sequela aligns well with the concept of a late effect from an unspecified fracture."
9055,M8448XS,2,"Pathological fracture, other site, sequela is less specific than the first option but still relevant as it relates to a late effect of a fracture."
9056,S0300XS,1,Directly matches the concept of dislocation with a late effect.
9056,S0301XS,2,"Specific to dislocation of the jaw on the right side, which is a valid side-specific sequela."
9056,S0302XS,3,"Specific to dislocation of the jaw on the left side, which is a valid side-specific sequela."
9056,S1320XS,4,Involves dislocation but pertains to the neck; still a late effect.
9056,S2320XS,5,"Involves dislocation in the thorax, which is a related area."
9056,S3330XS,6,"Involves dislocation in the lumbar spine and pelvis, still a dislocation sequela."
9056,S43306S,7,"Involves dislocation in the shoulder girdle, which is a related area."
9056,S63006S,8,Unspecified dislocation of wrist and hand; dislocation sequela but less specific.
9056,S73006S,9,Unspecified dislocation of the hip; dislocation sequela but less specific.
9056,S83006S,10,Unspecified dislocation of patella; dislocation sequela but less relevant.
9056,S83106S,11,Unspecified dislocation of the knee; dislocation sequela but less relevant.
9056,S9306XS,12,Dislocation of ankle joint; less relevant to the initial code.
9056,S93306S,13,Unspecified dislocation of foot; least relevant to the initial code.
9057,S8390XS,1,"Sprain of unspecified site of unspecified knee, sequela"
9057,S93609S,2,"Unspecified sprain of unspecified foot, sequela"
9057,S039XXS,3,"Sprain of joints and ligaments of unspecified parts of head, sequela"
9057,S139XXS,4,"Sprain of joints and ligaments of unspecified parts of neck, sequela"
9057,S239XXS,5,"Sprain of unspecified parts of thorax, sequela"
9057,S339XXS,6,"Sprain of unspecified parts of lumbar spine and pelvis, sequela"
9057,S4390XS,7,"Sprain of unspecified parts of unspecified shoulder girdle, sequela"
9057,S53499S,8,"Other sprain of unspecified elbow, sequela"
9057,S6390XS,9,"Sprain of unspecified part of unspecified wrist and hand, sequela"
9057,S73109S,10,"Unspecified sprain of unspecified hip, sequela"
9057,S76919S,11,"Strain of unspecified muscles, fascia and tendons at thigh level, unspecified thigh, sequela"
9057,S46919S,12,"Strain of unspecified muscle, fascia and tendon at shoulder and upper arm level, unspecified arm, sequela"
9057,S56919S,13,"Strain of unspecified muscles, fascia and tendons at forearm level, unspecified arm, sequela"
9057,S66919S,14,"Strain of unspecified muscle, fascia and tendon at wrist and hand level, unspecified hand, sequela"
9057,S83209S,15,"Unspecified tear of unspecified meniscus, current injury, unspecified knee, sequela"
9057,S96919S,16,"Strain of unspecified muscle and tendon at ankle and foot level, unspecified foot, sequela"
9059,S48919S,1,"Directly refers to a complete traumatic amputation at the shoulder and upper arm, aligning with the concept of a late effect of traumatic amputation."
9059,S58922S,2,"Refers to a partial traumatic amputation of the left forearm, which is a specific type of traumatic amputation and relates to the late effects."
9059,S68419S,3,"Describes a complete traumatic amputation of the hand at wrist level, which is also a relevant traumatic amputation."
9059,S78019S,4,"Covers a complete traumatic amputation at the hip joint, which is a significant site for amputation and related to the late effects."
9059,S88919S,5,"Addresses complete traumatic amputation of the lower leg, which fits under the umbrella of traumatic amputations but is less specific in relation to the provided ICD-9 code."
9060,S0190XS,1,Directly corresponds to open wound of the head as a late effect.
9060,S1190XS,2,Directly corresponds to open wound of the neck as a late effect.
9060,S2190XS,3,Corresponds to open wound of the thorax (trunk) as a late effect.
9060,S31000S,4,"Related to open wound of lower back (part of trunk), but less specific."
9060,S31109S,5,"Unspecified open wound of abdominal wall (part of trunk), but less specific."
9061,S41009S,1,synonymy - open wound of shoulder is a valid extremity site
9061,S41109S,2,synonymy - open wound of upper arm is a valid extremity site
9061,S51009S,3,synonymy - open wound of elbow is a valid extremity site
9061,S51809S,4,synonymy - open wound of forearm is a valid extremity site
9061,S61409S,5,synonymy - open wound of hand is a valid extremity site
9061,S61509S,6,synonymy - open wound of wrist is a valid extremity site
9061,S71009S,7,synonymy - open wound of hip is a valid extremity site
9061,S71109S,8,synonymy - open wound of thigh is a valid extremity site
9061,S81009S,9,synonymy - open wound of knee is a valid extremity site
9061,S81809S,10,synonymy - open wound of lower leg is a valid extremity site
9061,S91009S,11,synonymy - open wound of ankle is a valid extremity site
9062,S0090XS,1,Directly corresponds to a superficial injury with unspecified site and indicates it is a sequela.
9062,S1090XS,2,"Also a superficial injury with unspecified site, sequela, specific to the neck."
9062,S2090XS,3,"A superficial injury with unspecified site, sequela, specific to the thorax."
9062,S3091XS,4,"A superficial injury with unspecified site, sequela, specific to the lower back and pelvis."
9062,S3092XS,5,"A superficial injury with unspecified site, sequela, specific to the abdominal wall."
9062,S3096XS,6,"A superficial injury with unspecified site, sequela, specific to male external genital organs."
9062,S3097XS,7,"A superficial injury with unspecified site, sequela, specific to female external genital organs."
9062,S40919S,8,"A superficial injury with unspecified site, sequela, specific to the shoulder."
9062,S40929S,9,"A superficial injury with unspecified site, sequela, specific to the upper arm."
9062,S50909S,10,"A superficial injury with unspecified site, sequela, specific to the elbow."
9062,S50919S,11,"A superficial injury with unspecified site, sequela, specific to the forearm."
9062,S60919S,12,"A superficial injury with unspecified site, sequela, specific to the wrist."
9062,S60929S,13,"A superficial injury with unspecified site, sequela, specific to the hand."
9062,S70919S,14,"A superficial injury with unspecified site, sequela, specific to the hip."
9062,S70929S,15,"A superficial injury with unspecified site, sequela, specific to the thigh."
9062,S80919S,16,"A superficial injury with unspecified site, sequela, specific to the knee."
9062,S80929S,17,"A superficial injury with unspecified site, sequela, specific to the lower leg."
9062,S90919S,18,"A superficial injury with unspecified site, sequela, specific to the ankle."
9062,S90929S,19,"A superficial injury with unspecified site, sequela, specific to the foot."
9063,S0093XS,1,"Directly matches the description of contusion, specifically related to the head."
9063,S1093XS,2,"Matches the description of contusion, related to the neck."
9063,S2020XS,3,"Matches the description of contusion, related to the thorax."
9063,S300XXS,4,"Matches the description of contusion, related to the lower back and pelvis."
9063,S301XXS,5,"Matches the description of contusion, related to the abdominal wall."
9063,S30201S,6,"Matches the description of contusion, related to unspecified external genital organ, male."
9063,S30202S,7,"Matches the description of contusion, related to unspecified external genital organ, female."
9063,S40029S,8,"Matches the description of contusion, related to unspecified upper arm."
9063,S5000XS,9,"Matches the description of contusion, related to unspecified elbow."
9063,S5010XS,10,"Matches the description of contusion, related to unspecified forearm."
9063,S60219S,11,"Matches the description of contusion, related to unspecified wrist."
9063,S60229S,12,"Matches the description of contusion, related to unspecified hand."
9063,S7000XS,13,"Matches the description of contusion, related to unspecified hip."
9063,S7010XS,14,"Matches the description of contusion, related to unspecified thigh."
9063,S8000XS,15,"Matches the description of contusion, related to unspecified knee."
9063,S8010XS,16,"Matches the description of contusion, related to unspecified lower leg."
9063,S9000XS,17,"Matches the description of contusion, related to unspecified ankle."
9063,S9030XS,18,"Matches the description of contusion, related to unspecified foot."
9064,S079XXS,1,Crushing injury of head is a specific site and matches the general concept of a late effect of crushing.
9064,S179XXS,2,"Crushing injury of neck also matches the concept of a late effect of crushing, with a specific body site."
9064,S280XXS,3,Crushed chest relates closely to the effects of crushing injuries.
9064,S38001S,4,"Crushing injury of unspecified external genital organs, male, is relevant as it falls under the category of crushing injuries."
9064,S38002S,5,"Similar to S38001S, but for females; relevant to crushing injuries."
9064,S381XXS,6,"Crushing injury of abdomen, lower back, and pelvis relates to the concept of crushing injuries."
9064,S479XXS,7,Crushing injury of shoulder and upper arm fits within the context of crushing injuries.
9064,S5700XS,8,Crushing injury of unspecified elbow is relevant to the general concept of crushing injuries.
9064,S5780XS,9,Crushing injury of unspecified forearm also relates to crushing injuries.
9064,S6790XS,10,"Crushing injury of unspecified part(s) of wrist, hand and fingers is a relevant injury."
9064,S7700XS,11,Crushing injury of unspecified hip is relevant to the concept of crushing injuries.
9064,S7710XS,12,Crushing injury of unspecified thigh fits within the context of crushing injuries.
9064,S8700XS,13,Crushing injury of unspecified knee is relevant to the concept of crushing injuries.
9064,S8780XS,14,Crushing injury of unspecified lower leg relates to the general concept of crushing injuries.
9064,S9700XS,15,Crushing injury of unspecified ankle fits within the context of crushing injuries.
9064,S9780XS,16,Crushing injury of unspecified foot relates to the general concept of crushing injuries.
9065,T2000XS,1,"Directly corresponds to a burn of the head, face, and neck with a sequela (late effect)."
9065,T2040XS,2,"Related to corrosion, which is a different type of injury than a burn, thus less relevant."
9066,T23009S,1,"Directly relates to a burn of the hand, which is the primary site affected."
9066,T23079S,2,"Directly relates to a burn of the wrist, which is also affected, but less specific than the hand."
9066,T23409S,3,"Refers to corrosion of the hand, which is not equivalent to a burn but is a related injury type."
9066,T23479S,4,"Refers to corrosion of the wrist, which is not equivalent to a burn but is a related injury type."
9067,T2200XS,1,"This code refers to a burn of unspecified degree of the shoulder and upper limb, which aligns with the extremities mentioned in the ICD-9 description and indicates it is a sequela."
9067,T24009S,2,"This code addresses a burn of unspecified degree of an unspecified site of the lower limb, which is a different extremity than the shoulder and upper limb but still pertains to a burn as a late effect."
9067,T2240XS,3,"This code refers to corrosion, which is a different type of injury than a burn. Though it affects the upper limb, it does not match the burn context of the ICD-9 code."
9067,T24409S,4,"Similar to T24009S, this code deals with corrosion of the lower limb. However, it does not pertain to burns, making it less relevant to the ICD-9 description."
9068,T2100XS,1,"Matches the concept of 'burn' and 'sequela' related to unspecified sites, aligning closely with the late effect of burns."
9068,T2840XS,2,"Refers to 'burn of unspecified internal organ, sequela', which relates to burns but is less specific than T2100XS regarding the site."
9068,T2140XS,3,"Involves 'corrosion' rather than 'burn', but still pertains to injuries of unspecified degree and sequela, making it relevant but less direct."
9068,T2890XS,4,"References 'corrosions of unspecified internal organs, sequela', which deviates further from the concept of burns compared to the others."
9069,T2000XS,1,"Directly relates to a burn (the same injury type) and specifies it as a sequela, matching the late effect context."
9069,T2040XS,2,"Describes corrosion rather than burn; although it is a sequela, it does not match the injury type."
9072,S14109S,1,Directly corresponds to cervical spinal cord injury as a late effect.
9072,S24109S,2,"Corresponds to thoracic spinal cord injury, relevant as a late effect."
9072,S34109S,3,"Relates to lumbar spinal cord injury, applicable as a late effect."
9072,S34139S,4,"Relates to sacral spinal cord injury, applicable as a late effect."
9073,S142XXS,1,"Directly matches the description of injury to nerve root, specifically in the cervical spine."
9073,S3421XS,2,Injury of nerve root in lumbar spine is a specific location that relates to nerve root injuries.
9073,S3422XS,3,Injury of nerve root in sacral spine relates to nerve root injuries but is less common than lumbar.
9073,S242XXS,4,Injury of nerve root in thoracic spine is relevant but less directly related than cervical or lumbar.
9073,S149XXS,5,Injury of unspecified nerves of neck is somewhat related but lacks specificity about the nerve root.
9073,S249XXS,6,Injury of unspecified nerve of thorax is related but very general without specifying nerve roots.
9073,S349XXS,7,"Injury of unspecified nerves at abdomen, lower back, and pelvis level is too broad and lacks specificity."
9074,S4490XS,1,"Directly matches the shoulder girdle and upper limb site, specifically at the shoulder and upper arm level."
9074,S5490XS,2,"Refers to injury at the forearm level, which is lower than the shoulder girdle, but still relevant to upper limb; however, it is less specific."
9074,S6490XS,3,"Injury at wrist and hand level is the furthest from the shoulder girdle and upper limb context, making it the least relevant."
9075,S7490XS,1,"Directly relates to injury of unspecified nerve at hip and thigh level, which aligns with the pelvic girdle and lower limb."
9075,S8490XS,2,Injury of unspecified nerve at lower leg level is relevant to the lower limb but is less specific than the hip and thigh level.
9075,S9490XS,3,Injury of unspecified nerve at ankle and foot level is the least relevant as it pertains to a more distal part of the lower limb.
9079,S149XXS,1,"Injury of unspecified nerves of neck, sequela directly relates to unspecified nerve injuries."
9079,S249XXS,2,"Injury of unspecified nerve of thorax, sequela also relates to unspecified nerve injuries."
9079,S349XXS,3,"Injury of unspecified nerves at abdomen, lower back and pelvis level, sequela is relevant as it describes unspecified nerves."
9079,S4490XS,4,"Injury of unspecified nerve at shoulder and upper arm level, unspecified arm, sequela pertains to an area where unspecified nerves can be affected."
9079,S5490XS,5,"Injury of unspecified nerve at forearm level, unspecified arm, sequela is applicable to unspecified nerve injuries."
9079,S6490XS,6,"Injury of unspecified nerve at wrist and hand level of unspecified arm, sequela is relevant to unspecified nerve injuries."
9079,S7490XS,7,"Injury of unspecified nerve at hip and thigh level, unspecified leg, sequela is related to unspecified nerve injuries."
9079,S8490XS,8,"Injury of unspecified nerve at lower leg level, unspecified leg, sequela is pertinent to unspecified nerve injuries."
9079,S9490XS,9,"Injury of unspecified nerve at ankle and foot level, unspecified leg, sequela is related to unspecified nerve injuries."
9080,S279XXS,1,"This code directly relates to an injury of an unspecified intrathoracic organ, which aligns with the concept of internal injury to the chest and indicates that it is a sequela, matching the late effect aspect."
9080,S2699XS,2,"While this code refers to an injury of the heart, it is more specific and does not encompass all internal injuries to the chest. It is a less suitable match compared to the broader S279XXS."
9083,S090XXS,1,Directly matches the injury to blood vessels of the head as a late effect.
9083,S159XXS,2,Injury of unspecified blood vessel at neck level aligns with neck involvement in the original diagnosis.
9083,S45909S,3,"Injury of blood vessels at shoulder and upper arm level is related to extremities, though less specific."
9083,S55909S,4,"Injury of blood vessels at forearm level is related to extremities, but more distal than shoulder."
9083,S65909S,5,"Injury of blood vessels at wrist and hand level is the most distal in the arm, still related to extremities."
9083,S75909S,6,"Injury of blood vessels at hip and thigh level represents an injury to the leg, but is less relevant than upper extremities."
9083,S85909S,7,Injury of blood vessels at lower leg level is related to the leg but is a more distal location.
9083,S95909S,8,"Injury of blood vessels at ankle and foot level is the least relevant to the original diagnosis, which focuses on head, neck, and extremities."
9084,S2590XS,1,"Directly relates to injury of blood vessel in thorax, matching the body site and late effect context."
9084,S3590XS,2,"Related to injury of blood vessel in the abdomen and pelvis, but not as specific to thorax as S2590XS."
9089,T07XXXS,1,Best match for unspecified injury with sequela across multiple body sites.
9089,S0990XS,2,"Specific to head injury, but still unspecified injury sequela."
9089,S169XXS,3,"Specific to neck injury, but still unspecified injury sequela."
9089,S299XXS,4,"Specific to thoracic injury, but still unspecified injury sequela."
9089,S3991XS,5,"Specific to abdominal injury, but still unspecified injury sequela."
9089,S3992XS,6,"Specific to lower back injury, but still unspecified injury sequela."
9089,S3993XS,7,"Specific to pelvic injury, but still unspecified injury sequela."
9089,S3994XS,8,"Specific to external genital injury, but still unspecified injury sequela."
9089,S4990XS,9,"Specific to shoulder and upper arm injury, but still unspecified injury sequela."
9089,S59909S,10,"Specific to elbow injury, but still unspecified injury sequela."
9089,S6990XS,11,"Specific to wrist and hand injury, but still unspecified injury sequela."
9089,S79919S,12,"Specific to hip injury, but still unspecified injury sequela."
9089,S79929S,13,"Specific to thigh injury, but still unspecified injury sequela."
9089,S8990XS,14,"Specific to lower leg injury, but still unspecified injury sequela."
9089,S99919S,15,"Specific to ankle injury, but still unspecified injury sequela."
9089,S99929S,16,"Specific to foot injury, but still unspecified injury sequela."
9091,T6594XS,1,Closest match with 'undetermined' aligns with 'nonmedical substances' as the specific substance is not defined.
9091,T6591XS,2,Accidental (unintentional) aligns with the concept of late effects but lacks specificity regarding intent.
9091,T6592XS,3,Intentional self-harm is a specific case that does not broadly represent the nonmedical substances context.
9091,T6593XS,4,Assault is unrelated to the concept of nonmedical substances as a late effect.
9093,T889XXS,1,"This code directly corresponds to complications of surgical and medical care as an unspecified sequela, making it a strong match."
9093,T82855S,2,"This code represents a specific complication (stenosis of coronary artery stent) which can be considered a complication of surgical care, but is more specific than the ICD-9 description."
9093,T82856S,3,"Similar to T82855S, this code is a specific complication (stenosis of peripheral vascular stent) and is also more specific than the general ICD-9 description."
9095,T50905S,1,"Directly relates to the adverse effect of unspecified drugs, with a focus on sequela, matching the late effect context."
9095,T887XXS,2,"Describes an unspecified adverse effect of a drug, but lacks the specificity of being related to a sequela of a known adverse effect."
9100,S0001XA,1,Directly matches the site of the abrasion (scalp) and indicates initial encounter.
9100,S0091XA,2,"Covers unspecified part of head, which is a broader category including the scalp."
9100,S1091XA,3,"Matches unspecified part of neck, relevant to the original description."
9100,S1011XA,4,"Specifically refers to throat, which is part of the neck area."
9100,S0031XA,5,"Refers to abrasion of the nose, which is part of the face."
9100,S00511A,6,"Refers to abrasion of the lip, which is part of the face."
9100,S00512A,7,"Refers to abrasion of the oral cavity, which is part of the face."
9100,S00419A,8,"Refers to unspecified ear, which does not relate closely to the face, neck, or scalp."
9102,S0002XA,1,"Directly corresponds to blister of scalp, which is included in the ICD-9 description."
9102,S1092XA,2,"Refers to blister of unspecified part of neck, closely related to the neck area mentioned in the ICD-9 description."
9102,S0032XA,3,"Refers to blister of the nose, which is part of the face and relevant to the ICD-9 description."
9102,S0092XA,4,"Refers to blister of unspecified part of head, which includes the face and scalp."
9102,S00521A,5,"Refers to blister of the lip, which is a specific part of the face."
9102,S00522A,6,"Refers to blister of the oral cavity, which is part of the face but less directly related than other options."
9102,S1012XA,7,"Refers to blister of the throat, which is not explicitly mentioned in the ICD-9 description but is somewhat related to the neck."
9102,S00429A,8,"Refers to blister of unspecified ear, which is not related to the face, neck, or scalp."
9104,S0006XA,1,"Direct match for insect bite (nonvenomous) of scalp, which is included in the ICD-9 description."
9104,S0036XA,2,"Relevant as it specifies insect bite (nonvenomous) of the nose, which is part of the facial area."
9104,S00561A,3,"Relevant as it specifies insect bite (nonvenomous) of the lip, which is also part of the facial area."
9104,S1016XA,4,"Relevant as it specifies insect bite (nonvenomous) of the throat, which is closely associated with the neck."
9104,S1096XA,5,"Relevant as it specifies insect bite (nonvenomous) of unspecified part of neck, aligning with the neck aspect of the description."
9104,S00469A,6,"Less specific as it refers to unspecified ear, which is not directly mentioned in the ICD-9 description."
9104,S0096XA,7,"Generalized to unspecified part of head, which lacks specificity compared to other options listed."
9106,S0005XA,1,Directly matches the site (scalp) and type of injury (superficial foreign body).
9106,S1095XA,2,"Refers to superficial foreign body of neck, a relevant site included in the ICD-9 description."
9106,S0035XA,3,"Refers to superficial foreign body of nose, which is a facial area relevant to the ICD-9 description."
9106,S00551A,4,"Refers to superficial foreign body of lip, which is part of the face, relevant to the ICD-9 description."
9106,S00552A,5,"Refers to superficial foreign body of oral cavity, relevant to the facial area of the ICD-9 description."
9106,S0095XA,6,"Refers to superficial foreign body of unspecified part of head, which includes scalp and face, relevant to ICD-9."
9106,S00459A,7,"Refers to superficial foreign body of unspecified ear, not directly relevant to face, neck, or scalp."
9106,S1015XA,8,"Refers to superficial foreign body of throat, less relevant to the face, neck, and scalp."
9108,S0090XA,1,"Covers unspecified superficial injury of the head, which aligns with 'face, neck, and scalp'."
9108,S0000XA,2,"Specifically refers to scalp injuries, directly related to the scalp part of the ICD-9 description."
9108,S1080XA,3,"Refers to unspecified superficial injury of other specified part of neck, relevant to neck injuries."
9108,S1010XA,4,"Pertains to unspecified superficial injuries of the throat, which is part of the neck region."
9108,S0030XA,5,"Specifically related to the nose, which is part of the face."
9108,S00501A,6,"Refers to superficial injury of the lip, relevant to facial injuries."
9108,S00502A,7,"Covers injury of the oral cavity, which is part of the facial region."
9108,S00409A,8,"Involves unspecified ear injury, which is less directly related to the face, neck, and scalp description."
9110,S2091XA,1,Abrasion of unspecified parts of thorax matches the trunk description.
9110,S30811A,2,Abrasion of abdominal wall is part of the trunk area.
9110,S30810A,3,Abrasion of lower back and pelvis is still considered part of the trunk.
9110,S20119A,4,Abrasion of breast is a specific part of the trunk but is less general than unspecified thorax.
9110,S30815A,5,"Abrasion of unspecified external genital organs, male does not relate to trunk."
9110,S30816A,6,"Abrasion of unspecified external genital organs, female does not relate to trunk."
9110,S30817A,7,Abrasion of anus does not relate to trunk.
9112,S2092XA,1,"This code specifically refers to a blister of unspecified parts of the thorax, which aligns closely with the trunk description in the ICD-9 code."
9112,S30821A,2,"This code refers to a blister of the abdominal wall, which is part of the trunk, making it a relevant choice."
9112,S30820A,3,"This code pertains to a blister of the lower back and pelvis, which is also part of the trunk area but is more specific to the lower region."
9112,S20129A,4,"This code describes a blister of the breast, which is anatomically part of the trunk, but it is more specific to the breast rather than the trunk as a whole."
9112,S30825A,5,"This code pertains to blisters of the male external genital organs, which does not relate to the trunk and is less relevant."
9112,S30826A,6,"Similar to S30825A, this code refers to blisters of the female external genital organs, which is not relevant to the trunk."
9112,S30827A,7,"This code refers to a blister of the anus, which is not related to the trunk and is the least relevant option."
9114,S2096XA,1,"This code refers to an insect bite (nonvenomous) of unspecified parts of the thorax, which is a broader category that includes the trunk."
9114,S20169A,2,"This code specifies an insect bite (nonvenomous) of the breast, which is part of the trunk, but is more specific than the trunk as a whole."
9114,S30861A,3,"This code pertains to an insect bite (nonvenomous) of the abdominal wall, which is part of the trunk area."
9114,S30860A,4,"This code describes an insect bite (nonvenomous) of the lower back and pelvis, which is also part of the trunk region."
9114,S30865A,5,"This code indicates an insect bite (nonvenomous) of unspecified external genital organs, male; while related to the trunk, it is less relevant."
9114,S30866A,6,"This code indicates an insect bite (nonvenomous) of unspecified external genital organs, female; similar to S30865A, it is less relevant to trunk."
9114,S30867A,7,"This code refers to an insect bite (nonvenomous) of the anus, which is less relevant to the trunk and not a direct match."
9116,S2095XA,1,Closest match to the trunk area (thorax) and specifies superficial foreign body.
9116,S30851A,2,"Refers to the abdominal wall, which is part of the trunk."
9116,S30850A,3,"Refers to the lower back and pelvis, also part of the trunk."
9116,S20159A,4,"Specifies the breast, which is part of the trunk but more specific than required."
9116,S30855A,5,"Refers to external genital organs, not applicable to trunk."
9116,S30856A,6,"Refers to external genital organs, not applicable to trunk."
9116,S30857A,7,"Refers to the anus, which is not part of the trunk."
9118,S2090XA,1,Unspecified superficial injury of unspecified parts of thorax aligns well with 'trunk' and general injury context.
9118,S20109A,2,"Unspecified superficial injuries of breast is a specific body site within the trunk, though not as general as thorax."
9118,S3092XA,3,Unspecified superficial injury of abdominal wall is relevant as it is part of the trunk.
9118,S3091XA,4,Unspecified superficial injury of lower back and pelvis is part of the trunk but is more specific than general trunk injuries.
9118,S3096XA,5,"Unspecified superficial injury of unspecified external genital organs, male is not directly related to trunk injuries."
9118,S3097XA,6,"Unspecified superficial injury of unspecified external genital organs, female is not related to trunk injuries."
9118,S3098XA,7,Unspecified superficial injury of anus is not relevant to trunk injuries.
9120,S40219A,1,"Directly matches 'abrasion of unspecified shoulder', aligning with the ICD-9 description of abrasion of shoulder."
9120,S40819A,2,"Matches 'abrasion of unspecified upper arm', which relates to the upper arm component of the ICD-9 description."
9122,S40229A,1,"Directly corresponds to a blister of the shoulder, matching the body site and description."
9122,S40829A,2,"Corresponds to a blister of the upper arm, also matching the body site but is less specific than the shoulder."
9124,S40269A,1,"Direct match to insect bite (nonvenomous) of shoulder, though unspecified."
9124,S40869A,2,"Direct match to insect bite (nonvenomous) of upper arm, though unspecified."
9126,S40259A,1,"Directly corresponds to the shoulder, which is part of the description in the ICD-9 code."
9126,S40859A,2,"Corresponds to the upper arm, but less specific than the shoulder, which is prioritized in the ICD-9 description."
9128,S40919A,1,synonymy with 'superficial injury of shoulder'
9128,S40929A,2,synonymy with 'superficial injury of upper arm'
9130,S50319A,1,"Directly correlates with the elbow location and describes an abrasion, matching the ICD-9 description."
9130,S50819A,2,"Pertains to the forearm, which is included in the ICD-9 description; describes an abrasion."
9130,S60819A,3,"Relates to the wrist, also included in the ICD-9 description; describes an abrasion."
9132,S50329A,1,"Directly corresponds to blister of the elbow, matches body site and condition."
9132,S50829A,2,"Directly corresponds to blister of the forearm, matches body site and condition."
9132,S60829A,3,"Directly corresponds to blister of the wrist, matches body site and condition."
9134,S50369A,1,"Directly corresponds to insect bite (nonvenomous) of the elbow, matching the specific body site."
9134,S50869A,2,"Corresponds to insect bite (nonvenomous) of the forearm, a related body site but not the primary site in the ICD-9 description."
9134,S60869A,3,"Corresponds to insect bite (nonvenomous) of the wrist, another related body site but not the primary site in the ICD-9 description."
9136,S50359A,1,Directly matches the body site (elbow) and type of injury (superficial foreign body) described in the ICD-9 code.
9136,S50859A,2,"Related body site (forearm) and type of injury (superficial foreign body), but not as specific as the elbow."
9136,S60859A,3,"Related body site (wrist) and type of injury (superficial foreign body), but not as specific as the elbow or forearm."
9138,S50909A,1,"This code refers specifically to a superficial injury of the elbow, which is directly relevant to the ICD-9 description."
9138,S50919A,2,"This code pertains to a superficial injury of the forearm, which is included in the broader description of the ICD-9 code."
9138,S60919A,3,"This code is related to the wrist, which is part of the area described in the ICD-9 code, but is less relevant than the elbow and forearm."
9150,S60419A,1,"Specific to abrasion of finger, aligns with the description of the ICD-9 code."
9150,S60319A,2,"Describes abrasion of thumb, which is not directly related to the finger(s) specified in the ICD-9 code."
9152,S60429A,1,Directly corresponds to blister of finger(s) and maintains the same body site and context of being nonthermal.
9152,S60329A,2,"While it refers to a blister, it specifies the thumb, which is not included in the original ICD-9 description that refers to fingers."
9156,S60459A,1,Directly corresponds to superficial foreign body of finger(s) as described in the ICD-9 code.
9156,S60359A,2,"Refers to a superficial foreign body of the thumb, which is a specific body part but does not encompass all finger(s)."
9158,S60949A,1,"This code specifies an unspecified superficial injury of an unspecified finger, which closely aligns with the ICD-9 description of superficial injury of fingers."
9158,S60939A,2,"This code refers to an unspecified superficial injury of the thumb, which is a specific body part but not as closely related to the general term 'fingers' as the first candidate."
9160,S70219A,1,"Specific to abrasion of the hip, matches body site."
9160,S70319A,2,"Specific to abrasion of the thigh, matches body site."
9160,S80819A,3,"Specific to abrasion of the lower leg, matches body site."
9160,S90519A,4,"Specific to abrasion of the ankle, matches body site."
9162,S70229A,1,Specificity to the hip; directly matches the body site.
9162,S70329A,2,Specificity to the thigh; directly matches the body site.
9162,S80829A,3,Specificity to the lower leg; matches body site but is further down the leg.
9162,S90529A,4,Specificity to the ankle; matches body site but is the furthest from the hip/thigh.
9164,S70269A,1,"Specific to hip, which is included in the ICD-9 description."
9164,S70369A,2,"Specific to thigh, which is included in the ICD-9 description."
9164,S80869A,3,"Specific to lower leg, which is included in the ICD-9 description."
9164,S90569A,4,"Specific to ankle, which is included in the ICD-9 description."
9168,S70919A,1,"Directly corresponds to 'superficial injury of hip', matching both body site and specificity."
9168,S70929A,2,"Corresponds to 'superficial injury of thigh', matching body site but not as closely related to the original code as hip."
9168,S80929A,3,"Corresponds to 'superficial injury of lower leg', which is part of the general area covered by the ICD-9 code."
9168,S90919A,4,"Corresponds to 'superficial injury of ankle', which is also part of the general area but is more specific than the original code."
9170,S90819A,1,"This code covers 'abrasion' of the 'unspecified foot', which aligns well with the ICD-9 description of an abrasion or friction burn of the foot."
9170,S90413A,2,"This code specifies 'abrasion' of the 'great toe', which is a specific location within the foot, making it a relevant match to the ICD-9 description."
9170,S90416A,3,"This code specifies 'abrasion' of the 'lesser toe(s)', which is also a specific location within the foot, but is less general than the foot itself. However, it still matches the description."
9172,S90829A,1,"Best match as it refers to a blister on the unspecified foot, aligning with the ICD-9 description of a blister of foot."
9172,S90423A,2,"Matches the great toe specifically, making it a relevant choice, but less general than the foot."
9172,S90426A,3,"Refers to lesser toes, which is more specific but less comprehensive compared to the foot as a whole."
9176,S90859A,1,"Broadest match to the foot, encompassing both great and lesser toes."
9176,S90453A,2,"Specific to the great toe, which is a part of the foot."
9176,S90456A,3,"Specific to lesser toes, but not as comprehensive as S90859A."
9178,S90929A,1,"Broadest match to 'unspecified superficial injury of foot', aligning with the general description of the ICD-9 code."
9178,S90933A,2,"Specific match to 'unspecified superficial injury of unspecified great toe', which is a specific site within the foot."
9178,S90936A,3,"Specific match to 'unspecified superficial injury of unspecified lesser toe(s)', which is also a specific site within the foot."
9180,S00202A,1,"Directly matches the description of a superficial injury of the eyelid and periocular area, specifying the left side."
9180,S00219A,2,"Describes an abrasion, which is a type of superficial injury, applicable to the eyelid and periocular area."
9180,S00259A,3,"Refers to a superficial foreign body in the eyelid and periocular area, which aligns with the concept of a superficial injury."
9180,S00269A,4,"Involves an insect bite to the eyelid and periocular area, which is a superficial injury, but less directly related than others."
920,S1093XA,1,"This code specifically addresses contusion of the neck, which is part of the original ICD-9 description."
920,S0093XA,2,"This code refers to a contusion of an unspecified part of the head, which is broader than the original description but still related."
9224,S30201A,1,Directly corresponds to contusion of male external genital organ.
9224,S30202A,2,Directly corresponds to contusion of female external genital organ.
9233,S6000XA,1,Direct match for contusion of unspecified finger without damage to nail.
9233,S6010XA,2,Contusion of unspecified finger with damage to nail is relevant but less specific than the first option.
9233,S60019A,3,"Contusion of unspecified thumb is a different body site, making it less relevant."
9243,S90119A,1,"Specific to contusion of the great toe, similar in injury type and context."
9243,S90129A,2,"Specifically refers to contusion of lesser toes, aligns with the injury type."
9243,S90229A,3,"Contusion of lesser toes but includes damage to nail, less aligned with the original diagnosis."
9251,S070XXA,1,Direct match in specificity and body site as it refers to a crushing injury of the face.
9251,S078XXA,2,"Related to crushing injury of the head but specifies 'other parts', making it less specific than the first code."
9273,S6710XA,1,"Directly corresponds to 'Crushing injury of unspecified finger(s)', matches both the injury type and site."
9273,S6700XA,2,"Involves a crushing injury but specifies the thumb, which is not part of the original diagnosis focused on fingers."
9300,T1501XA,1,Specificity for right eye aligns with the description of corneal foreign body.
9300,T1502XA,2,Specificity for left eye aligns with the description of corneal foreign body.
9300,T1500XA,3,Unspecified eye but still directly refers to a foreign body in the cornea.
9301,T1511XA,1,Specificity to right eye aligns with the diagnosis of foreign body in conjunctival sac.
9301,T1512XA,2,Specificity to left eye aligns with the diagnosis of foreign body in conjunctival sac.
9301,T1510XA,3,"Unspecified eye is less specific than the left or right eye, but still relevant to the diagnosis."
9308,T1580XA,1,"Matches the description of foreign body in multiple parts of external eye, unspecified eye."
9308,T1581XA,2,"Specific to the right eye, which is a valid laterality distinction for a foreign body in external eye."
9308,T1582XA,3,"Specific to the left eye, which is a valid laterality distinction for a foreign body in external eye."
9309,T1590XA,1,Matches the description of a foreign body in an unspecified site on the external eye.
9309,T1591XA,2,"Specifically refers to the right eye, which is a valid specification of the location but not as broad as the unspecified code."
9309,T1592XA,3,"Specifically refers to the left eye, which is a valid specification of the location but not as broad as the unspecified code."
931,T161XXA,1,specificity in laterality - right ear
931,T162XXA,2,specificity in laterality - left ear
931,T169XXA,3,non-specific - unspecified ear
932,T171XXA,1,"Directly describes a foreign body in the nostril, which is synonymous with the nose."
932,T170XXA,2,"Describes a foreign body in the nasal sinus, which is related but more specific to the sinus rather than the external nose."
9330,T17200A,1,Direct match for unspecified foreign body in pharynx.
9330,T17208A,2,"Matches the concept of foreign body in pharynx, with other injury."
9330,T17290A,3,"Other foreign object in pharynx, related to foreign body."
9330,T17298A,4,"Other foreign object in pharynx causing other injury, related to foreign body."
9330,T17220A,5,Food in pharynx causing asphyxiation; closely related to foreign body.
9330,T17228A,6,Food in pharynx causing other injury; closely related to foreign body.
9330,T17210A,7,Gastric contents in pharynx causing asphyxiation; somewhat related but less specific.
9330,T17218A,8,Gastric contents in pharynx causing other injury; somewhat related but less specific.
9331,T17300A,1,Direct match to 'foreign body in larynx' with unspecified details.
9331,T17390A,2,"Refers to 'other foreign object in larynx', closely related to foreign body."
9331,T17308A,3,"Unspecified foreign body causing injury, related to the original diagnosis."
9331,T17398A,4,"Other foreign object causing other injury, still relevant to the concept of foreign body."
9331,T17320A,5,"Specific to 'food in larynx', a type of foreign body, causing asphyxiation."
9331,T17328A,6,"Specific to 'food in larynx', causing other injury, relevant but less direct."
9331,T17310A,7,"Specific to gastric contents causing asphyxiation, less relevant than direct foreign body codes."
9331,T17318A,8,"Specific to gastric contents causing other injury, no_good_match as it deviates from the concept of a foreign body."
9340,T17400A,1,"Unspecified foreign body in trachea, matches the description of foreign body in trachea."
9340,T17490A,2,"Other foreign object in trachea, closely related to foreign body in trachea."
9340,T17408A,3,"Unspecified foreign body in trachea causing other injury, still relates to a foreign body."
9340,T17420A,4,"Food in trachea causing asphyxiation, food is a type of foreign body."
9340,T17428A,5,"Food in trachea causing other injury, still relates to a type of foreign body."
9340,T17410A,6,"Gastric contents in trachea causing asphyxiation, relates but is more specific to gastric contents."
9340,T17418A,7,"Gastric contents in trachea causing other injury, relates but specific to gastric contents."
9340,T17498A,8,"Other foreign object in trachea causing other injury, while related, it is less specific than T17400A."
9341,T17500A,1,Unspecified foreign body in bronchus aligns closely with 'foreign body in main bronchus'.
9341,T17508A,2,"Unspecified foreign body in bronchus causing other injury is a close match, only differing in the type of injury."
9341,T17590A,3,"Other foreign object in bronchus causing asphyxiation is relevant, though less specific than unspecified foreign body."
9341,T17598A,4,Other foreign object in bronchus causing other injury matches the context but is less specific than the previous codes.
9341,T17520A,5,"Food in bronchus causing asphyxiation is a specific type of foreign body, relevant but not a direct match."
9341,T17528A,6,Food in bronchus causing other injury is relevant but less specific than the previous food-related code.
9341,T17510A,7,Gastric contents in bronchus causing asphyxiation is a specific case but not a direct match to the foreign body description.
9341,T17518A,8,Gastric contents in bronchus causing other injury is the least relevant as it specifies gastric contents rather than a general foreign body.
9348,T17800A,1,Unspecified foreign body in other parts of respiratory tract aligns closely with the ICD-9 description.
9348,T17808A,2,Unspecified foreign body in other parts of respiratory tract causing other injury is relevant but less specific than asphyxiation.
9348,T17890A,3,Other foreign object in other parts of respiratory tract causing asphyxiation is related to foreign bodies but not explicitly stated in ICD-9.
9348,T17898A,4,Other foreign object in other parts of respiratory tract causing other injury is relevant but less specific than asphyxiation.
9348,T17810A,5,Gastric contents in other parts of respiratory tract causing asphyxiation is a specific type of foreign body but not directly related to the ICD-9 description.
9348,T17818A,6,Gastric contents in other parts of respiratory tract causing other injury is related but not a direct match.
9348,T17820A,7,Food in other parts of respiratory tract causing asphyxiation is another specific type of foreign body but not directly relevant.
9348,T17828A,8,Food in other parts of respiratory tract causing other injury is less relevant due to specificity.
9349,T17900A,1,"Directly matches the concept of 'foreign body in respiratory tract' and specifies asphyxiation, which is a common consequence."
9349,T17908A,2,Also matches 'foreign body in respiratory tract' but specifies causing other injury instead of asphyxiation.
9349,T17990A,3,"Covers 'other foreign object in respiratory tract', which is a broader category but still relevant to the concept of a foreign body."
9349,T17998A,4,"Similar to T17990A, but specifies causing other injury; still relevant to foreign objects."
9349,T17920A,5,"Specifically refers to food in the respiratory tract, which is a type of foreign body; however, it's more specific than the original diagnosis."
9349,T17928A,6,"Like T17920A, it specifies food causing other injury; it is more specific but still related."
9349,T17910A,7,"Gastric contents are not classified as a foreign body; therefore, it is less relevant."
9349,T17918A,8,Similar to T17910A; gastric contents are not a foreign body and thus do not match the original diagnosis.
9351,T18100A,1,Direct match to 'foreign body in esophagus' with specificity regarding causing compression of trachea.
9351,T18108A,2,Direct match to 'foreign body in esophagus' with specificity regarding causing other injury.
9351,T18190A,3,"Related to foreign object in esophagus, but not specifically defined as a foreign body."
9351,T18198A,4,Related to other foreign object in esophagus causing other injury; less specific than the direct foreign body codes.
9351,T18120A,5,Food in esophagus causing compression; somewhat related but not a foreign body.
9351,T18128A,6,Food in esophagus causing other injury; somewhat related but not a foreign body.
9351,T18110A,7,Gastric contents in esophagus causing compression; relates to contents rather than a foreign body.
9351,T18118A,8,Gastric contents in esophagus causing other injury; relates to contents rather than a foreign body.
936,T184XXA,1,"Direct match for foreign body in colon, aligns with the ICD-9 description."
936,T183XXA,2,"Related to foreign body in intestine but specifies small intestine, which is not a direct match for the general term 'intestine and colon'."
938,T189XXA,1,"This code specifically addresses a foreign body in the alimentary tract with an unspecified part, closely aligning with the ICD-9 description."
938,T188XXA,2,"While this code refers to a foreign body in the alimentary tract, it specifies 'other parts,' which may not directly correspond to the unspecified nature of the ICD-9 description."
9390,T191XXA,1,"Directly corresponds to foreign body in the bladder, matching the ICD-9 description."
9390,T190XXA,2,"Corresponds to foreign body in the urethra, which is related but not the primary site described in the ICD-9 code."
94100,T2000XA,1,"Directly corresponds to a burn of unspecified degree of head and face, matching the description."
94100,T2040XA,2,No good match; describes corrosion rather than burn.
94103,T2002XA,1,Direct match to the diagnosis of burn of unspecified degree of lip(s) with the same specificity and laterality.
94103,T2042XA,2,"Corrosion is not synonymous with burn; therefore, this code is not a good match."
94108,T2007XA,1,Directly matches the description of a burn of unspecified degree of neck.
94108,T2047XA,2,"While it pertains to the neck, it refers to corrosion, which is not a synonym for burn."
94111,T20119A,1,Synonymous description with 'first degree burn' directly matching the condition of 'erythema' of the ear.
94111,T20519A,2,"Describes 'corrosion' which is not synonymous with 'erythema', hence a less accurate match."
94116,T2015XA,1,"Directly matches the diagnosis of first degree burn of the scalp, which aligns with the ICD-9 description."
94116,T2055XA,2,"While it mentions first degree corrosion, it is not a synonym for erythema and does not match the concept of a burn."
94120,T2020XA,1,"This code directly relates to second degree burns of the face and head, matching the description of epidermal loss."
94120,T2060XA,2,"While this code refers to corrosion, it is still a second degree injury to the head and face, but is less specific to blisters."
94126,T2025XA,1,"The description directly corresponds to a second-degree burn of the scalp, which aligns closely with the ICD-9 description of second-degree blisters and epidermal loss."
94126,T2065XA,2,"Although this code refers to corrosion, it indicates second-degree damage to the scalp, but is less specific to the blistering aspect compared to the burn code."
94127,T2026XA,1,Burn of second degree of forehead and cheek directly corresponds to the description of second degree epidermal loss.
94127,T2066XA,2,Corrosion of second degree of forehead and cheek is related but not synonymous with blisters or epidermal loss.
94201,T2101XA,1,Synonymy with 'burn of unspecified degree' and correct body site (chest wall).
94201,T2141XA,2,no_good_match
94203,T2102XA,1,This code directly matches the description of a burn of unspecified degree of the abdominal wall.
94203,T2142XA,2,"This code describes corrosion of the abdominal wall, which is not synonymous with a burn; thus, it is a no good match."
94204,T2103XA,1,directly matches 'Burn of unspecified degree of upper back' which is a specific localization of the original diagnosis.
94204,T2143XA,2,no_good_match
94205,T2106XA,1,Direct match for burn of unspecified degree in male genital region.
94205,T2107XA,2,Direct match for burn of unspecified degree in female genital region.
94205,T2146XA,3,"Similar body site but refers to corrosion, which is not a burn."
94205,T2147XA,4,"Similar body site but refers to corrosion, which is not a burn."
94209,T2109XA,1,"This code directly corresponds to a burn of unspecified degree on the trunk, matching the description of the ICD-9 code."
94209,T2149XA,2,"This code refers to corrosion, which is a different type of injury than a burn; thus, it does not match the original diagnosis."
94212,T2111XA,1,"Directly corresponds to first degree burn of the chest wall, matching the description in ICD-9."
94212,T2151XA,2,"Describes corrosion, which is not synonymous with erythema or burn, making it a less appropriate match."
94213,T2112XA,1,Directly matches the diagnosis of first degree burn of the abdominal wall.
94213,T2152XA,2,"While it mentions first degree and abdominal wall, 'corrosion' is not synonymous with 'erythema' or 'burn', making it less relevant."
94214,T2113XA,1,"This code directly corresponds to a first-degree burn of the upper back, matching both the severity and body site specified in the ICD-9 description."
94214,T2153XA,2,"While this code describes a first-degree corrosion, it is not a direct match for erythema and represents a different type of injury, making it less relevant."
94215,T2116XA,1,"Directly matches first degree burn of male genital region, specific to gender."
94215,T2117XA,2,"Directly matches first degree burn of female genital region, specific to gender."
94215,T2156XA,3,"Corrosion is a different type of injury than burn, but still refers to first degree injury of male genital region."
94215,T2157XA,4,"Corrosion is a different type of injury than burn, but still refers to first degree injury of female genital region."
94221,T2121XA,1,"This code describes a second-degree burn of the chest wall, which is closely related to the concept of epidermal loss, as seen in the ICD-9 description."
94221,T2161XA,2,"This code describes corrosion of the chest wall, which is less specific than a burn and does not directly correlate with the epidermal loss described in the ICD-9 code."
94222,T2121XA,1,"This code directly corresponds to a second degree burn of the chest wall, which aligns closely with the description of epidermal loss in the ICD-9 code."
94222,T2161XA,2,"This code refers to corrosion of second degree on the chest wall, which is less specific than a burn and does not match the epidermal loss terminology as closely."
94223,T2122XA,1,"Directly describes a second degree burn of the abdominal wall, matching the body site and degree of injury."
94223,T2162XA,2,"Describes a second degree corrosion of the abdominal wall, which is less specific than a burn but still relates to a similar level of epidermal damage."
94224,T2123XA,1,"Directly matches the condition of second-degree burns specifically on the upper back, aligning closely with the description of epidermal loss."
94224,T2163XA,2,"While it involves corrosion and not a burn, it is still a second-degree injury affecting the upper back; however, it does not match the specific nature of blisters as well as the first code."
94229,T2129XA,1,"Burn of second degree of other site of trunk is a direct match for second degree epidermal loss, matching the description of blisters."
94229,T2169XA,2,Corrosion of second degree of other site of trunk may imply skin damage similar to blisters but is not a direct synonym and refers to a different mechanism of injury.
94231,T2131XA,1,"This code describes a third-degree burn of the chest wall, which aligns closely with the full-thickness skin loss indicated in the ICD-9 description."
94231,T2171XA,2,"This code refers to a third-degree corrosion of the chest wall, which is a type of skin loss but is less specific than a burn, making it a less suitable match."
94232,T2131XA,1,"This code specifically describes a third degree burn of the chest wall, which closely matches the description of full-thickness skin loss."
94232,T2171XA,2,"While this code describes a third degree corrosion of the chest wall, it is less specific than the burn code and does not directly equate to full-thickness skin loss."
94233,T2132XA,1,"Directly corresponds to third degree burn of abdominal wall, matching both severity and location."
94233,T2172XA,2,"Also describes third degree injury to abdominal wall but specifies corrosion, which is a different mechanism than the unspecified full-thickness skin loss."
94234,T2133XA,1,"Directly matches the description of third degree burn of the upper back, aligning with full-thickness skin loss."
94234,T2173XA,2,"Describes a third degree corrosion of the upper back, which may imply skin loss, but is less specific than a burn."
94239,T2139XA,1,"Directly corresponds to third degree burn of other site of trunk, which aligns well with full-thickness skin loss."
94239,T2179XA,2,"While it refers to corrosion of the trunk, the concept of third degree injury and skin loss is relevant, but it's less specific than a burn."
94301,T22019A,1,Exact match in terms of diagnosis type (burn) and body site (forearm) with the correct degree of specificity.
94301,T22419A,2,No good match due to the diagnosis being corrosion rather than a burn.
94302,T22029A,1,"Direct match for burn of unspecified degree at the elbow, maintaining site and degree specificity."
94302,T22429A,2,"Corrosion is a different type of injury, not a burn, hence less relevant."
94311,T22119A,1,"This code accurately describes a first-degree burn of the forearm, matching the body site and degree of severity."
94311,T22519A,2,"This code describes a corrosion of first degree of the forearm, which is not synonymous with erythema or a burn, leading to a lower ranking."
94320,T2220XA,1,"The description matches well as it refers to a second-degree burn of the upper limb, which aligns closely with the epidermal loss described in the ICD-9 code."
94320,T2260XA,2,"While this code also refers to a second-degree condition of the upper limb, it specifies corrosion rather than blistering, making it a less accurate match."
94321,T22219A,1,"Directly corresponds to second degree burns on the forearm, matching the description of epidermal loss."
94321,T22619A,2,"Refers to corrosion of the forearm which may cause similar symptoms, but is not a direct match to blisters or burns."
94325,T22259A,1,"This code describes a burn of second degree affecting the shoulder, which is directly related to the ICD-9 description of blisters and epidermal loss."
94325,T22659A,2,"While this code refers to corrosion of second degree, it is less directly related to the concept of blisters and epidermal loss compared to burns."
94331,T22319A,1,Directly corresponds to full-thickness skin loss (third degree) of the forearm.
94331,T22719A,2,"Involves third degree injury to the forearm but specifies corrosion instead of burn, making it less directly related."
94333,T22339A,1,"This code specifies a third-degree burn, which aligns closely with the description of full-thickness skin loss."
94333,T22739A,2,"While this code refers to corrosion, it also represents third-degree damage to the upper arm. However, it is less specific than a burn."
94335,T22359A,1,"Both codes refer to third-degree burns, but T22359A specifically relates to a burn, which aligns closely with the concept of full-thickness skin loss."
94335,T22759A,2,"Although this code also refers to a third-degree injury, it specifies corrosion rather than a burn, making it less applicable to the concept of full-thickness skin loss."
94339,T22399A,1,"Both codes refer to third degree burns, but this one specifies 'burn' which closely matches the 'full-thickness skin loss' description."
94339,T22799A,2,"This code refers to 'corrosion' which is less synonymous with 'full-thickness skin loss' compared to 'burn', but still applies to third degree skin loss."
94400,T23009A,1,"Directly corresponds to burn of unspecified degree of hand, unspecified site."
94400,T23409A,2,"Describes corrosion, which is not a synonym for burn; therefore, it's a no_good_match."
94401,T23029A,1,This code matches the description of a burn of unspecified degree of a single finger (nail) other than the thumb.
94401,T23429A,2,"This code describes corrosion, which is not synonymous with a burn; therefore, it is a less suitable match."
94402,T23019A,1,"Direct match for burn of unspecified degree of thumb (nail), maintaining the same level of specificity and the body site."
94402,T23419A,2,"Different type of injury (corrosion vs. burn), thus not a good match."
94403,T23039A,1,"This code describes a burn of unspecified degree affecting multiple fingers, which aligns closely with the ICD-9 description."
94403,T23439A,2,"This code refers to corrosion, not a burn, making it semantically less appropriate than T23039A."
94407,T23079A,1,"This code directly corresponds to a burn of unspecified degree of the wrist, matching the ICD-9 description."
94407,T23479A,2,"This code refers to corrosion, not a burn, making it semantically unrelated to the original diagnosis."
94410,T23109A,1,"Directly corresponds to first degree burn of hand, matching both the degree and body site."
94410,T23509A,2,"Related to a first degree injury but specifies corrosion, which is not synonymous with erythema."
94411,T23129A,1,"This code directly corresponds to a first-degree burn of a single finger (nail) excluding the thumb, matching the description of the ICD-9 code."
94411,T23529A,2,This code refers to corrosion of first degree but does not match the specific context of erythema as described in the ICD-9 code.
94416,T23169A,1,"This code directly corresponds to a first degree burn of the back of the hand, matching the ICD-9 description in both severity and location."
94416,T23569A,2,"Although this code includes the back of the hand, it refers to corrosion rather than a burn, making it semantically less accurate than the first option."
94420,T23209A,1,"Synonymous with second degree burns affecting the hand, matching the specific condition of epidermal loss."
94420,T23609A,2,"Refers to corrosion injuries, which may not directly match blisters due to burns but is still a second-degree injury on the hand; however, it is less specific than T23209A."
94421,T23229A,1,Synonymous condition (blister vs burn) at the same anatomical site (finger/nail) and degree of severity (second degree).
94421,T23629A,2,No_good_match
94422,T23219A,1,"Burn of second degree of unspecified thumb (nail) directly corresponds to the description of blisters and epidermal loss of the thumb, indicating a similar injury type and severity."
94422,T23619A,2,"Corrosion of second degree of unspecified thumb (nail) is less aligned with the concept of blisters and epidermal loss, indicating a different mechanism of injury, but still pertains to the thumb."
94423,T23239A,1,"This code specifically addresses burns of second degree on multiple fingers, closely matching the description of blisters and epidermal loss."
94423,T23639A,2,"While this code refers to corrosion, it is also for second degree injuries to multiple fingers, but it does not match the specific context of blisters."
94425,T23259A,1,"Directly corresponds to a second degree burn of the palm, matching the condition described in ICD-9."
94425,T23659A,2,"While it describes a second degree condition affecting the palm, it refers to corrosion rather than blisters, making it less precise."
94426,T23269A,1,"This code directly corresponds to a second degree burn on the back of the hand, which aligns closely with the description of epidermal loss due to blistering."
94426,T23669A,2,"While this code refers to corrosion of the skin, it is less specific to the blistering and epidermal loss described in the ICD-9 code. It does not match the injury type as closely as the burn code."
94428,T23299A,1,"This code directly corresponds to a second-degree burn affecting multiple sites of the wrist and hands, matching the description of epidermal loss."
94428,T23699A,2,"While this code refers to corrosion, it also covers multiple sites of the wrist and hands; however, it does not match the specific condition of blisters or epidermal loss as closely as the first option."
94431,T23329A,1,Directly matches the description of full-thickness skin loss (third degree) of a single finger (nail) except thumb.
94431,T23729A,2,"Describes a similar severity (third degree) and location (single finger nail) but specifies corrosion instead of burn, making it less accurate."
94432,T23319A,1,"This code specifies a third degree burn of the thumb (nail), which closely aligns with the full-thickness skin loss description in the ICD-9 code."
94432,T23719A,2,"While this code refers to corrosion of the thumb (nail) with third degree involvement, it does not specifically match the description of full-thickness skin loss as well as the burn code."
94436,T23369A,1,"Directly corresponds to third degree burn of the back of the hand, aligning with the description of full-thickness skin loss."
94436,T23769A,2,"While it refers to corrosion, it also indicates third degree damage to the back of the hand, but it is less specific than a burn."
94500,T24009A,1,"Directly corresponds to a burn of unspecified degree and unspecified site of the lower limb, which matches the ICD-9 description."
94500,T24409A,2,"Describes corrosion rather than a burn, making it a poor match despite the lower limb specification."
94502,T25029A,1,Directly corresponds to 'Burn of unspecified degree of unspecified foot'.
94502,T25429A,2,"Related to foot injury but refers to corrosion, not a burn; therefore, not a good match."
94503,T25019A,1,Directly matches the description of a burn of unspecified degree at the ankle.
94503,T25419A,2,"Describes corrosion, which is not synonymous with burn, hence not a good match."
94504,T24039A,1,Direct match for burn of unspecified degree in the lower leg.
94504,T24439A,2,"Corrosion is not synonymous with burn; thus, it is not a good match."
94506,T24019A,1,Direct match in diagnosis meaning; both describe a burn of unspecified degree affecting the thigh.
94506,T24419A,2,"No good match; describes corrosion rather than a burn, which is a different type of injury."
94510,T24109A,1,"This code directly corresponds to a first degree burn of an unspecified site on the lower limb, which matches the description in the ICD-9 code."
94510,T24509A,2,"While this code is related to a first degree condition, it refers to corrosion rather than a burn, making it a less accurate match."
94512,T25129A,1,Directly matches the description of first degree burn of the foot.
94512,T25529A,2,"Related to skin damage but refers to corrosion, which is not synonymous with erythema or burn."
94514,T24139A,1,"Directly corresponds to first degree burn of the lower leg, matching both the degree and body site."
94514,T24539A,2,"While it describes a first degree condition of the lower leg, 'corrosion' does not match 'erythema' as it implies a different type of injury."
94516,T24119A,1,"This code accurately represents a first-degree burn of the thigh, matching the description of erythema of the thigh."
94516,T24519A,2,"This code describes corrosion, which is not synonymous with erythema or burn; therefore, it is a less suitable match."
94519,T24199A,1,"Directly matches the description of first degree burn of multiple sites on unspecified lower limb, aligning closely with the ICD-9 description."
94519,T25199A,2,"While it refers to the ankle and foot, it still pertains to first degree burns, making it relevant but less ideal due to the body site specificity."
94519,T24599A,3,"Corrosion is not synonymous with erythema, but it is a first degree injury; however, the term corrosion does not align well with the ICD-9 description."
94519,T25599A,4,"Similar to T25199A, it refers to corrosion of the ankle and foot, which is not a match for erythema and lacks direct relevance to the ICD-9 description."
94522,T25229A,1,"Directly corresponds to a second-degree burn of the foot, matching the description of epidermal loss."
94522,T25629A,2,"While related to injury of the foot, 'corrosion' does not match the specific description of blisters or epidermal loss."
94523,T25219A,1,"This code specifically describes a second degree burn of the ankle, which is a more specific match to the ICD-9 description of blisters and epidermal loss."
94523,T25619A,2,"This code refers to corrosion, which does not align with the concept of blisters and epidermal loss as described in the ICD-9 code."
94524,T24239A,1,"This code describes a burn of second degree specifically on the lower leg, matching the body site and degree of injury."
94524,T24639A,2,"While this code pertains to a second degree corrosion, it does not directly correspond to blisters or epidermal loss, making it less relevant."
94526,T24219A,1,"Direct match to second degree burns affecting the thigh, similar to blisters and epidermal loss."
94526,T24619A,2,"While 'corrosion' is not synonymous with blisters or burns, it still involves epidermal damage; however, it is less specific than T24219A."
94530,T24309A,1,Burn of third degree matches the full-thickness skin loss description and is specific to lower limb.
94530,T24709A,2,Corrosion of third degree is related but does not directly match 'full-thickness skin loss' and is less specific.
94532,T25329A,1,"This code directly corresponds to a third degree burn of the foot, matching the severity and body site."
94532,T25729A,2,"This code refers to a corrosion (chemical burn) of the foot, which is a different mechanism of injury but still matches the severity and body site."
94534,T24339A,1,"Directly correlates to third degree burn of the lower leg, matching the severity and body site."
94534,T24739A,2,"Corrosion is a type of injury that can lead to full-thickness skin loss, but it is not synonymous with burn; thus it ranks lower."
94536,T24319A,1,"This code specifies a third degree burn of the thigh, which directly corresponds to the full-thickness skin loss described in the ICD-9 code."
94536,T24719A,2,"While this code also refers to a third degree injury of the thigh, it specifies corrosion rather than burn, making it less semantically aligned with the diagnosis of skin loss due to a burn."
9462,T300,1,"Burn of unspecified body region aligns with the concept of epidermal loss and second-degree burns, which may include blisters."
9462,T304,2,Corrosion refers to tissue damage but does not specifically match the characteristics of blisters or second-degree burns.
9470,T280XXA,1,Exact match in terms of diagnosis; both describe a burn of the mouth and pharynx.
9470,T285XXA,2,Different type of injury (corrosion vs burn); not an exact match.
9471,T271XXA,1,"Direct match to burn of larynx, trachea, and lung."
9471,T275XXA,2,"Corrosion is not synonymous with burn; therefore, it is less specific."
9472,T281XXA,1,Direct match for 'Burn of esophagus' with specificity for initial encounter.
9472,T286XXA,2,"Related condition (corrosion) affecting the esophagus, but not a direct synonym for 'burn'."
9473,T282XXA,1,Synonymous with the description of burn affecting the alimentary tract.
9473,T287XXA,2,"Related to damage of the alimentary tract but refers to corrosion, not burn; thus less specific."
9478,T2849XA,1,"Directly corresponds to burn of other internal organ, matching the specific type of injury."
9478,T2899XA,2,"Describes corrosions of internal organs, which is not a burn but related to internal organ injury; however, it does not match the original diagnosis."
94800,T310,1,Directly matches the concept of burns involving less than 10% of body surface.
94800,T320,2,"Corrosions are not synonymous with burns; therefore, it is not a good match."
94810,T3110,1,Directly matches the description of burns involving 10-19% of body surface with third degree burns.
94810,T3210,2,"Involves a similar percentage of body surface, but describes corrosions rather than burns, making it a poor match."
94811,T3111,1,Direct match in terms of severity and percentage of body surface affected by third degree burns.
94811,T3211,2,No_good_match
94820,T3120,1,Directly corresponds to the description of burns involving 20-29% of body surface with 0% to 9% third degree burns.
94820,T3220,2,"Describes corrosions rather than burns, which makes it a less suitable match."
94850,T3150,1,"This code directly corresponds to burns involving 50-59% of body surface with 0% to 9% third degree burns, matching the ICD-9 description."
94850,T3250,2,"This code refers to corrosions, which are not synonymous with burns; therefore, it does not match the intended diagnosis."
94890,T3190,1,Directly matches the description of burns involving 90% or more of body surface with third degree burns in a specified range.
94890,T3290,2,"Involves 90% or more of body surface but refers to corrosions, which is not a match for burns."
9490,T300,1,"This code directly corresponds to a burn, which is the same type of injury as described in the ICD-9 code, and it specifies that the burn is of an unspecified body region and degree, matching the description."
9490,T304,2,"While this code describes a corrosive injury, it does not match the specific nature of a burn. Therefore, it is ranked lower due to the lack of direct synonymy."
9518,S04899A,1,"This code specifically refers to injury of other cranial nerves, which aligns well with the ICD-9 description."
9518,S04819A,2,"This code refers specifically to the olfactory nerve and is less general than the ICD-9 description, making it a less suitable match."
95200,S14101A,1,"direct match to C1 level spinal cord injury, aligns with unspecified nature"
95200,S14102A,2,"specific to C2 level, closely related but not a direct match"
95200,S14103A,3,"specific to C3 level, closely related but not a direct match"
95200,S14104A,4,"specific to C4 level, closely related but not a direct match"
95201,S14114A,1,"Specific to C4 level, complete lesion matches the description."
95201,S14113A,2,"Specific to C3 level, complete lesion matches the description."
95201,S14112A,3,"Specific to C2 level, complete lesion matches the description."
95201,S14111A,4,"Specific to C1 level, complete lesion matches the description."
95203,S14121A,1,Exact match for central cord syndrome at the C1 level.
95203,S14122A,2,"Related to central cord syndrome, but at the C2 level; still relevant."
95203,S14123A,3,"Related to central cord syndrome, but at the C3 level; still relevant."
95203,S14124A,4,"Related to central cord syndrome, but at the C4 level; still relevant."
95204,S14151A,1,"Directly relates to the C1 level of the cervical spinal cord, matching the specified body site."
95204,S14152A,2,"Directly relates to the C2 level of the cervical spinal cord, matching the specified body site."
95204,S14153A,3,"Directly relates to the C3 level of the cervical spinal cord, matching the specified body site."
95204,S14154A,4,"Directly relates to the C4 level of the cervical spinal cord, matching the specified body site."
95205,S14105A,1,"Directly corresponds to the C5 level injury, matching the specificity of the ICD-9 description."
95205,S14106A,2,C6 level injury is adjacent to C5 and still relevant to the spinal cord injury described.
95205,S14107A,3,C7 level injury is also adjacent to C5 and relevant to the spinal cord injury described.
95205,S14108A,4,C8 level injury is further down the spinal cord and less relevant to the C5-C7 description.
95206,S14115A,1,Directly corresponds to C5 level with complete lesion.
95206,S14116A,2,"Corresponds to C6 level, related to the cervical spinal cord."
95206,S14117A,3,"Corresponds to C7 level, related to the cervical spinal cord."
95206,S14118A,4,"Corresponds to C8 level, but not within the specified C5-C7 range."
95207,S14135A,1,"Directly corresponds to anterior cord syndrome at C5 level, matching the specific spinal level in ICD-9."
95207,S14136A,2,"Pertains to anterior cord syndrome at C6 level, closely related to C5-C7 involvement but not as specific."
95207,S14137A,3,"Describes anterior cord syndrome at C7 level, relevant to the C5-C7 description but less specific than C5 and C6."
95207,S14138A,4,"Refers to anterior cord syndrome at C8 level, which is outside the specified C5-C7 range, making it the least relevant."
95208,S14125A,1,"Direct match for central cord syndrome at C5 level, highly specific to the description."
95208,S14126A,2,Central cord syndrome at C6 level is closely related but not at the specified C5 level.
95208,S14127A,3,Central cord syndrome at C7 level is related but further from the specified C5 level.
95208,S14128A,4,Central cord syndrome at C8 level is least related as it is not within the C5-C7 range.
95209,S14155A,1,"Directly corresponds to the C5 level injury, matching the specified location in ICD-9."
95209,S14156A,2,"Corresponds to the C6 level injury, which is adjacent and relevant to the C5-C7 region in the ICD-9 description."
95209,S14157A,3,"Corresponds to the C7 level injury, also directly related to the C5-C7 region in the ICD-9 description."
95209,S14158A,4,"C8 level injury is not within the specified C5-C7 range, making it less relevant."
95210,S24101A,1,"Directly corresponds to injury at T1 level, which is part of the specified range T1-T6 in the ICD-9 description."
95210,S24102A,2,"Covers the remaining unspecified levels T2-T6, making it relevant to the overall range specified in the ICD-9 description."
95211,S24111A,1,Complete lesion at T1 level matches the description of a complete spinal cord lesion at T1 level.
95211,S24112A,2,"Complete lesion at T2-T6 level is relevant as it pertains to the same region of the spinal cord, but does not match the T1 level specificity."
95214,S24152A,1,"This code captures the injury at T2-T6 level, which aligns with the ICD-9 description of T1-T6 level spinal cord injury."
95214,S24151A,2,"This code refers specifically to the T1 level, which is included in the range of T1-T6; however, it is less comprehensive than S24152A."
95215,S24103A,1,Directly matches the injury level (T7-T10) specified in the ICD-9 description.
95215,S24104A,2,Matches the thoracic spinal cord injury but refers to a different level (T11-T12) than specified in the ICD-9 description.
95217,S24133A,1,"Direct match to anterior cord syndrome at T7-T10 level, closely aligned with T7-T12 level."
95217,S24134A,2,"Related to anterior cord syndrome but specifically at T11-T12 level, which is less inclusive than T7-T12."
95219,S24153A,1,"This code specifies an incomplete lesion at the T7-T10 level, which aligns with the T7-T12 level mentioned in the ICD-9 description."
95219,S24154A,2,"This code specifies an incomplete lesion at the T11-T12 level, which is part of the T7-T12 range in the ICD-9 description."
9529,S14109A,1,Matches the unspecified nature of the spinal cord injury at the cervical level.
9529,S24109A,2,Matches the unspecified nature of the spinal cord injury at the thoracic level.
9529,S34109A,3,Matches the unspecified nature of the spinal cord injury at the lumbar level.
9529,S34139A,4,"Describes an unspecified injury to the sacral spinal cord, which is a distinct site from the unspecified spinal cord injury."
9539,S344XXA,1,Injury to lumbosacral plexus is the closest match to unspecified nerve roots and spinal plexus.
9539,S3421XA,2,"Injury of nerve root of lumbar spine is specific and relevant, as it relates to nerve roots."
9539,S3422XA,3,Injury of nerve root of sacral spine is also relevant as it pertains to nerve roots.
9539,S142XXA,4,Injury of nerve root of cervical spine is specific but less relevant than lumbar and sacral.
9539,S242XXA,5,Injury of nerve root of thoracic spine is the least relevant as it does not encompass the unspecified nature.
9551,S4410XA,1,"Specificity: injury to median nerve at upper arm level, matches description of median nerve injury."
9551,S5410XA,2,"Specificity: injury to median nerve at forearm level, closely related to the median nerve injury."
9551,S6410XA,3,"Specificity: injury to median nerve at wrist and hand level, still a median nerve injury but further away from the site of the initial ICD-9 description."
9552,S4400XA,1,Directly corresponds to 'ulnar nerve injury' at the upper arm level.
9552,S5400XA,2,"Directly corresponds to 'ulnar nerve injury' at the forearm level, which is a specific site along the ulnar nerve."
9552,S6400XA,3,"Directly corresponds to 'ulnar nerve injury' at the wrist and hand level, which is further along the nerve but still relevant."
9553,S4420XA,1,"Directly corresponds to injury of the radial nerve at the upper arm level, which aligns with the ICD-9 description."
9553,S5420XA,2,"Describes injury of the radial nerve at the forearm level, which is a more distal site but still relevant to the radial nerve."
9553,S6420XA,3,Injury of the radial nerve at the wrist and hand level is the most distal site and less relevant compared to the upper and forearm injuries.
9555,S4450XA,1,"Directly corresponds to injury of cutaneous sensory nerve at the shoulder and upper arm level, aligning with the upper limb description."
9555,S5430XA,2,"Refers to injury of cutaneous sensory nerve at forearm level, which is still part of the upper limb but less specific than the shoulder and upper arm."
9556,S6430XA,1,"Directly corresponds to injury of a digital nerve in the upper limb, specifically the thumb, which is a digit."
9556,S6440XA,2,"Corresponds to injury of a digital nerve in the upper limb, specifically a finger, which is also a digit but less specific than the thumb."
9564,S7420XA,1,"Directly corresponds to injury of cutaneous sensory nerve at hip and thigh level, which is closest to the general area of the lower limb."
9564,S8420XA,2,"Injury of cutaneous sensory nerve at lower leg level is relevant to the lower limb, but more specific than the original description."
9564,S9430XA,3,Injury of cutaneous sensory nerve at ankle and foot level is the least relevant to the term 'lower limb' as it is more distal.
9565,S748X9A,1,"Directly related to injury of nerves at the hip and thigh level, which aligns with the pelvic girdle and lower limb."
9565,S84809A,2,"Injury of nerves at the lower leg level is related to the lower limb, though less specific than the hip and thigh level."
9565,S948X9A,3,Injury of nerves at the ankle and foot level is the least related to the pelvic girdle and lower limb injuries specified.
9569,S7490XA,1,Injury of unspecified nerve at hip and thigh level aligns with the pelvic girdle and lower limb description.
9569,S8490XA,2,"Injury of unspecified nerve at lower leg level is relevant to the lower limb, though less specific than hip and thigh."
9569,S9490XA,3,Injury of unspecified nerve at ankle and foot level pertains to lower limb but is the least relevant to the pelvic girdle context.
95901,S0990XA,1,"This code directly corresponds to 'unspecified injury of head', which matches the ICD-9 description closely."
95901,S098XXA,2,"While this code relates to head injuries, it specifies 'other specified injuries' which is less direct than the unspecified nature of the ICD-9 code."
95909,S0993XA,1,"Directly corresponds to unspecified injury of the face, matching the ICD-9 description."
95909,S199XXA,2,Related to injury of the neck but does not encompass the face; less specific match.
9592,S4990XA,1,Unspecified injury of shoulder and upper arm closely matches the general description of shoulder and upper arm injury without specifying the type.
9592,S4980XA,2,Other specified injuries of shoulder and upper arm may include a variety of injuries but is less directly aligned with the general term 'injury' than the unspecified code.
9593,S59809A,1,"Specific to elbow injuries, which is part of the ICD-9 description."
9593,S59819A,2,"Specific to forearm injuries, which is also part of the ICD-9 description."
9593,S59909A,3,Unspecified injury of elbow aligns with elbow injury mention in ICD-9.
9593,S59919A,4,Unspecified injury of forearm aligns with forearm injury mention in ICD-9.
9593,S6980XA,5,"Includes wrist injuries, which is part of the ICD-9 description."
9593,S6990XA,6,Unspecified injury of wrist does not specify which injury but still relates to the wrist.
9594,S6980XA,1,This code specifies 'other specified injuries' which can encompass various injuries including those not detailed in the ICD-9 description but still relevant to 'hand' injuries.
9594,S6990XA,2,"This code is for 'unspecified injury' of the hand, which is less specific than S6980XA but still pertains to hand injuries, making it semantically acceptable."
9595,S6980XA,1,"More specific as it indicates other specified injuries, which can encompass various types of finger injuries."
9595,S6990XA,2,"Less specific as it is an unspecified injury, but still pertains to the same body area of wrist, hand, and finger(s)."
9596,S79819A,1,"Specifically addresses injuries of the hip, aligning closely with the ICD-9 description."
9596,S79829A,2,"Specifically addresses injuries of the thigh, which is relevant to the ICD-9 description."
9596,S79919A,3,"Unspecified injury of the hip, less specific than S79819A but still relevant to hip injuries."
9596,S79929A,4,"Unspecified injury of the thigh, less specific than S79829A but still relevant to thigh injuries."
9597,S8980XA,1,"Other specified injuries of unspecified lower leg aligns with the general category of knee, leg, ankle, and foot injury."
9597,S8990XA,2,Unspecified injury of unspecified lower leg is a broader match to the injury classification but lacks specificity.
9597,S99819A,3,Other specified injuries of unspecified ankle relates to the ankle aspect of the original injury description.
9597,S99919A,4,Unspecified injury of unspecified ankle is the least specific and only addresses a part of the injury description.
9600,T360X1A,1,Accidental poisoning by penicillins directly matches the cause and intent of the ICD-9 description.
9600,T360X2A,2,Intentional self-harm by penicillins is a specific context of poisoning that is still related to the ICD-9 description.
9600,T360X3A,3,Assault leading to poisoning by penicillins is a specific context of poisoning related to the ICD-9 description.
9600,T360X4A,4,Undetermined context of poisoning by penicillins is related but lacks specificity regarding intent.
9601,T367X1A,1,Accidental (unintentional) poisoning is a direct match to the general concept of poisoning by antifungal antibiotics.
9601,T367X2A,2,"Intentional self-harm poisoning is still related to poisoning by antifungal antibiotics, though it implies a different intent."
9601,T367X3A,3,"Assault-related poisoning is related to the concept of poisoning, but involves a different context (assault)."
9601,T367X4A,4,"Undetermined intent in poisoning is the least specific match, as it does not clarify the nature of the poisoning."
9604,T364X1A,1,Accidental poisoning is a direct match to the general concept of poisoning by tetracyclines.
9604,T364X4A,2,Undetermined cause of poisoning is a reasonable match when specifics about intent are not provided.
9604,T364X2A,3,Intentional self-harm is a valid category but less relevant without explicit indication of intent.
9604,T364X3A,4,Assault-related poisoning is the least relevant without context suggesting it was due to an assault.
9605,T361X1A,1,Accidental poisoning by cephalosporins is a direct match to the description of poisoning of the cephalosporin group.
9605,T361X2A,2,"Intentional self-harm poisoning by cephalosporins is related to the poisoning of the cephalosporin group, though it specifies intent."
9605,T361X3A,3,"Assault-related poisoning by cephalosporins is related but specifies intent of assault, making it less directly relevant."
9605,T361X4A,4,"Undetermined intent poisoning by cephalosporins is related to the poisoning of the cephalosporin group, but lacks specificity regarding intent."
9610,T370X1A,1,Accidental (unintentional) poisoning matches the description of poisoning by sulfonamides.
9610,T370X2A,2,"Intentional self-harm poisoning is still a type of poisoning by sulfonamides, although it is not the most aligned with the general description."
9610,T370X3A,3,"Assault-related poisoning is a specific circumstance of poisoning by sulfonamides, but less aligned than accidental and intentional self-harm."
9610,T370X4A,4,"Undetermined cause of poisoning is the least specific, as it does not clarify the nature of the poisoning event."
9614,T372X1A,1,Accidental poisoning matches the general description without additional qualifiers.
9614,T372X2A,2,Intentional self-harm is a specific context but still falls under the same poisoning category.
9614,T372X3A,3,Assault indicates a specific context but remains relevant to the poisoning category.
9614,T372X4A,4,Undetermined context is the least specific but still related to the poisoning description.
9617,T375X1A,1,"Accidental poisoning is a specific and common scenario for drug poisoning, making it the most relevant match."
9617,T375X2A,2,"Intentional self-harm is a valid scenario for drug poisoning, thus it is a relevant match."
9617,T375X3A,3,"Assault leading to poisoning is a possible scenario, making it a relevant match."
9617,T375X4A,4,Undetermined intent is the least specific but still relevant to the overall category of poisoning.
9619,T378X1A,1,Accidental poisoning by other specified anti-infectives matches the unspecified category of the ICD-9 code.
9619,T378X2A,2,"Intentional self-harm poisoning by other specified anti-infectives is relevant, but less common than accidental."
9619,T378X3A,3,"Assault-related poisoning by other specified anti-infectives is a relevant scenario, but less common than accidental."
9619,T378X4A,4,Undetermined cause of poisoning by other specified anti-infectives is relevant but provides less specificity.
9619,T3791XA,5,Accidental poisoning by unspecified anti-infectives is relevant but less specific than the specified anti-infectives.
9619,T3792XA,6,"Intentional self-harm with unspecified anti-infectives is relevant, but less specific than the specified anti-infectives."
9619,T3793XA,7,Assault-related poisoning by unspecified anti-infectives is relevant but less common than accidental.
9619,T3794XA,8,Undetermined cause of poisoning by unspecified anti-infectives is the least specific option.
9620,T380X1A,1,"Directly corresponds to poisoning by glucocorticoids, which includes adrenal cortical steroids, and specifies accidental poisoning."
9620,T380X2A,2,Also corresponds to poisoning by glucocorticoids but specifies intentional self-harm.
9620,T380X3A,3,"Corresponds to poisoning by glucocorticoids and specifies assault, making it relevant."
9620,T380X4A,4,Corresponds to poisoning by glucocorticoids but has an undetermined intent.
9620,T500X1A,5,"Poisoning by mineralocorticoids; while related to adrenal function, it is not synonymous with glucocorticoid poisoning."
9620,T500X2A,6,Poisoning by mineralocorticoids and intentional self-harm; not directly related to glucocorticoids.
9620,T500X3A,7,Poisoning by mineralocorticoids and assault; not directly related to glucocorticoids.
9620,T500X4A,8,Poisoning by mineralocorticoids with undetermined intent; not directly related to glucocorticoids.
9623,T383X1A,1,Accidental poisoning aligns closely with the general category of poisoning by antidiabetic agents.
9623,T383X2A,2,Intentional self-harm is a relevant scenario under the category of poisoning by antidiabetic agents.
9623,T383X3A,3,"Assault aligns with the general category of poisoning, although it is a more specific context."
9623,T383X4A,4,Undetermined circumstances are less specific but still relate to poisoning by antidiabetic agents.
9627,T381X1A,1,Accidental poisoning aligns with the general category of poisoning.
9627,T381X2A,2,Intentional self-harm poisoning is still a form of poisoning by thyroid hormones.
9627,T381X3A,3,Assault-related poisoning is a specific type of poisoning by thyroid hormones.
9627,T381X4A,4,Undetermined circumstances of poisoning still fit the overall diagnosis of thyroid poisoning.
9630,T450X1A,1,Exact match in terms of drug type and context of accidental poisoning.
9630,T450X2A,2,"Matches drug type and refers to intentional self-harm, which is a valid context for poisoning."
9630,T450X3A,3,"Matches drug type and refers to assault, another valid context for poisoning."
9630,T450X4A,4,"Matches drug type but is undetermined, making it less specific than others."
9631,T451X1A,1,Accidental (unintentional) poisoning is a specific type of poisoning that fits well with the general diagnosis of poisoning by antineoplastic and immunosuppressive drugs.
9631,T451X2A,2,Intentional self-harm poisoning is a relevant scenario under the broader category of poisoning by antineoplastic and immunosuppressive drugs.
9631,T451X3A,3,"Assault-related poisoning falls under the same category, making it a valid match for poisoning by antineoplastic and immunosuppressive drugs."
9631,T451X4A,4,"Undetermined poisoning is also relevant, although less specific than the other types. It still pertains to the overall category of poisoning by antineoplastic and immunosuppressive drugs."
9635,T452X1A,1,Accidental poisoning by vitamins aligns with the general description of poisoning by vitamins.
9635,T452X2A,2,Intentional self-harm poisoning by vitamins is a specific type of poisoning that still fits under the general category.
9635,T452X3A,3,Assault-related poisoning by vitamins is a specific scenario but still relates to the general description of poisoning.
9635,T452X4A,4,Undetermined cause of poisoning by vitamins is the least specific but still relevant to the general diagnosis.
9640,T454X1A,1,Accidental poisoning is a direct match for the general concept of poisoning by iron.
9640,T454X4A,2,Undetermined intent still relates closely to poisoning by iron as it encompasses cases not classified as intentional or accidental.
9640,T454X2A,3,Intentional self-harm is a specific subset of poisoning but deviates from the general concept of poisoning by iron.
9640,T454X3A,4,"Assault is a specific and less common cause of poisoning, making it the least relevant match to the general concept."
9642,T45511A,1,Accidental poisoning by anticoagulants matches the description closely.
9642,T45512A,2,Intentional self-harm with anticoagulants is a valid match.
9642,T45513A,3,Assault with anticoagulants is related but less common.
9642,T45514A,4,Undetermined cause of poisoning is still relevant.
9642,T45521A,5,Poisoning by antithrombotic drugs is related but refers to a broader category.
9642,T45522A,6,Intentional self-harm with antithrombotic drugs is related but less specific.
9642,T45523A,7,Assault with antithrombotic drugs is relevant but not a direct match.
9642,T45524A,8,Undetermined cause with antithrombotic drugs is less specific to anticoagulants.
9648,T458X1A,1,"This code describes poisoning by other primarily systemic and hematological agents, which aligns closely with the ICD-9 description of poisoning affecting blood constituents."
9648,T458X2A,2,"This code also describes poisoning by other primarily systemic and hematological agents but specifies intentional self-harm, making it relevant but less general than T458X1A."
9648,T458X3A,3,"This code describes poisoning by other primarily systemic and hematological agents with an assault context, which is relevant but specific to a scenario of violence."
9648,T458X4A,4,"This code describes poisoning by other primarily systemic and hematological agents in an undetermined context, making it less specific but still relevant."
9648,T45621A,5,"This code pertains to poisoning by a hemostatic drug, which is a specific type of agent affecting blood constituents but is limited to accidental poisoning."
9648,T45622A,6,"This code also pertains to poisoning by a hemostatic drug with intentional self-harm, making it relevant but specific to self-harm cases."
9648,T45623A,7,"This code describes poisoning by a hemostatic drug with an assault context, which is relevant but too specific for the general description."
9648,T45624A,8,"This code pertains to poisoning by a hemostatic drug in an undetermined context, making it less specific and relevant compared to others."
96500,T400X4A,1,This code corresponds to 'undetermined' which aligns closely with 'unspecified' in the ICD-9 description.
96500,T400X1A,2,"This code refers to accidental poisoning, which is a specific cause but still relevant to the general category of opium poisoning."
96500,T400X2A,3,"This code is for intentional self-harm; while it is a specific cause of poisoning, it does not match the 'unspecified' nature of the ICD-9 code."
96500,T400X3A,4,"This code is for poisoning due to assault, which is a specific scenario that does not match the 'unspecified' nature of the ICD-9 code."
96501,T401X1A,1,Accidental poisoning is a common scenario for heroin use; this code captures the intent behind the poisoning.
96501,T401X2A,2,"Intentional self-harm is a recognized context for heroin poisoning, making this code semantically relevant."
96501,T401X3A,3,Assault-related poisoning is less common but still relevant; this code captures a specific context of heroin poisoning.
96501,T401X4A,4,"Undetermined intent may apply to cases where the circumstances of heroin poisoning are unclear, still relevant but less specific."
96502,T403X1A,1,Accidental (unintentional) poisoning by methadone is a direct match to the description.
96502,T403X2A,2,Intentional self-harm by methadone is relevant but indicates a different intent.
96502,T403X3A,3,Poisoning by methadone due to assault is related but indicates a different scenario.
96502,T403X4A,4,Undetermined intent for methadone poisoning is the least specific match.
96509,T402X1A,1,"Direct match for poisoning by other opioids, aligns with 'other opiates'."
96509,T402X2A,2,"Relevant as it pertains to intentional self-harm, still under 'other opioids'."
96509,T402X3A,3,"Relevant as it pertains to assault, still under 'other opioids'."
96509,T402X4A,4,"Relevant as it pertains to undetermined intent, still under 'other opioids'."
96509,T40691A,5,"Matches 'other narcotics', though not specifically opioids, still relevant."
96509,T40692A,6,"Matches 'other narcotics' with intentional self-harm, though not specifically opioids."
96509,T40693A,7,"Matches 'other narcotics' with assault, though not specifically opioids."
96509,T40694A,8,"Matches 'other narcotics' with undetermined intent, though not specifically opioids."
96509,T404X1A,9,"Specific to synthetic narcotics, still under the narcotics category but less relevant."
96509,T404X2A,10,"Specific to synthetic narcotics with intentional self-harm, less relevant."
96509,T404X3A,11,"Specific to synthetic narcotics with assault, less relevant."
96509,T404X4A,12,"Specific to synthetic narcotics with undetermined intent, less relevant."
96509,T40601A,13,"Poisoning by unspecified narcotics, less specific than 'other narcotics'."
96509,T40602A,14,"Poisoning by unspecified narcotics with intentional self-harm, less specific."
96509,T40603A,15,"Poisoning by unspecified narcotics with assault, less specific."
96509,T40604A,16,"Poisoning by unspecified narcotics with undetermined intent, less specific."
9651,T39091A,1,"Direct match for poisoning by salicylates, aligning with ICD-9 description."
9651,T39094A,2,Related to salicylates but with undetermined intent; still relevant to the ICD-9 description.
9651,T39012A,3,"Intentional self-harm with aspirin relates closely to salicylates, though less specific."
9651,T39013A,4,Assault with aspirin relates to salicylates but is less relevant than intentional or accidental.
9651,T39014A,5,Undetermined intent with aspirin; relevant but less specific than accidental or intentional.
9651,T39011A,6,Accidental poisoning with aspirin is relevant but not a direct match to salicylates.
9651,T39092A,7,Intentional self-harm with salicylates; still relevant but less specific than accidental salicylate poisoning.
9651,T39093A,8,Assault with salicylates; relevant but less direct than accidental or intentional cases.
9651,T39314A,9,Poisoning by propionic acid derivatives is not related to salicylates; no good match.
9654,T391X4A,1,best match due to undetermined intent covering all scenarios of poisoning by aromatic analgesics.
9654,T391X1A,2,"matches accidental poisoning, a common scenario for aromatic analgesics."
9654,T391X2A,3,"matches intentional self-harm, specific to a type of poisoning but less common."
9654,T391X3A,4,"matches assault-related poisoning, which is less common and specific compared to others."
96561,T39311A,1,"Exact match in terms of substance and intent, accidental (unintentional) matching ICD-9 description."
96561,T39312A,2,"Matches substance but differs in intent (intentional self-harm), still relevant to the original description."
96561,T39313A,3,"Matches substance but differs in intent (assault), still relevant to the original description."
96561,T39391A,4,"Related substance class (NSAIDs), but not the same as propionic acid derivatives; still relevant but less specific."
96561,T39392A,5,"Related substance class (NSAIDs) and intentional self-harm, but not the same as propionic acid derivatives."
96561,T39393A,6,"Related substance class (NSAIDs) and assault, but not the same as propionic acid derivatives."
96561,T39394A,7,"Related substance class (NSAIDs) with undetermined intent, but not the same as propionic acid derivatives."
96569,T394X1A,1,Accidental poisoning by antirheumatics is a direct match for 'Poisoning by other antirheumatics' as it covers unintentional cases.
96569,T394X2A,2,Intentional self-harm poisoning by antirheumatics is relevant as it falls under the same category of antirheumatic poisoning.
96569,T394X3A,3,"Assault-related poisoning by antirheumatics is still related to antirheumatic poisoning, although the context differs."
96569,T394X4A,4,Undetermined poisoning by antirheumatics is the least specific but still falls under the same category of poisoning.
9658,T398X1A,1,Accidental (unintentional) poisoning aligns well with 'poisoning' and is a specific encounter type.
9658,T398X2A,2,"Intentional self-harm poisoning is a relevant category of poisoning, though less common than accidental."
9658,T398X3A,3,"Assault-related poisoning is still related to the same category of poisoning, but is less common than accidental or intentional self-harm."
9658,T398X4A,4,"Undetermined encounter type is the least specific, but still pertains to the category of poisoning."
9659,T3991XA,1,"Accidental (unintentional) poisoning is a specific case of poisoning by unspecified analgesic, closely aligning with the original ICD-9 description."
9659,T3992XA,2,"Intentional self-harm poisoning is still related to the unspecified analgesic category, but is less general than accidental."
9659,T3993XA,3,"Assault-related poisoning is a specific scenario of the original code, but it is less common than the general poisoning cases."
9659,T3994XA,4,"Undetermined intent covers all scenarios but is less specific than the others, making it the least aligned with the ICD-9 description."
9661,T420X1A,1,"Accidental poisoning is the most common scenario for poisoning cases, making it the most relevant match."
9661,T420X2A,2,Intentional self-harm is a valid scenario for poisoning but less common than accidental poisoning.
9661,T420X3A,3,Assault-related poisoning is a specific circumstance but is less common than both accidental and intentional self-harm.
9661,T420X4A,4,Undetermined circumstances provide a fallback but lack specificity in the context of poisoning.
9663,T426X1A,1,Poisoning by other antiepileptic and sedative-hypnotic drugs is the closest match to unspecified anticonvulsants.
9663,T426X2A,2,"Similar to T426X1A, but specifies intentional self-harm."
9663,T426X3A,3,"Similar to T426X1A, but specifies assault."
9663,T426X4A,4,"Similar to T426X1A, but specifies undetermined intent."
9663,T425X1A,5,Poisoning by mixed antiepileptics is related to anticonvulsants but less specific.
9663,T425X2A,6,"Similar to T425X1A, but specifies intentional self-harm."
9663,T425X3A,7,"Similar to T425X1A, but specifies assault."
9663,T425X4A,8,"Similar to T425X1A, but specifies undetermined intent."
9663,T421X4A,9,"Poisoning by iminostilbenes, undetermined, is a relevant category but less specific."
9663,T421X1A,10,"Poisoning by iminostilbenes, accidental, is related but does not cover all anticonvulsants."
9663,T421X2A,11,"Similar to T421X1A, but specifies intentional self-harm."
9663,T421X3A,12,"Similar to T421X1A, but specifies assault."
9663,T4271XA,13,Poisoning by unspecified antiepileptic and sedative-hypnotic drugs is broad but not as specific.
9663,T4272XA,14,"Similar to T4271XA, but specifies intentional self-harm."
9663,T4273XA,15,"Similar to T4271XA, but specifies assault."
9663,T4274XA,16,"Similar to T4271XA, but specifies undetermined intent."
9664,T428X1A,1,Accidental poisoning by antiparkinsonism drugs is the most direct match to the ICD-9 description.
9664,T428X2A,2,"Intentional self-harm with antiparkinsonism drugs is relevant, as it is a specific form of poisoning."
9664,T428X3A,3,"Assault involving antiparkinsonism drugs is also a relevant form of poisoning, though less common."
9664,T428X4A,4,Undetermined circumstances of poisoning are the least specific but still applicable.
9670,T423X1A,1,"This code matches the description of poisoning by barbiturates and specifies accidental (unintentional) poisoning, which is a common cause of such cases."
9670,T423X4A,2,"This code also matches the description of poisoning by barbiturates but has an undetermined intent, making it less specific than accidental."
9670,T423X2A,3,"This code matches the poisoning by barbiturates but specifies intentional self-harm, which is not applicable in the general case of poisoning."
9670,T423X3A,4,"This code matches the poisoning by barbiturates but specifies assault, which is not applicable in the general case of poisoning."
9678,T426X1A,1,Accidental poisoning aligns well with 'Poisoning by other sedatives and hypnotics' as it refers to unintentional ingestion.
9678,T426X2A,2,"Intentional self-harm poisoning also pertains to sedative and hypnotic drugs, making it a close match."
9678,T426X3A,3,"Assault-related poisoning is relevant as it involves the same class of drugs, though less directly related than accidental or self-harm."
9678,T426X4A,4,Undetermined intent is the least specific but still refers to poisoning by the same drug class.
9679,T4274XA,1,closest match in terms of unspecified nature and general category of sedative-hypnotic drugs
9679,T4271XA,2,"matches the poisoning context but specifies accidental, which is a subtype of the unspecified category"
9679,T4272XA,3,"matches the poisoning context but specifies intentional self-harm, which is a subtype of the unspecified category"
9679,T4273XA,4,"matches the poisoning context but specifies assault, which is a subtype of the unspecified category"
9680,T428X1A,1,Accidental poisoning by central muscle-tone depressants aligns closely with the general category of poisoning by CNS muscle-tone depressants.
9680,T428X2A,2,Intentional self-harm poisoning by central muscle-tone depressants is a specific scenario of the general poisoning category.
9680,T428X3A,3,Assault-related poisoning by central muscle-tone depressants is another specific scenario under the broader poisoning category.
9680,T428X4A,4,Undetermined circumstances of poisoning by central muscle-tone depressants are still relevant but less specific than the other encounters.
9682,T410X1A,1,"This code describes accidental poisoning by inhaled anesthetics, which aligns well with the general description of poisoning by gaseous anesthetics."
9682,T410X4A,2,"This code refers to undetermined circumstances of inhaled anesthetics poisoning, which is still relevant to the general concept of gaseous anesthetics poisoning."
9682,T410X2A,3,"This code indicates intentional self-harm by inhaled anesthetics. Although it is a specific type of poisoning, it still pertains to gaseous anesthetics."
9682,T410X3A,4,"This code refers to poisoning by inhaled anesthetics due to assault. While it is a specific scenario, it is less general than the others regarding the broader category of gaseous anesthetics."
9683,T411X1A,1,Accidental (unintentional) poisoning is the most common and likely to match the general description of 'poisoning'.
9683,T411X2A,2,"Intentional self-harm is a relevant category for poisoning, though less common than accidental."
9683,T411X3A,3,Assault-related poisoning is a specific scenario that could occur but is less likely than accidental and intentional self-harm.
9683,T411X4A,4,"Undetermined intent is the least specific and relevant, making it the least favorable match."
9684,T41291A,1,"This code specifically refers to poisoning by other general anesthetics, which is a direct match to the ICD-9 description."
9684,T41201A,2,"While this code refers to unspecified general anesthetics, it is still relevant as it deals with poisoning by general anesthetics."
9684,T41202A,3,"This code is related to intentional self-harm, which is a specific context of poisoning but still pertains to general anesthetics."
9684,T41203A,4,"This code relates to assault, which is a specific context but still involves poisoning by general anesthetics."
9684,T41204A,5,"This code is undetermined in context, but it still deals with poisoning by unspecified general anesthetics."
9684,T41292A,6,"This code refers to intentional self-harm with other general anesthetics, making it less relevant than the direct match but still related."
9684,T41293A,7,"This code relates to assault with other general anesthetics, which is less relevant than the direct match but still pertains to the broader category."
9684,T41294A,8,"This code is undetermined and applies to other general anesthetics, making it the least relevant option."
96900,T43204A,1,"This code indicates poisoning by unspecified antidepressants with an undetermined intent, which closely aligns with the unspecified nature of the ICD-9 description."
96900,T43201A,2,"This code refers to accidental poisoning, which is a specific intent but still aligns with the general nature of the poisoning described in the ICD-9 code."
96900,T43202A,3,"This code indicates intentional self-harm, which is a specific scenario but does not align with the unspecified nature of the ICD-9 description."
96900,T43203A,4,"This code refers to poisoning by assault, which is a specific intent and does not match the unspecified nature of the ICD-9 description."
96901,T431X1A,1,Accidental (unintentional) poisoning by monoamine oxidase inhibitors directly matches the description.
96901,T431X2A,2,Intentional self-harm poisoning by monoamine oxidase inhibitors is still relevant to the original code.
96901,T431X3A,3,Poisoning by monoamine oxidase inhibitors due to assault is a related scenario.
96901,T431X4A,4,Undetermined cause of poisoning by monoamine oxidase inhibitors is the least specific but still pertains to the original poisoning description.
96902,T43211A,1,Accidental (unintentional) poisoning is a direct match to the general concept of poisoning by the specified drugs.
96902,T43212A,2,Intentional self-harm is a specific type of poisoning that still falls under the same general category of poisoning by the specified drugs.
96902,T43213A,3,Assault-related poisoning is a specific scenario of poisoning that is relevant to the same drug category.
96902,T43214A,4,Undetermined intent is less specific but still pertains to poisoning by the specified drugs.
96903,T43221A,1,Accidental (unintentional) poisoning by selective serotonin reuptake inhibitors matches the description of poisoning.
96903,T43222A,2,Intentional self-harm poisoning by selective serotonin reuptake inhibitors is a direct match to the type of poisoning.
96903,T43223A,3,Assault-related poisoning by selective serotonin reuptake inhibitors is relevant to the category of poisoning.
96903,T43224A,4,Undetermined circumstances of poisoning by selective serotonin reuptake inhibitors is still within the realm of poisoning but lacks specificity.
96904,T43021A,1,Accidental poisoning is a subtype of poisoning by tetracyclic antidepressants and is the most common scenario.
96904,T43022A,2,"Intentional self-harm is a valid cause of poisoning by tetracyclic antidepressants, making it a relevant alternative."
96904,T43023A,3,Assault-related poisoning is a possible scenario that fits the description of poisoning by tetracyclic antidepressants.
96904,T43024A,4,Undetermined causes of poisoning are less specific but still relevant to the general category of poisoning by tetracyclic antidepressants.
96905,T43011A,1,Accidental poisoning by tricyclic antidepressants matches the general category of poisoning.
96905,T43012A,2,Intentional self-harm with tricyclic antidepressants is a specific type of poisoning but still relevant to the original diagnosis.
96905,T43013A,3,Poisoning by tricyclic antidepressants due to assault is related to the general category of poisoning but is less common than the previous entries.
96905,T43014A,4,Undetermined cause of poisoning by tricyclic antidepressants is the least specific but still falls under the broader category of poisoning.
96909,T43291A,1,Accurate match for 'poisoning by other antidepressants' with specific context of accidental (unintentional) exposure.
96909,T43292A,2,Accurate match for 'poisoning by other antidepressants' with specific context of intentional self-harm.
96909,T43293A,3,Accurate match for 'poisoning by other antidepressants' with specific context of assault.
96909,T43294A,4,Accurate match for 'poisoning by other antidepressants' with specific context of undetermined circumstances.
9691,T433X1A,1,"Directly matches the description of poisoning by phenothiazine antipsychotics, with clear indication of accidental poisoning."
9691,T433X2A,2,"Also matches the description of poisoning by phenothiazine antipsychotics, but specifies intentional self-harm, which is a specific context of poisoning."
9691,T433X3A,3,"Matches the description but specifies poisoning due to assault, a specific context of poisoning, making it less general than accidental or self-harm."
9691,T433X4A,4,Matches the description but is the least specific as it indicates undetermined circumstances of poisoning.
9692,T434X1A,1,Accidental poisoning by butyrophenone-based tranquilizers directly matches the ICD-9 description.
9692,T434X2A,2,"Intentional self-harm poisoning by butyrophenone-based tranquilizers is a relevant match, though less preferable than accidental."
9692,T434X3A,3,Assault-related poisoning by butyrophenone-based tranquilizers is applicable but has a different context than the ICD-9 description.
9692,T434X4A,4,"Undetermined poisoning by butyrophenone-based tranquilizers is the least specific match, providing no specific context."
9693,T43591A,1,Direct match in description to 'other antipsychotics'; maintains specificity.
9693,T43592A,2,Matches 'other antipsychotics' with intentional self-harm context.
9693,T43593A,3,Matches 'other antipsychotics' with assault context.
9693,T43594A,4,Matches 'other antipsychotics' with undetermined context.
9693,T43501A,5,Related to antipsychotics but lacks specificity for 'other'.
9693,T43502A,6,Related to antipsychotics but lacks specificity for 'other' with intentional self-harm.
9693,T43503A,7,Related to antipsychotics but lacks specificity for 'other' with assault.
9693,T43504A,8,Related to antipsychotics but lacks specificity for 'other' with undetermined context.
9694,T424X1A,1,Accidental (unintentional) poisoning by benzodiazepines aligns closely with the general category of benzodiazepine poisoning.
9694,T424X2A,2,"Intentional self-harm involving benzodiazepines is still a form of poisoning by benzodiazepine-based tranquilizers, though it is more specific."
9694,T424X3A,3,Assault-related poisoning by benzodiazepines is less common but still relevant as it pertains to benzodiazepine poisoning.
9694,T424X4A,4,"Undetermined circumstances of poisoning by benzodiazepines lacks specificity and context, making it the least relevant match."
9696,T40901A,1,"direct match to psychodysleptics, unspecified, accidental"
9696,T40902A,2,"direct match to psychodysleptics, unspecified, intentional self-harm"
9696,T40903A,3,"direct match to psychodysleptics, unspecified, assault"
9696,T40904A,4,"direct match to psychodysleptics, unspecified, undetermined"
9696,T40991A,5,"related to psychodysleptics, other, accidental"
9696,T40992A,6,"related to psychodysleptics, other, intentional self-harm"
9696,T40993A,7,"related to psychodysleptics, other, assault"
9696,T40994A,8,"related to psychodysleptics, other, undetermined"
9696,T407X1A,9,"specific to cannabis, accidental, but not directly related to psychodysleptics"
9696,T407X2A,10,"specific to cannabis, intentional self-harm, but not directly related to psychodysleptics"
9696,T407X3A,11,"specific to cannabis, assault, but not directly related to psychodysleptics"
9696,T407X4A,12,"specific to cannabis, undetermined, but not directly related to psychodysleptics"
9696,T408X2A,13,"specific to lysergide (LSD), intentional self-harm, but not directly related to psychodysleptics"
9696,T408X3A,14,"specific to lysergide (LSD), assault, but not directly related to psychodysleptics"
9696,T408X4A,15,"specific to lysergide (LSD), undetermined, but not directly related to psychodysleptics"
96970,T43601A,1,"Accidental poisoning is a specific type of poisoning that is often unspecified, matching the ICD-9 description."
96970,T43602A,2,"Intentional self-harm poisoning is also a relevant type of poisoning that can be associated with psychostimulants, though it specifies intent."
96970,T43603A,3,"Assault-related poisoning is a valid type of poisoning by psychostimulants, but it specifies an external cause which may not match 'unspecified'."
96970,T43604A,4,Undetermined cause of poisoning is the least specific and does not clarify the nature of the encounter.
96971,T43611A,1,"Accidental poisoning is a common type of caffeine poisoning, closely matching the general concept of poisoning."
96971,T43612A,2,Intentional self-harm poisoning is still a form of caffeine poisoning and relates directly to the same substance.
96971,T43613A,3,Assault-related poisoning is a specific context but still pertains to caffeine poisoning.
96971,T43614A,4,Undetermined intent in poisoning is less specific but still relevant to caffeine poisoning.
96972,T43621A,1,Accidental poisoning by amphetamines is a specific type of the general poisoning by amphetamines.
96972,T43622A,2,"Intentional self-harm by amphetamines is related to poisoning by amphetamines, although it represents a different intent."
96972,T43623A,3,Assault by amphetamines is a form of poisoning by amphetamines but involves a different context.
96972,T43624A,4,Undetermined intent in poisoning by amphetamines is a broader category but still relates to the original diagnosis.
96973,T43631A,1,"Accidental poisoning is a specific type of poisoning, closely aligned with the general description of poisoning by methylphenidate."
96973,T43632A,2,"Intentional self-harm is a relevant cause of poisoning by methylphenidate, although it is a specific subset of the general poisoning category."
96973,T43633A,3,Assault-related poisoning is a specific scenario that fits within the broader category of poisoning by methylphenidate.
96973,T43634A,4,Undetermined causes of poisoning are less specific but still applicable under the general description of poisoning by methylphenidate.
96979,T43691A,1,"Accidental (unintentional) poisoning is a specific type of poisoning by other psychostimulants, directly aligned with the ICD-9 description."
96979,T43692A,2,"Intentional self-harm poisoning is a specific type of poisoning by other psychostimulants, relevant to the ICD-9 description."
96979,T43693A,3,"Assault-related poisoning is a specific type of poisoning by other psychostimulants, relevant to the ICD-9 description."
96979,T43694A,4,"Undetermined circumstances of poisoning by other psychostimulants still relate to the ICD-9 description, but lack specificity."
9698,T438X1A,1,Accidental poisoning aligns with 'poisoning by other specified psychotropic agents' as it covers unintentional ingestion.
9698,T438X2A,2,"Intentional self-harm poisoning is a relevant scenario for psychotropic agents, though it is more specific than the general description."
9698,T438X3A,3,Assault-related poisoning is a specific context that still fits under the general category of psychotropic agent poisoning.
9698,T438X4A,4,Undetermined intent still relates to poisoning by psychotropic agents but is less specific than the other options.
9699,T4394XA,1,"closest match with unspecified nature, maintaining the ambiguity of intent"
9699,T4391XA,2,specifies accidental (unintentional) but still falls under the category of unspecified psychotropic drug
9699,T4392XA,3,"specifies intentional self-harm, which is a specific context not implied in the ICD-9 description"
9699,T4393XA,4,"specifies assault, which is also a specific context not indicated in the ICD-9 description"
9701,T507X1A,1,Accidental (unintentional) poisoning aligns closely with the concept of poisoning by opiate antagonists.
9701,T507X2A,2,"Intentional self-harm poisoning is still related to poisoning by opiate antagonists, though it indicates a different intent."
9701,T507X3A,3,Assault-related poisoning is relevant but indicates a different context than the original diagnosis.
9701,T507X4A,4,"Undetermined intent still falls under poisoning by opiate antagonists, but lacks specificity regarding the nature of the incident."
97081,T405X1A,1,Accidental (unintentional) poisoning by cocaine is a specific subtype of cocaine poisoning.
97081,T405X2A,2,Intentional self-harm poisoning by cocaine is a specific subtype of cocaine poisoning.
97081,T405X3A,3,Assault-related poisoning by cocaine is a specific subtype of cocaine poisoning.
97081,T405X4A,4,Undetermined circumstances of poisoning by cocaine is a broader category but still directly related to cocaine poisoning.
9710,T441X1A,1,Directly corresponds to poisoning by other parasympathomimetics (cholinergics) which is the broader category encompassing the ICD-9 code.
9710,T441X2A,2,Matches the broader category of poisoning by other parasympathomimetics (cholinergics) and specifies intentional self-harm.
9710,T441X3A,3,Matches the broader category of poisoning by other parasympathomimetics (cholinergics) and specifies assault.
9710,T441X4A,4,Matches the broader category of poisoning by other parasympathomimetics (cholinergics) and specifies undetermined intent.
9710,T440X1A,5,"Relates to poisoning by anticholinesterase agents, which are a specific subgroup of parasympathomimetics, but does not encompass all cholinergics."
9710,T440X2A,6,"Relates to poisoning by anticholinesterase agents and specifies intentional self-harm, but does not encompass all cholinergics."
9710,T440X3A,7,"Relates to poisoning by anticholinesterase agents and specifies assault, but does not encompass all cholinergics."
9710,T440X4A,8,"Relates to poisoning by anticholinesterase agents and specifies undetermined intent, but does not encompass all cholinergics."
9711,T443X1A,1,"Accidental poisoning directly correlates with the description of poisoning by parasympatholytics, making it the best match."
9711,T443X2A,2,"Intentional self-harm is a specific scenario of poisoning that falls under the same category, thus making it a strong match."
9711,T443X3A,3,"Assault-related poisoning is also relevant and specific to the same category of drugs, though less common than accidental or intentional self-harm."
9711,T443X4A,4,"Undetermined intent is the least specific, but still pertains to poisoning by the same class of drugs; hence it's included."
9712,T444X1A,1,Matches the description of poisoning by alpha-adrenoreceptor agonists and is accidental.
9712,T444X2A,2,Matches the description of poisoning by alpha-adrenoreceptor agonists and is intentional self-harm.
9712,T444X3A,3,Matches the description of poisoning by alpha-adrenoreceptor agonists and is due to assault.
9712,T444X4A,4,Matches the description of poisoning by alpha-adrenoreceptor agonists and is undetermined.
9712,T445X1A,5,"Related to poisoning but involves beta-adrenoreceptor agonists, which is less relevant."
9712,T445X2A,6,Related to poisoning but involves beta-adrenoreceptor agonists and intentional self-harm.
9712,T445X3A,7,Related to poisoning but involves beta-adrenoreceptor agonists and assault.
9712,T445X4A,8,Related to poisoning but involves beta-adrenoreceptor agonists and is undetermined.
9713,T446X1A,1,Directly matches 'Poisoning by alpha-adrenoreceptor antagonists' which are a type of sympatholytic.
9713,T446X2A,2,Also directly matches 'Poisoning by alpha-adrenoreceptor antagonists' but specifies intentional self-harm.
9713,T446X3A,3,Matches 'Poisoning by alpha-adrenoreceptor antagonists' with assault context.
9713,T446X4A,4,Matches 'Poisoning by alpha-adrenoreceptor antagonists' with undetermined context.
9713,T447X1A,5,"Related to beta-adrenoreceptor antagonists, which are also sympatholytics, but less directly matched."
9713,T447X2A,6,Similar to T447X1A but specifies intentional self-harm.
9713,T447X3A,7,Similar to T447X1A but in the context of assault.
9713,T447X4A,8,Similar to T447X1A but in the context of undetermined circumstances.
9713,T448X1A,9,Centrally-acting and adrenergic-neuron-blocking agents may overlap with sympatholytics but are not direct matches.
9713,T448X2A,10,Similar to T448X1A but specifies intentional self-harm.
9713,T448X3A,11,Similar to T448X1A but in the context of assault.
9713,T448X4A,12,Similar to T448X1A but in the context of undetermined circumstances.
9719,T44901A,1,"Direct match in description, specifying accidental (unintentional) encounter."
9719,T44902A,2,"Direct match in description, specifying intentional self-harm encounter."
9719,T44903A,3,"Direct match in description, specifying assault encounter."
9719,T44904A,4,"Direct match in description, specifying undetermined encounter."
9719,T44991A,5,Similar description but specifies 'other drug'; still relevant to autonomic nervous system.
9719,T44992A,6,Similar description but specifies 'other drug'; relevant for intentional self-harm.
9719,T44993A,7,Similar description but specifies 'other drug'; relevant for assault.
9719,T44994A,8,Similar description but specifies 'other drug'; relevant for undetermined encounter.
9720,T462X1A,1,Accidental poisoning by antidysrhythmic drugs closely matches the concept of poisoning by cardiac rhythm regulators.
9720,T462X2A,2,Intentional self-harm poisoning by antidysrhythmic drugs is relevant but less applicable than accidental cases.
9720,T462X3A,3,Poisoning by antidysrhythmic drugs due to assault is relevant but specific to a scenario not indicated in the original code.
9720,T462X4A,4,Undetermined intent for poisoning by antidysrhythmic drugs is the least specific and does not provide clarity on the situation.
9721,T460X1A,1,Accidental poisoning is a specific scenario under the broader category of poisoning by cardiotonic glycosides.
9721,T460X2A,2,"Intentional self-harm is a relevant scenario under the poisoning category, indicating a different cause but same substance."
9721,T460X3A,3,"Assault also falls under the poisoning category, though it describes an external cause rather than personal intent."
9721,T460X4A,4,"Undetermined cause is the least specific scenario, but still relevant to the general category of poisoning by glycosides."
9722,T466X1A,1,Accidental poisoning aligns directly with the description of poisoning by antilipemic and antiarteriosclerotic drugs.
9722,T466X2A,2,"Intentional self-harm poisoning is relevant as it involves the same class of drugs, although it specifies intent."
9722,T466X3A,3,"Assault-related poisoning pertains to the same drug class, but it is a more specific scenario compared to accidental or intentional self-harm."
9722,T466X4A,4,Undetermined intent is the least specific but still relates to poisoning by the same drug class.
9724,T463X1A,1,Accidental poisoning is a direct match for 'poisoning by coronary vasodilators' with the highest specificity.
9724,T463X2A,2,"Intentional self-harm is a related match for 'poisoning by coronary vasodilators', though less common than accidental."
9724,T463X3A,3,Assault is a related match but less relevant than intentional self-harm for 'poisoning by coronary vasodilators'.
9724,T463X4A,4,"Undetermined is the least specific match for 'poisoning by coronary vasodilators', making it the lowest rank."
9725,T467X1A,1,Accidental poisoning is a direct match to 'Poisoning by other vasodilators'.
9725,T467X2A,2,Intentional self-harm poisoning is related but not as closely matched as accidental.
9725,T467X3A,3,Assault-related poisoning is related to poisoning by vasodilators but is a less common context.
9725,T467X4A,4,Undetermined poisoning is the least specific match but still relevant.
9726,T465X1A,1,"Direct match to poisoning by other antihypertensive drugs, unintentional."
9726,T465X2A,2,"Match to poisoning by other antihypertensive drugs, intentional self-harm."
9726,T465X3A,3,"Match to poisoning by other antihypertensive drugs, assault."
9726,T465X4A,4,"Match to poisoning by other antihypertensive drugs, undetermined."
9726,T464X1A,5,"Specific to angiotensin-converting-enzyme inhibitors, less relevant but related to antihypertensive agents."
9726,T464X2A,6,"Specific to angiotensin-converting-enzyme inhibitors, intentional self-harm."
9726,T464X3A,7,"Specific to angiotensin-converting-enzyme inhibitors, assault."
9726,T464X4A,8,"Specific to angiotensin-converting-enzyme inhibitors, undetermined."
9729,T46991A,1,"Direct match to poisoning by other agents affecting the cardiovascular system, with specificity regarding accidental (unintentional) nature."
9729,T46992A,2,"Relevant match as it pertains to poisoning by other agents affecting the cardiovascular system, with intentional self-harm specificity."
9729,T46993A,3,"Matches poisoning by other agents affecting the cardiovascular system, with assault specificity."
9729,T46994A,4,"Relevant as it relates to poisoning by other agents affecting the cardiovascular system, with undetermined intent."
9729,T46901A,5,"General match for unspecified agents affecting the cardiovascular system with accidental nature, but less specific than 'other agents'."
9729,T46902A,6,"Match for unspecified agents affecting the cardiovascular system with intentional self-harm, less specific than 'other agents'."
9729,T46903A,7,"Relates to unspecified agents affecting the cardiovascular system with assault, less specific than 'other agents'."
9729,T46904A,8,"Matches unspecified agents affecting the cardiovascular system with undetermined intent, less specific than 'other agents'."
9729,T461X1A,9,"Specific to calcium-channel blockers, which is not a general match for 'other agents' as per the original description."
9729,T461X2A,10,"Specific to calcium-channel blockers with intentional self-harm, not aligned with 'other agents'."
9729,T461X3A,11,"Specific to calcium-channel blockers with assault, not aligned with 'other agents'."
9729,T461X4A,12,"Specific to calcium-channel blockers with undetermined intent, not aligned with 'other agents'."
9730,T471X1A,1,"directly corresponds to poisoning by other antacids and anti-gastric-secretion drugs, matching the broader category of the ICD-9 description."
9730,T471X2A,2,also relates to poisoning by other antacids and anti-gastric-secretion drugs but specifies intentional self-harm.
9730,T471X3A,3,pertains to poisoning by other antacids and anti-gastric-secretion drugs in the context of assault.
9730,T471X4A,4,covers poisoning by other antacids and anti-gastric-secretion drugs with an undetermined intent.
9730,T470X1A,5,refers to poisoning by histamine H2-receptor blockers but is not a direct match to antacids.
9730,T470X2A,6,similar to T470X1A but specifies intentional self-harm; still not a direct match to antacids.
9730,T470X3A,7,relates to poisoning by histamine H2-receptor blockers in the context of assault; not a direct match.
9730,T470X4A,8,pertains to poisoning by histamine H2-receptor blockers with undetermined intent; not a match to antacids.
9731,T472X1A,1,"This code specifies poisoning by stimulant laxatives in an unintentional manner, closely aligning with the concept of poisoning by irritant cathartics."
9731,T472X4A,2,"This code addresses poisoning by stimulant laxatives with undetermined intent, making it a possible match for cases where intent is unclear."
9731,T472X2A,3,"This code refers to intentional self-harm with stimulant laxatives, which is less relevant but still related to poisoning."
9731,T472X3A,4,"This code pertains to poisoning by stimulant laxatives due to assault, which is the least relevant as it does not relate to the original description of irritant cathartics."
9732,T473X1A,1,Accidental poisoning by saline and osmotic laxatives is the most closely related to the general concept of poisoning by emollient cathartics.
9732,T473X2A,2,"Intentional self-harm with saline and osmotic laxatives is relevant to the poisoning context, but less so than accidental."
9732,T473X3A,3,Poisoning by saline and osmotic laxatives due to assault is less directly related but still pertains to the concept of poisoning.
9732,T473X4A,4,Undetermined cause of poisoning by saline and osmotic laxatives is the least specific but still within the poisoning context.
9733,T474X1A,1,Accidental poisoning by laxatives is a direct match for 'poisoning by other cathartics'.
9733,T474X2A,2,"Intentional self-harm with laxatives is related to poisoning by cathartics, though it implies intent."
9733,T474X3A,3,"Assault with laxatives is a related concept, but it indicates an external action rather than self-harm or accidental poisoning."
9733,T474X4A,4,"Undetermined intent in poisoning with laxatives is the least specific match, as it does not clarify the nature of the poisoning."
9735,T476X1A,1,Direct match in meaning; describes accidental poisoning by antidiarrheal drugs.
9735,T476X2A,2,"Also a match, but specifies intentional self-harm which is a different context."
9735,T476X3A,3,Relevant to poisoning but specifies assault which is a distinct context.
9735,T476X4A,4,"Match in meaning, but the context of 'undetermined' is less specific than the original description."
9738,T478X1A,1,Accidental poisoning aligns well with the description of poisoning affecting the gastrointestinal system.
9738,T478X2A,2,Intentional self-harm poisoning is a valid match as it still falls under poisoning by other agents affecting the gastrointestinal system.
9738,T478X3A,3,Assault-related poisoning fits the general category of poisoning affecting the gastrointestinal system.
9738,T478X4A,4,Undetermined intent for poisoning is less specific but still pertains to poisoning affecting the gastrointestinal system.
9744,T502X1A,1,"Poisoning by carbonic-anhydrase inhibitors, benzothiadiazides and other diuretics, accidental (unintentional), initial encounter"
9744,T502X3A,2,"Poisoning by carbonic-anhydrase inhibitors, benzothiadiazides and other diuretics, assault, initial encounter"
9744,T502X4A,3,"Poisoning by carbonic-anhydrase inhibitors, benzothiadiazides and other diuretics, undetermined, initial encounter"
9744,T501X1A,4,"Poisoning by loop [high-ceiling] diuretics, accidental (unintentional), initial encounter"
9744,T501X2A,5,"Poisoning by loop [high-ceiling] diuretics, intentional self-harm, initial encounter"
9744,T501X3A,6,"Poisoning by loop [high-ceiling] diuretics, assault, initial encounter"
9744,T501X4A,7,"Poisoning by loop [high-ceiling] diuretics, undetermined, initial encounter"
9745,T503X1A,1,"Accidental poisoning is a specific type of poisoning that aligns with the general category of electrolytic, caloric, and water-balance agents."
9745,T503X2A,2,"Intentional self-harm is a relevant category of poisoning by electrolytic, caloric, and water-balance agents, providing a specific context."
9745,T503X3A,3,"Assault-related poisoning is a valid and specific context for this type of poisoning, making it semantically relevant."
9745,T503X4A,4,"Undetermined intent is the least specific but still relates directly to poisoning by electrolytic, caloric, and water-balance agents."
9747,T504X1A,1,"Accidental poisoning is a common scenario in drug-related cases, aligning closely with the general description of 'poisoning by uric acid metabolism drugs'."
9747,T504X2A,2,"Intentional self-harm is a relevant context for poisoning cases, although it is less common than accidental cases, it still fits under the broader category of drug poisoning."
9747,T504X3A,3,Assault-related poisoning is a specific scenario that applies but is less common than accidental and intentional self-harm cases.
9747,T504X4A,4,"Undetermined circumstances can apply but lack specificity; therefore, it ranks lowest as it does not provide clear context for the poisoning event."
9751,T48201A,1,"This code specifies poisoning by unspecified drugs acting on muscles, which includes smooth muscle relaxants as a subset. It is an appropriate match."
9751,T48291A,2,"This code specifies poisoning by other drugs acting on muscles. While it does not explicitly mention smooth muscle relaxants, it includes a broader category that may encompass them."
9751,T48294A,3,This code indicates poisoning by other drugs acting on muscles but is categorized as undetermined. It lacks the specificity needed to match the original description effectively.
9752,T481X1A,1,Accidental poisoning is a subtype of poisoning that falls under the same general category as the ICD-9 description.
9752,T481X4A,2,Undetermined intent is also relevant to the general category of poisoning and is less specific than intentional cases.
9752,T481X2A,3,Intentional self-harm is a specific case of poisoning but is less general compared to accidental or undetermined.
9752,T481X3A,4,Assault is the most specific and least related to the general category of poisoning as it implies a third party's intent.
9753,T48291A,1,"specific to poisoning by other drugs acting on muscles, which aligns closely with the ICD-9 description."
9753,T48201A,2,"poisoning by unspecified drugs acting on muscles; while not as specific as T48291A, it still relates to drugs acting on muscles."
9753,T48204A,3,poisoning by unspecified drugs acting on muscles with undetermined intent; relates to unspecified drugs but lacks specificity.
9753,T48202A,4,poisoning by unspecified drugs acting on muscles with intentional self-harm; relates to drugs acting on muscles but is about intentional harm.
9753,T48203A,5,poisoning by unspecified drugs acting on muscles due to assault; relates to drugs acting on muscles but has a specific context of assault.
9753,T48292A,6,poisoning by other drugs acting on muscles with intentional self-harm; specific to other drugs but contextually about self-harm.
9753,T48293A,7,poisoning by other drugs acting on muscles due to assault; specific to other drugs but related to an assault context.
9753,T48294A,8,"poisoning by other drugs acting on muscles with undetermined intent; while it is about other drugs, the undetermined intent makes it less applicable."
9754,T483X1A,1,"Accidental poisoning is a common cause of antitussive poisoning, making this the most relevant match."
9754,T483X2A,2,"Intentional self-harm is a possible scenario for poisoning by antitussives, providing a strong match."
9754,T483X3A,3,"Assault-related poisoning by antitussives is a relevant context, though less common than accidental or intentional self-harm."
9754,T483X4A,4,Undetermined circumstances cover a broad range of situations but lack specificity compared to the other options.
9755,T484X1A,1,"Accidental poisoning is a direct match for 'Poisoning by expectorants', aligning closely with the ICD-9 description."
9755,T484X2A,2,"Intentional self-harm poisoning is also a relevant category for poisoning by expectorants, though less common than accidental."
9755,T484X3A,3,Assault-related poisoning by expectorants is a specific circumstance that fits under the broader category of poisoning.
9755,T484X4A,4,Undetermined intent in poisoning by expectorants is a valid but less specific option compared to others.
9756,T485X1A,1,Accidental (unintentional) poisoning matches best with the general meaning of 'poisoning by anti-common cold drugs'.
9756,T485X4A,2,Undetermined intent is a valid category and can encompass various scenarios of poisoning.
9756,T485X2A,3,Intentional self-harm represents a specific scenario of poisoning but is less general than accidental or undetermined.
9756,T485X3A,4,Assault is a specific context that is less common and does not universally apply to all cases of poisoning.
9757,T486X1A,1,"Direct match for accidental poisoning by antiasthmatics, which aligns with the general nature of the ICD-9 description."
9757,T486X2A,2,"Relevant as it describes intentional self-harm related to antiasthmatics, still within the context of poisoning."
9757,T486X3A,3,"Describes poisoning by antiasthmatics due to assault; although less common, it still relates to poisoning."
9757,T486X4A,4,"General undetermined cause of poisoning by antiasthmatics, which is broader and less specific than the other options."
9760,T490X1A,1,Matches description closely with 'accidental' indicating unintentional poisoning.
9760,T490X2A,2,"Also matches the description but indicates 'intentional self-harm', which is less common than accidental."
9760,T490X3A,3,"Related to poisoning but specifies 'assault', which diverges from general poisoning context."
9760,T490X4A,4,"Indicates 'undetermined' intent, which is less specific and does not provide clarity on the nature of poisoning."
9761,T491X1A,1,Accidental poisoning is a direct match to the general description of poisoning by antipruritics.
9761,T491X2A,2,Intentional self-harm poisoning is a relevant match as it also involves poisoning by antipruritics.
9761,T491X3A,3,Assault-related poisoning is a less common but still applicable match to the description of poisoning by antipruritics.
9761,T491X4A,4,Undetermined poisoning is the least specific but still relates to poisoning by antipruritics.
9766,T496X1A,1,Accidental poisoning by otorhinolaryngological drugs matches the context of the original poisoning description.
9766,T496X2A,2,Intentional self-harm poisoning by otorhinolaryngological drugs is relevant but represents a different intent compared to the original code.
9766,T496X3A,3,Assault-related poisoning by otorhinolaryngological drugs is less relevant than accidental or intentional self-harm but still pertains to poisoning by the same drug category.
9766,T496X4A,4,Undetermined intent in poisoning by otorhinolaryngological drugs is the least specific but still relates to the poisoning context.
9770,T505X1A,1,Accidental poisoning by appetite depressants aligns with the concept of poisoning by dietetics.
9770,T505X2A,2,"Intentional self-harm involving appetite depressants is a relevant form of poisoning, though not accidental."
9770,T505X3A,3,Assault involving appetite depressants is a type of poisoning but is less relevant than self-harm or accidental cases.
9770,T505X4A,4,Undetermined circumstances of poisoning by appetite depressants are the least specific but still relate to poisoning.
9778,T508X4A,1,"Poisoning by diagnostic agents, undetermined; closest match due to the unspecified nature of the ICD-9 description."
9778,T508X1A,2,"Poisoning by diagnostic agents, accidental; matches the poisoning aspect but specifies accidental which is a type of poisoning."
9778,T508X2A,3,"Poisoning by diagnostic agents, intentional self-harm; while it involves poisoning, it specifies intentional self-harm which is more specific than the ICD-9 code."
9778,T508X3A,4,"Poisoning by diagnostic agents, assault; while it involves poisoning, it specifies assault which is a specific circumstance not mentioned in the ICD-9 description."
9779,T50904A,1,Best match for 'unspecified' nature and lack of detail on intent; aligns closely with the ICD-9 description.
9779,T50901A,2,"Accidental poisoning aligns with the notion of 'unspecified drug', but specifies intent which may not be present in the ICD-9 description."
9779,T50902A,3,"Intentional self-harm provides specific context that is not indicated in the ICD-9 description, making it a less suitable match."
9779,T50903A,4,"Assault also provides specific context not present in the ICD-9 description, making it the least suitable match."
9800,T510X4A,1,"Covers the broad category of toxic effect of ethanol without specifying intent, making it the most general match."
9800,T510X1A,2,"Specifies accidental (unintentional) poisoning, which is a common scenario for alcohol toxicity."
9800,T510X2A,3,"Specifies intentional self-harm, which is a specific type of alcohol toxicity."
9800,T510X3A,4,"Specifies assault, which is a less common but still valid scenario for alcohol toxicity."
9801,T511X1A,1,Directly corresponds to the toxic effect of methanol (methyl alcohol) with a clear unintentional context.
9801,T511X2A,2,"Also corresponds to the toxic effect of methanol but specifies intentional self-harm, which is a different intent than the original ICD-9 description."
9801,T511X3A,3,"Covers the toxic effect of methanol in the context of assault, which is a specific scenario differing from the original description."
9801,T511X4A,4,"Refers to the toxic effect of methanol with undetermined circumstances, making it less specific than the other codes."
9802,T512X1A,1,Accidental exposure matches the general context of toxic effect without intent.
9802,T512X2A,2,Intentional self-harm is a specific context of toxicity but still relates to isopropyl alcohol.
9802,T512X3A,3,Assault context is less relevant but still pertains to toxic effect of isopropyl alcohol.
9802,T512X4A,4,Undetermined context is the least specific but still refers to the toxic effect of isopropyl alcohol.
9803,T513X1A,1,Accidental (unintentional) matches the general description of toxic effect without specific intent.
9803,T513X2A,2,Intentional self-harm indicates a specific intent which diverges from the general toxic effect description but is still relevant.
9803,T513X3A,3,"Assault implies an external factor causing the toxic effect, which is less aligned with the general description."
9803,T513X4A,4,"Undetermined does not specify the cause or intent, making it the least aligned option."
9808,T518X1A,1,Accidental (unintentional) toxic effect of other alcohols directly matches the description of 'toxic effect of other specified alcohols'.
9808,T518X2A,2,"Intentional self-harm indicates a toxic effect of other alcohols, which is a specified type of alcohol toxicity."
9808,T518X3A,3,"Assault implies a toxic effect of other alcohols, but it is less directly related than accidental or intentional self-harm."
9808,T518X4A,4,Undetermined circumstances of the toxic effect of other alcohols make this the least specific match.
9809,T5194XA,1,closest match as it retains the unspecified nature and aligns with the original ICD-9 description
9809,T5191XA,2,"matches the toxic effect of unspecified alcohol but specifies accidental, which is a subtype of the original"
9809,T5192XA,3,"matches the toxic effect of unspecified alcohol but specifies intentional self-harm, which adds a specific context not present in the original"
9809,T5193XA,4,"matches the toxic effect of unspecified alcohol but specifies assault, which adds a specific context not present in the original"
981,T520X1A,1,"Accidental exposure is a common and relevant cause of toxic effects from petroleum products, matching the general description."
981,T520X4A,2,"Undetermined causes of toxic effects are still relevant, though less specific than accidental."
981,T520X2A,3,Intentional self-harm is a specific scenario that can result in toxic effects but is less common than accidental cases.
981,T520X3A,4,Assault is a specific cause that is less common and not typically associated with the general description of toxic effects.
9820,T521X1A,1,"Direct match for benzene, accidental (unintentional) aligns with the ICD-9 description."
9820,T521X4A,2,"Toxic effect of benzene, undetermined is a less specific but still relevant match."
9820,T521X2A,3,"Toxic effect of benzene, intentional self-harm is a related match, though not directly synonymous."
9820,T521X3A,4,"Toxic effect of benzene, assault is relevant but less aligned with the original intent."
9820,T522X1A,5,"Toxic effect of homologues of benzene, accidental (unintentional) is closely related to the original code."
9820,T522X4A,6,"Toxic effect of homologues of benzene, undetermined is relevant but less specific."
9820,T522X2A,7,"Toxic effect of homologues of benzene, intentional self-harm is related but less aligned."
9820,T522X3A,8,"Toxic effect of homologues of benzene, assault is relevant but not directly synonymous."
9820,T653X1A,9,"Toxic effect of nitroderivatives and aminoderivatives of benzene and its homologues, accidental is somewhat relevant."
9820,T653X4A,10,"Toxic effect of nitroderivatives and aminoderivatives of benzene and its homologues, undetermined is a less specific match."
9820,T653X2A,11,"Toxic effect of nitroderivatives and aminoderivatives of benzene and its homologues, intentional self-harm is less aligned."
9820,T653X3A,12,"Toxic effect of nitroderivatives and aminoderivatives of benzene and its homologues, assault is the least aligned match."
9828,T528X1A,1,"Directly corresponds to toxic effect of other organic solvents, which aligns with the ICD-9 description."
9828,T528X2A,2,Matches the type of solvent and reflects intentional self-harm.
9828,T528X3A,3,Matches the type of solvent and reflects assault.
9828,T528X4A,4,Matches the type of solvent and reflects undetermined intent.
9828,T5291XA,5,"Refers to unspecified organic solvent, which is a broader category than the specific organic solvents."
9828,T5292XA,6,Refers to unspecified organic solvent with intentional self-harm.
9828,T5293XA,7,Refers to unspecified organic solvent with assault.
9828,T5294XA,8,Refers to unspecified organic solvent with undetermined intent.
9828,T524X1A,9,"Specific to ketones, which are not directly related to the organic solvents mentioned."
9828,T524X2A,10,"Specific to ketones and intentional self-harm, not relevant to the original description."
9828,T524X3A,11,"Specific to ketones and assault, not relevant to the original description."
9828,T524X4A,12,"Specific to ketones and undetermined intent, not relevant to the original description."
9830,T540X1A,1,Accidental (unintentional) toxic effect of phenol is closely related to the corrosive effects of aromatic compounds.
9830,T540X2A,2,Intentional self-harm related to phenol aligns with corrosive effects of aromatic compounds.
9830,T540X3A,3,Assault causing toxic effects from phenol is relevant to corrosive aromatics.
9830,T540X4A,4,Undetermined intent of toxic effect from phenol is applicable but less specific than others.
9831,T542X1A,1,Accidental exposure to corrosive acids directly matches the description of toxic effects of acids.
9831,T542X2A,2,"Intentional self-harm from corrosive acids is a valid interpretation of toxic effects of acids, though it differs in intent."
9831,T542X3A,3,"Assault involving corrosive acids aligns with the toxic effect of acids, although the context of the event differs."
9831,T542X4A,4,"Undetermined cause of toxic effect still relates to the use of corrosive acids, but lacks specificity regarding intent."
9832,T543X1A,1,Accidental (unintentional) matches the description of toxic effect of caustic alkalis as it indicates a toxic effect from corrosive substances.
9832,T543X2A,2,"Intentional self-harm is a specific scenario that can still be considered a toxic effect of caustic alkalis, although it is not the primary context of the ICD-9 code."
9832,T543X3A,3,"Assault indicates a toxic effect of caustic alkalis caused by another person, which is less related but still represents a relevant toxic effect."
9832,T543X4A,4,"Undetermined captures a scenario of toxic effect but lacks specificity, making it the least closely related to the original diagnosis."
9839,T5491XA,1,"Toxic effect of unspecified corrosive substance, accidental (unintentional), initial encounter matches best as it specifies 'unspecified' and is accidental."
9839,T5494XA,2,"Toxic effect of unspecified corrosive substance, undetermined, initial encounter is a close match as it also uses 'unspecified' but is undetermined."
9839,T541X4A,3,"Toxic effect of other corrosive organic compounds, undetermined, initial encounter fits as it relates to corrosive substances but is not unspecified."
9839,T541X1A,4,"Toxic effect of other corrosive organic compounds, accidental (unintentional), initial encounter is relevant but specifies 'other corrosive organic compounds' instead of unspecified."
9839,T541X2A,5,"Toxic effect of other corrosive organic compounds, intentional self-harm, initial encounter is less relevant due to the intentional nature."
9839,T541X3A,6,"Toxic effect of other corrosive organic compounds, assault, initial encounter is less relevant due to the assault context."
9839,T5492XA,7,"Toxic effect of unspecified corrosive substance, intentional self-harm, initial encounter is less relevant due to the intentional nature."
9839,T5493XA,8,"Toxic effect of unspecified corrosive substance, assault, initial encounter is less relevant due to the assault context."
9839,T571X1A,9,"Toxic effect of phosphorus and its compounds, accidental (unintentional), initial encounter is unrelated as it specifies phosphorus."
9839,T571X2A,10,"Toxic effect of phosphorus and its compounds, intentional self-harm, initial encounter is unrelated and specifies phosphorus."
9839,T571X3A,11,"Toxic effect of phosphorus and its compounds, assault, initial encounter is unrelated and specifies phosphorus."
9839,T571X4A,12,"Toxic effect of phosphorus and its compounds, undetermined, initial encounter is unrelated and specifies phosphorus."
9840,T560X4A,1,"Covers a broad category of lead toxicity without specifying intent, making it the most general match."
9840,T560X1A,2,"Specifically addresses accidental lead toxicity, closely related to the general description of toxic effect."
9840,T560X2A,3,"Covers intentional self-harm due to lead toxicity, which is a specific situation but still related to lead compounds."
9840,T560X3A,4,"Addresses assault related to lead toxicity; while it is a valid code, it is the least related to the general toxic effect description."
9858,T56891A,1,Directly matches 'toxic effect of other metals' and specifies accidental cause.
9858,T56892A,2,Directly matches 'toxic effect of other metals' with intentional self-harm.
9858,T56893A,3,Directly matches 'toxic effect of other metals' with assault.
9858,T56894A,4,Directly matches 'toxic effect of other metals' with undetermined cause.
9858,T564X1A,5,"Related to toxic effects of copper, a specific metal."
9858,T564X2A,6,Related to toxic effects of copper with intentional self-harm.
9858,T564X3A,7,Related to toxic effects of copper with assault.
9858,T564X4A,8,Related to toxic effects of copper with undetermined cause.
9858,T565X1A,9,"Related to toxic effects of zinc, another specific metal."
9858,T565X2A,10,Related to toxic effects of zinc with intentional self-harm.
9858,T565X3A,11,Related to toxic effects of zinc with assault.
9858,T565X4A,12,Related to toxic effects of zinc with undetermined cause.
9858,T566X1A,13,"Related to toxic effects of tin, another specific metal."
9858,T566X2A,14,Related to toxic effects of tin with intentional self-harm.
9858,T566X3A,15,Related to toxic effects of tin with assault.
9858,T566X4A,16,Related to toxic effects of tin with undetermined cause.
986,T5801XA,1,"Direct match for toxic effect of carbon monoxide from motor vehicle exhaust, which is a specific source."
986,T5811XA,2,"Related to toxic effect of carbon monoxide from utility gas, another specific source."
986,T582X1A,3,"Covers toxic effect of carbon monoxide from incomplete combustion of other domestic fuels, also a specific source."
986,T588X1A,4,"Covers toxic effect of carbon monoxide from other sources, still relevant to carbon monoxide poisoning."
986,T5891XA,5,"Covers toxic effect of carbon monoxide from unspecified source, which maintains relevance to the original description."
986,T5802XA,6,Toxic effect of carbon monoxide from motor vehicle exhaust with intentional self-harm; still related but less specific.
986,T5803XA,7,Toxic effect of carbon monoxide from motor vehicle exhaust due to assault; relevant but not accidental.
986,T5804XA,8,Toxic effect of carbon monoxide from motor vehicle exhaust with undetermined intent; relevant but less specific.
986,T5812XA,9,"Intentional self-harm related to utility gas, still relevant to carbon monoxide but less specific."
986,T5813XA,10,Assault related to utility gas; relevant but less specific than accidental cases.
986,T5814XA,11,Undetermined intent related to utility gas; relevant but less specific.
986,T582X2A,12,Intentional self-harm from incomplete combustion; relevant but less specific.
986,T582X3A,13,Assault from incomplete combustion; relevant but less specific.
986,T582X4A,14,Undetermined intent from incomplete combustion; relevant but less specific.
986,T588X2A,15,Intentional self-harm from other sources; relevant but less specific.
986,T588X3A,16,Assault from other sources; relevant but less specific.
986,T588X4A,17,Undetermined intent from other sources; relevant but less specific.
986,T5892XA,18,Intentional self-harm from unspecified source; relevant but less specific.
986,T5893XA,19,Assault from unspecified source; relevant but less specific.
986,T5894XA,20,Undetermined intent from unspecified source; relevant but less specific.
9871,T592X4A,1,"Toxic effect of formaldehyde, undetermined, initial encounter is the most general match as it does not specify intent, aligning best with 'other hydrocarbon gas'."
9871,T592X1A,2,"Toxic effect of formaldehyde, accidental (unintentional), initial encounter is a specific type of toxic effect but still aligns with the general concept of toxic exposure."
9871,T592X2A,3,"Toxic effect of formaldehyde, intentional self-harm, initial encounter is a specific case but diverges from the general toxic exposure context."
9871,T592X3A,4,"Toxic effect of formaldehyde, assault, initial encounter is the least relevant as it involves a specific intent of harm rather than a general toxic exposure."
9875,T593X1A,1,"This code specifies the toxic effect of lacrimogenic gas due to an accidental encounter, matching the general context of the ICD-9 description."
9875,T593X4A,2,"This code captures the toxic effect of lacrimogenic gas with an undetermined cause, which is less specific but still relevant to the original description."
9875,T593X3A,3,"This code indicates the toxic effect of lacrimogenic gas due to assault, which is related but not a direct match to the general toxic effect description."
9875,T593X2A,4,"This code pertains to intentional self-harm from lacrimogenic gas exposure, which is the least related to the original ICD-9 description of toxic effects."
9878,T59891A,1,"Direct match with the description of 'toxic effect of other specified gases, fumes and vapors' and is unintentional."
9878,T59892A,2,Matches the description and is related to intentional self-harm.
9878,T59893A,3,Matches the description and pertains to assault.
9878,T59894A,4,Matches the description and is undetermined.
9878,T595X1A,5,"Specific to fluorine gas and unintentional, somewhat related."
9878,T595X2A,6,"Specific to fluorine gas and intentional self-harm, somewhat related."
9878,T595X3A,7,"Specific to fluorine gas and assault, somewhat related."
9878,T595X4A,8,"Specific to fluorine gas and undetermined, somewhat related."
9878,T596X1A,9,"Specific to hydrogen sulfide and unintentional, somewhat related."
9878,T596X2A,10,"Specific to hydrogen sulfide and intentional self-harm, somewhat related."
9878,T596X3A,11,"Specific to hydrogen sulfide and assault, somewhat related."
9878,T596X4A,12,"Specific to hydrogen sulfide and undetermined, somewhat related."
9878,T597X1A,13,"Specific to carbon dioxide and unintentional, somewhat related."
9878,T597X2A,14,"Specific to carbon dioxide and intentional self-harm, somewhat related."
9878,T597X3A,15,"Specific to carbon dioxide and assault, somewhat related."
9878,T597X4A,16,"Specific to carbon dioxide and undetermined, somewhat related."
9878,T59811A,17,"Specific to smoke and unintentional, somewhat related."
9878,T59812A,18,"Specific to smoke and intentional self-harm, somewhat related."
9878,T59813A,19,"Specific to smoke and assault, somewhat related."
9878,T59814A,20,"Specific to smoke and undetermined, somewhat related."
9879,T5991XA,1,"Direct match to unspecified gases, fumes, and vapors, aligns with the original ICD-9 description."
9879,T5994XA,2,"Covers undetermined circumstances, still relates closely to unspecified gases, fumes, and vapors."
9879,T59811A,3,"Toxic effect of smoke, but specifies accidental; smoke is a type of fume."
9879,T59814A,4,"Toxic effect of smoke, undetermined circumstances; smoke is a type of fume."
9879,T59812A,5,"Toxic effect of smoke, but specifies intentional self-harm; still relevant but less so."
9879,T59813A,6,Toxic effect of smoke due to assault; relevant but specifies a cause not present in ICD-9.
9879,T5992XA,7,"Toxic effect of unspecified gases, fumes, and vapors due to intentional self-harm; relevant but specifies a cause not present in ICD-9."
9879,T5993XA,8,"Toxic effect of unspecified gases, fumes, and vapors due to assault; relevant but specifies a cause not present in ICD-9."
9881,T620X4A,1,"This code captures the toxic effect of ingested mushrooms without specifying intent, making it the closest match to the general description of 'toxic effect of mushrooms eaten as food'."
9881,T620X1A,2,"This code refers to an accidental ingestion of mushrooms, which can be considered a specific case of eating mushrooms that results in toxicity."
9881,T620X2A,3,"While this code refers to intentional self-harm through mushroom ingestion, it is less relevant than accidental ingestion in the context of general toxicity from food."
9881,T620X3A,4,"This code pertains to assault, which is not relevant to the description of toxic effects from mushrooms eaten as food."
9882,T621X1A,1,Accidental ingestion of berries matches the ICD-9 description of toxic effect of berries.
9882,T621X2A,2,Intentional self-harm related to ingestion of berries is a specific scenario under the broader category.
9882,T621X3A,3,"Assault related to ingestion of berries is a specific scenario, though less common."
9882,T621X4A,4,Undetermined cause of ingestion of berries is less specific but still relevant.
9882,T622X1A,5,"Accidental ingestion of other plants relates to the broader category of toxic effects, but is less specific than T621 codes."
9882,T622X2A,6,Intentional self-harm related to other plants is a specific scenario under the broader category.
9882,T622X3A,7,Assault related to other plants is a specific scenario but less common.
9882,T622X4A,8,Undetermined cause of ingestion of other plants is less specific but still relevant.
9894,T608X1A,1,"Direct match to 'toxic effect of other pesticides, accidental (unintentional)'"
9894,T608X2A,2,"Related to 'toxic effect of other pesticides', specifies intentional self-harm"
9894,T608X3A,3,"Related to 'toxic effect of other pesticides', specifies assault"
9894,T608X4A,4,"Related to 'toxic effect of other pesticides', specifies undetermined intent"
9894,T602X1A,5,"Related to insecticides, accidental (unintentional), but not specifically 'other pesticides'"
9894,T602X2A,6,"Related to insecticides, intentional self-harm, but not specifically 'other pesticides'"
9894,T602X3A,7,"Related to insecticides, assault, but not specifically 'other pesticides'"
9894,T602X4A,8,"Related to insecticides, undetermined, but not specifically 'other pesticides'"
9894,T601X1A,9,"Specific to halogenated insecticides, not a match for 'other pesticides'"
9894,T601X2A,10,"Specific to halogenated insecticides and intentional self-harm, not a match for 'other pesticides'"
9894,T601X3A,11,"Specific to halogenated insecticides and assault, not a match for 'other pesticides'"
9894,T601X4A,12,"Specific to halogenated insecticides and undetermined, not a match for 'other pesticides'"
9894,T604X1A,13,"Specific to rodenticides, not a match for 'other pesticides'"
9894,T604X2A,14,"Specific to rodenticides and intentional self-harm, not a match for 'other pesticides'"
9894,T604X3A,15,"Specific to rodenticides and assault, not a match for 'other pesticides'"
9894,T604X4A,16,"Specific to rodenticides and undetermined, not a match for 'other pesticides'"
9894,T6091XA,17,"Unspecified pesticide, accidental (unintentional), not a direct match but related"
9894,T6092XA,18,"Unspecified pesticide, intentional self-harm, not a direct match but related"
9894,T6093XA,19,"Unspecified pesticide, assault, not a direct match but related"
9894,T6094XA,20,"Unspecified pesticide, undetermined, not a direct match but related"
9896,T550X1A,1,"Direct match for toxic effect of soaps, unintentional."
9896,T551X1A,2,"Closely related to toxic effect of detergents, unintentional, which is a similar substance."
9896,T550X2A,3,"Toxic effect of soaps, intentional self-harm; while the intent differs, the substance is the same."
9896,T551X2A,4,"Toxic effect of detergents, intentional self-harm; similar to the above but for detergents."
9896,T550X3A,5,"Toxic effect of soaps, assault; relevant but indicates a different context."
9896,T551X3A,6,"Toxic effect of detergents, assault; relevant but pertains to a different substance and context."
9896,T550X4A,7,"Toxic effect of soaps, undetermined; less specific but still relevant."
9896,T551X4A,8,"Toxic effect of detergents, undetermined; similar reasoning as the above but for detergents."
98982,T65811A,1,Accidental (unintentional) matches the general meaning of 'toxic effect' without additional context of intent.
98982,T65814A,2,Undetermined matches the general 'toxic effect' meaning but lacks specificity about intent.
98982,T65812A,3,Intentional self-harm is related but significantly alters the context of the toxic effect.
98982,T65813A,4,Assault is a specific context that changes the meaning from a general toxic effect.
9899,T6594XA,1,best match for unspecified substance with undetermined intent
9899,T6591XA,2,matches unspecified substance and accidental (unintentional) intent
9899,T6592XA,3,matches unspecified substance and intentional self-harm intent
9899,T6593XA,4,matches unspecified substance and assault intent
9899,T5794XA,5,matches unspecified inorganic substance and undetermined intent
9899,T5791XA,6,matches unspecified inorganic substance and accidental (unintentional) intent
9899,T5792XA,7,matches unspecified inorganic substance and intentional self-harm intent
9899,T5793XA,8,matches unspecified inorganic substance and assault intent
9911,T33529A,1,"Directly corresponds to superficial frostbite of the hand, matching both the condition and the body site."
9911,T34529A,2,"Refers to frostbite with tissue necrosis, which is a more severe condition than indicated by the ICD-9 code. While it pertains to frostbite of the hand, the added severity makes it less specific to the original description."
9912,T34829A,1,"This code describes frostbite with tissue necrosis of the foot, which is more specific and severe compared to the original description of frostbite of the foot."
9912,T33829A,2,"This code describes superficial frostbite of the unspecified foot, which directly corresponds to frostbite of the foot."
9912,T33839A,3,"This code describes superficial frostbite of unspecified toe(s), which is less relevant than the frostbite of the entire foot."
9913,T3390XA,1,Matches 'unspecified sites' from ICD-9 description.
9913,T3399XA,2,Matches 'other sites' from ICD-9 description.
9913,T3490XA,3,Related to frostbite with tissue necrosis; 'unspecified sites' matches part of the ICD-9 description.
9913,T3499XA,4,Related to frostbite with tissue necrosis; 'other sites' matches part of the ICD-9 description.
9949,T7589XA,1,"This code directly corresponds to 'other specified effects of external causes,' aligning closely with the ICD-9 description."
9949,T738XXA,2,"This code refers to 'other effects of deprivation,' which can be related to external causes but is more specific to deprivation."
9949,T739XXA,3,"This code is broader and more vague, referencing unspecified effects of deprivation, making it less specific than the others."
99580,T7491XA,1,Direct match in meaning to unspecified adult maltreatment with confirmed status.
99580,T7691XA,2,"Related to adult maltreatment but indicates suspected rather than confirmed status, making it less specific."
99581,T7411XA,1,Exact match in meaning as it specifies 'confirmed' adult physical abuse.
99581,T7611XA,2,"Related match as it refers to 'suspected' adult physical abuse, but lacks the confirmation."
99582,T7431XA,1,"This code directly corresponds to confirmed adult psychological abuse, matching the ICD-9 description closely."
99582,T7631XA,2,"This code refers to suspected adult psychological abuse, which is relevant but less specific than the confirmed abuse in the ICD-9 description."
99583,T7421XA,1,Exact match in meaning with confirmed adult sexual abuse.
99583,T7621XA,2,"Related concept of suspected adult sexual abuse, but not as definitive as confirmed."
99584,T7401XA,1,"Directly relates to confirmed adult neglect, aligning closely with the concept of neglect (nutritional) in ICD-9."
99584,T7601XA,2,"Relates to suspected adult neglect, which is relevant but less specific than confirmed neglect."
99585,T7491XA,1,"Directly corresponds to confirmed adult maltreatment, matching the concept of adult abuse."
99585,T7691XA,2,"Pertains to suspected adult maltreatment, which is relevant but less specific than confirmed."
99601,T82110A,1,"Directly corresponds to the mechanical complication of cardiac electrode, which is the most specific match."
99601,T82190A,2,"Covers other mechanical complications of cardiac electrode, maintaining relevance to the original complication."
99601,T82120A,3,"Displacement of cardiac electrode is a specific type of mechanical complication, relevant to the original description."
99601,T82111A,4,"Refers to a mechanical complication involving the pulse generator (battery), which is related but less specific to the electrode."
99601,T82121A,5,"Similar to T82111A but refers to displacement of the pulse generator, making it less relevant than those related to the electrode."
99601,T82191A,6,"Covers other mechanical complications of the pulse generator, which is the least relevant to the original electrode complication."
99602,T8201XA,1,Directly matches the description of a mechanical complication due to breakdown of heart valve prosthesis.
99602,T8202XA,2,"Describes a mechanical complication related to displacement of heart valve prosthesis, which is a specific type of mechanical complication."
99602,T8203XA,3,"Covers a mechanical complication involving leakage of heart valve prosthesis, which is another specific type of complication."
99602,T8209XA,4,"Includes other types of mechanical complications of heart valve prosthesis, which is broader but still relevant."
99603,T82211A,1,"Directly describes a mechanical breakdown of the coronary artery bypass graft, which matches the nature of the complication."
99603,T82212A,2,"Describes displacement, which is a specific type of mechanical complication related to coronary artery bypass grafts."
99603,T82213A,3,"Describes leakage, another specific mechanical complication associated with coronary artery bypass grafts."
99603,T82218A,4,"Covers other mechanical complications of coronary artery bypass grafts, but is less specific than the previous codes."
99604,T82191A,1,"Specifically addresses other mechanical complications of the cardiac pulse generator, closely related to the defibrillator."
99604,T82111A,2,"Focuses on the mechanical breakdown of the cardiac pulse generator, relevant to defibrillator complications."
99604,T82190A,3,"Covers other mechanical complications of cardiac electrodes, relevant to the defibrillator context."
99604,T82110A,4,"Refers to breakdown of cardiac electrodes, relevant but less specific to the defibrillator than other options."
99604,T82120A,5,"Deals with displacement of cardiac electrodes, which may be a form of mechanical complication but is less direct."
99604,T82121A,6,"Concerns displacement of the cardiac pulse generator, but is less relevant to the specific context of complications."
99609,T82598A,1,"Other mechanical complication of other cardiac and vascular devices and implants, initial encounter"
99609,T82518A,2,"Breakdown (mechanical) of other cardiac and vascular devices and implants, initial encounter"
99609,T82528A,3,"Displacement of other cardiac and vascular devices and implants, initial encounter"
99609,T82538A,4,"Leakage of other cardiac and vascular devices and implants, initial encounter"
99609,T82228A,5,"Other mechanical complication of biological heart valve graft, initial encounter"
99609,T82221A,6,"Breakdown (mechanical) of biological heart valve graft, initial encounter"
99609,T82222A,7,"Displacement of biological heart valve graft, initial encounter"
99609,T82223A,8,"Leakage of biological heart valve graft, initial encounter"
9961,T82598A,1,Broad category that encompasses other mechanical complications of various vascular devices and implants.
9961,T8249XA,2,"Specific to complications of vascular dialysis catheter, which is a type of vascular device."
9961,T82590A,3,"Relates to complications of surgically created arteriovenous fistulas, a type of vascular device."
9961,T82591A,4,"Relates to complications of surgically created arteriovenous shunts, which are vascular devices."
9961,T82593A,5,"Covers complications of balloon devices, which can be considered vascular devices."
9961,T82595A,6,"Refers to complications of umbrella devices, which may be used in vascular contexts."
9961,T82390A,7,"Specific to mechanical complications of aortic grafts, which are vascular devices."
9961,T82391A,8,"Specific to mechanical complications of carotid arterial grafts, relating to vascular devices."
9961,T82392A,9,"Specific to mechanical complications of femoral arterial grafts, also a type of vascular device."
9962,T85199A,1,Most general code for mechanical complications of implanted electronic stimulators of the nervous system.
9962,T85190A,2,"Specifically addresses complications related to an implanted electronic neurostimulator of the brain, aligning with the nervous system context."
9962,T85192A,3,"Specifically addresses complications related to an implanted electronic neurostimulator of the spinal cord, still within the nervous system context."
9962,T85193A,4,"Covers complications from the generator of an implanted neurostimulator, which is relevant to the nervous system devices."
9962,T8509XA,5,"Specific to ventricular shunts; while it relates to the nervous system, it is less directly relevant to the general category of devices, implants, and grafts."
99639,T83198A,1,"Directly relates to other urinary devices and implants, which aligns well with 'other mechanical complication of genitourinary device'."
99639,T83498A,2,"Pertains to mechanical complications of prosthetic devices and implants in the genital tract, closely related to genitourinary devices."
99639,T83090A,3,"Specifically refers to complications of cystostomy catheters, a type of urinary device, making it relevant."
99639,T83092A,4,"Relates to nephrostomy catheters, which are also genitourinary devices, though more specific than the original code."
99639,T83098A,5,"Covers other urinary catheters, making it relevant but less specific than the top-ranked codes."
99639,T83193A,6,"Concerns complications of urinary stents, which are specific devices but not as broad as the original code."
99639,T8329XA,7,"Related to complications of grafts of urinary organs, but is a more specific category than the general classification of the original code."
99649,T84498A,1,"Directly matches the description of 'other mechanical complication of other internal orthopedic devices, implants and grafts'."
99649,T84199A,2,"Refers to 'other mechanical complication of internal fixation device', which is related but more specific to fixation devices only."
99649,T84119A,3,"Describes a specific type of mechanical complication (breakdown) of an internal fixation device, but it is less general than T84498A."
99649,T84129A,4,"Describes a specific type of mechanical complication (displacement) of an internal fixation device, which is less relevant than the others."
99652,T86821,1,"This code describes failure of a skin graft, which is a mechanical complication related to grafts, aligning closely with the description of the ICD-9 code."
99652,T86820,2,"This code describes rejection of a skin graft. While related to grafts, it does not specify a mechanical complication, making it a less precise match compared to T86821."
99659,T85698A,1,"This code refers to other mechanical complications of specified internal prosthetic devices, which aligns closely with the ICD-9 description regarding mechanical complications due to implants and internal devices."
99659,T85398A,2,"This code pertains to mechanical complications of ocular prosthetic devices. While it is a specific type of implant, it is still an implant-related complication, hence ranked after the more general code."
99659,T85590A,3,"This code is specific to bile duct prosthesis complications. While it relates to a mechanical complication, it is more specific and less general than T85698A, making it less applicable overall."
99659,T85692A,4,"This code refers to mechanical complications of permanent sutures, which is a specific type of internal device but does not encompass the broader category of 'other implants and internal devices' as described in the ICD-9 code."
99661,T827XXA,1,"This code covers a broader category of infections due to other cardiac and vascular devices, implants, and grafts, which aligns well with the ICD-9 description."
99661,T826XXA,2,"This code is more specific to cardiac valve prosthesis, which is a subset of the broader category. It is a valid match but less comprehensive than T827XXA."
99663,T85738A,1,"This code is the most general and encompasses infections due to 'other' nervous system devices, implants, or grafts, aligning closely with the broad description of the ICD-9 code."
99663,T85730A,2,"This code specifically refers to infections due to a ventricular intracranial shunt, which is a specific type of nervous system device, making it a suitable match."
99663,T85731A,3,"This code addresses infections related to an implanted electronic neurostimulator of the brain, which is a specific device within the nervous system."
99663,T85732A,4,"This code pertains to infections related to an implanted electronic neurostimulator of a peripheral nerve, also a specific category of devices, thus relevant."
99663,T85733A,5,"This code relates to infections from an implanted electronic neurostimulator of the spinal cord, representing another specific device within the nervous system context."
99663,T85734A,6,"This code involves infections due to an implanted electronic neurostimulator generator, which is a specific type of device relevant to the nervous system."
99663,T85735A,7,"This code addresses infections from cranial or spinal infusion catheters, which, while specific, may not directly align with the general description of the ICD-9 code as closely as others."
99664,T83511A,1,"This code specifically refers to infection and inflammatory reaction due to an indwelling urethral catheter, which is closely aligned with the ICD-9 description."
99664,T83510A,2,"This code pertains to cystostomy catheter infections, which are related but not as directly synonymous with indwelling urinary catheters."
99664,T83518A,3,"This code covers infections due to other urinary catheters, which could include indwelling catheters but is less specific than T83511A."
99664,T83512A,4,"This code refers to nephrostomy catheter infections, which is not directly related to the indwelling urinary catheter described in the ICD-9 code."
99665,T83598A,1,Broadly matches as it covers infection and inflammatory reaction due to other prosthetic devices in the urinary system.
99665,T83590A,2,"Specifically matches infection due to implanted urinary neurostimulation device, relevant to the urinary system."
99665,T83591A,3,"Matches infection due to implanted urinary sphincter, which is a specific type of urinary device."
99665,T83592A,4,"Matches infection due to indwelling ureteral stent, relevant to the urinary system."
99665,T83593A,5,"Matches infection due to other urinary stents, applicable within the context of urinary devices."
99665,T8361XA,6,"Matches infection due to implanted penile prosthesis, which is related to genital devices."
99665,T8362XA,7,"Matches infection due to implanted testicular prosthesis, relevant to genital devices."
99665,T8369XA,8,"Broadly matches infection due to other prosthetic devices in the genital tract, but is less specific to the urinary context."
99667,T847XXA,1,"This code specifically covers infection and inflammatory reaction due to other internal orthopedic prosthetic devices, implants, and grafts, aligning closely with the description in ICD-9."
99667,T8460XA,2,"This code refers to infection and inflammatory reaction due to internal fixation devices but does not specify the type of device as 'other orthopedic prosthetic', making it less specific than T847XXA."
99671,T82897A,1,"This code directly corresponds to 'Other specified complication of cardiac prosthetic devices', aligning closely with the ICD-9 description."
99671,T829XXA,2,"This code addresses 'Unspecified complication of cardiac and vascular prosthetic device', which is relevant but less specific than T82897A."
99671,T82817A,3,"Embolism is a complication that can occur with heart valve prosthesis, making this a relevant match."
99671,T82827A,4,"Fibrosis can be a complication associated with prosthetic devices, relevant to the general category of complications."
99671,T82837A,5,"Hemorrhage is a known complication that can occur due to heart valve prostheses, making this a relevant match."
99671,T82847A,6,"Pain related to cardiac prosthetic devices is a potential complication, relevant but less specific than the top ranks."
99671,T82857A,7,"Stenosis can occur with prosthetic devices, making this a relevant complication but not the best match."
99671,T82867A,8,Thrombosis is a possible complication but is more specific than general complications listed in the ICD-9 description.
99672,T82897A,1,"Other specified complication of cardiac prosthetic devices, implants and grafts directly matches the generality of 'other complications'."
99672,T829XXA,2,"Unspecified complication of cardiac and vascular prosthetic device, implant and graft provides a broader category that covers complications not specifically listed."
99672,T82817A,3,"Embolism due to cardiac prosthetic devices is a specific complication that could arise from such devices, aligning with the concept of complications."
99672,T82827A,4,Fibrosis due to cardiac prosthetic devices is a specific complication that is relevant to the context of cardiac devices.
99672,T82837A,5,Hemorrhage due to cardiac prosthetic devices is another specific complication that can arise from such devices.
99672,T82847A,6,"Pain due to cardiac prosthetic devices is a recognized complication, although more subjective than others listed."
99672,T82867A,7,"Thrombosis due to cardiac prosthetic devices is a specific complication that can occur, relating to the context of cardiac interventions."
99672,T82855A,8,Stenosis of coronary artery stent is a specific complication that is somewhat more specialized than general complications.
99672,T82857A,9,Stenosis of other cardiac prosthetic devices is specific but may not encompass the broad range of complications implied by the ICD-9 code.
99673,T82898A,1,"Other specified complication of vascular prosthetic devices, implants and grafts is the most general and inclusive match for 'other complications due to renal dialysis device, implant, and graft'."
99673,T82818A,2,"Embolism due to vascular prosthetic devices, implants and grafts is a specific complication that could be related to renal dialysis devices."
99673,T82828A,3,"Fibrosis due to vascular prosthetic devices, implants and grafts represents a specific complication that could occur with the use of dialysis devices."
99673,T82838A,4,"Hemorrhage due to vascular prosthetic devices, implants and grafts could be a potential complication arising from the use of dialysis devices."
99673,T82848A,5,"Pain due to vascular prosthetic devices, implants and grafts may occur as a complication of dialysis devices."
99673,T82858A,6,"Stenosis of other vascular prosthetic devices, implants and grafts could be a complication related to the vascular access used in dialysis."
99673,T82868A,7,"Thrombosis due to vascular prosthetic devices, implants and grafts is a specific complication that may arise from dialysis devices."
99674,T82898A,1,Directly corresponds to 'Other specified complication' which aligns with the 'Other complications' in the ICD-9 description.
99674,T829XXA,2,"Covers 'Unspecified complication', which is a broader category and can encompass various complications similar to those described in the ICD-9."
99674,T82818A,3,"Specific to embolism, which is a recognized complication of vascular devices, implants, and grafts."
99674,T82828A,4,"Specific to fibrosis, another potential complication associated with vascular devices."
99674,T82838A,5,"Specific to hemorrhage, which is a significant complication that can arise from vascular devices."
99674,T82848A,6,"Pain can be a complication resulting from the use of vascular devices, aligning with the general idea of complications."
99674,T82856A,7,Stenosis of a peripheral vascular stent is a specific complication related to vascular devices.
99674,T82858A,8,Stenosis of other vascular prosthetic devices is a specific complication that could apply to the general category of complications in the ICD-9.
99674,T82868A,9,"Thrombosis is another specific complication that can occur with vascular devices, although not as general as 'other complications'."
99675,T85890A,1,This code captures 'other specified complication' which aligns closely with the general description of 'other complications' from the ICD-9 code.
99675,T85810A,2,"Embolism is a specific complication that can occur due to the presence of prosthetic devices, making it relevant to the broader category of complications."
99675,T85820A,3,Fibrosis is a recognized complication that can arise from the presence of implants or devices in the nervous system.
99675,T85830A,4,"Hemorrhage is a serious complication that can be associated with nervous system devices, making it a relevant candidate."
99675,T85840A,5,"Pain is a common complication related to implants and devices, making it semantically relevant to the ICD-9 description."
99675,T85850A,6,"Stenosis can occur as a complication of implants or devices, thus it is relevant to the description of complications."
99675,T85860A,7,"Thrombosis is a recognized complication that can occur due to the presence of prosthetic devices, making it relevant."
99676,T8389XA,1,"Other specified complication of genitourinary prosthetic devices, implants and grafts, initial encounter is the closest match to 'Other complications' in the ICD-9 description."
99676,T839XXA,2,"Unspecified complication of genitourinary prosthetic device, implant and graft, initial encounter is a broader category that still aligns with complications due to devices."
99676,T8381XA,3,"Embolism due to genitourinary prosthetic devices, implants and grafts, initial encounter specifies a type of complication that can occur."
99676,T8382XA,4,"Fibrosis due to genitourinary prosthetic devices, implants and grafts, initial encounter describes a specific type of complication."
99676,T8383XA,5,"Hemorrhage due to genitourinary prosthetic devices, implants and grafts, initial encounter indicates a specific complication."
99676,T8384XA,6,"Pain due to genitourinary prosthetic devices, implants and grafts, initial encounter refers to a common complication."
99676,T8385XA,7,"Stenosis due to genitourinary prosthetic devices, implants and grafts, initial encounter refers to a specific complication that may arise."
99676,T8386XA,8,"Thrombosis due to genitourinary prosthetic devices, implants and grafts, initial encounter specifies another specific complication."
99677,T8489XA,1,This code represents 'Other specified complication' which aligns closely with 'Other complications' in the ICD-9 description.
99677,T849XXA,2,"This code represents 'Unspecified complication', which can encompass a variety of complications related to internal joint prosthesis, although less specific than T8489XA."
99677,T8484XA,3,"Pain is a common complication associated with internal joint prostheses, making this a relevant candidate."
99677,T8481XA,4,"Embolism is a serious complication that can occur with internal joint prostheses, though it is more specific than 'other complications'."
99677,T8483XA,5,"Hemorrhage is a recognized complication from joint prosthesis, but it is more specific than 'other complications'."
99677,T8482XA,6,Fibrosis can occur due to prosthetic devices but is again more specific than the general term 'other complications'.
99677,T8485XA,7,Stenosis is a potential complication but is specific and may not cover the broader 'other complications' scope.
99677,T8486XA,8,Thrombosis is specific and may not represent the broader range of complications associated with internal joint prostheses.
99678,T8489XA,1,This code captures 'other specified complications' which aligns closely with the 'other complications' description in the ICD-9 code.
99678,T849XXA,2,"This code is for 'unspecified complications', which is a broader category but still relevant to complications from orthopedic devices."
99678,T8481XA,3,"Embolism is a specific complication that can arise from orthopedic devices, making it a relevant candidate."
99678,T8483XA,4,"Hemorrhage is a specific complication that can occur, thus it is relevant to the context of complications from orthopedic devices."
99678,T8484XA,5,"Pain is a common complication associated with orthopedic devices, making this code relevant."
99678,T8482XA,6,"Fibrosis can be a complication related to orthopedic devices, although it may be less common than others."
99678,T8485XA,7,Stenosis can occur due to orthopedic devices but is more specific and less broadly applicable than 'other complications'.
99678,T8486XA,8,Thrombosis is a specific complication but is less directly related to the general category of 'other complications' than the higher-ranked codes.
99679,T85898A,1,"This code captures 'other specified complication', which aligns closely with the general description of 'other complications' in the ICD-9 code."
99679,T85818A,2,"Embolism is a specific type of complication that can arise from internal prosthetic devices, making it a relevant match."
99679,T85828A,3,"Fibrosis is a known complication related to prosthetic devices and is a specific manifestation, thus a relevant match."
99679,T85838A,4,"Hemorrhage is a specific complication that can occur with internal prosthetic devices, making it semantically relevant."
99679,T85848A,5,"Pain is a common complication associated with prosthetic devices, which makes this code relevant."
99679,T85858A,6,"Stenosis can occur due to internal prosthetic devices and is a specific complication, thus relevant."
99679,T85868A,7,"Thrombosis is another specific complication that can arise from internal prosthetic devices, making it a valid match."
99680,T8690,1,"This code refers specifically to unspecified complications, aligning closely with the ICD-9 description."
99680,T8699,2,"This code covers other complications, which is a broad category but still relates to the general concept of complications."
99680,T8691,3,"Rejection is a specific type of complication, making it relevant but not as general as T8690."
99680,T8692,4,"Failure is another specific complication type, which is relevant but less broad than T8690 and T8699."
99681,T8610,1,Unspecified complication of kidney transplant directly relates to complications arising from a transplanted kidney.
99681,T8611,2,"Kidney transplant rejection is a specific type of complication that can occur post-transplant, making it a relevant choice."
99681,T8612,3,"Kidney transplant failure is also a specific complication related to the transplanted kidney, though it indicates a more severe outcome than general complications."
99682,T8640,1,Unspecified complication of liver transplant directly corresponds to the general category of complications related to liver transplants.
99682,T8641,2,"Liver transplant rejection is a specific type of complication that can arise from a transplanted liver, making it relevant but more specific than the general complication."
99682,T8642,3,"Liver transplant failure is also a specific complication but implies a more severe outcome than general complications, making it less directly synonymous with 'complications' as a broad category."
99683,T8620,1,Unspecified complication of heart transplant is directly related to complications of a transplanted heart.
99683,T8621,2,Heart transplant rejection is a specific type of complication that can occur after a heart transplant.
99683,T8622,3,Heart transplant failure is also a specific complication related to a transplanted heart but more severe and specific than general complications.
99684,T86819,1,"Unspecified complication of lung transplant is the broadest match, covering all complications related to lung transplant."
99684,T86810,2,"Lung transplant rejection is a specific complication of lung transplant, fitting under the category of complications."
99684,T86811,3,Lung transplant failure is also a specific complication but can be considered a more severe or different issue than general complications.
99685,T8600,1,Unspecified complication of bone marrow transplant is a direct match to the general concept of complications.
99685,T8609,2,"Other complications of bone marrow transplant also aligns with the concept of complications, though it is less specific than T8600."
99685,T8601,3,"Bone marrow transplant rejection is a specific type of complication, making it relevant but more specific than the general term used in ICD-9."
99685,T8602,4,"Bone marrow transplant failure is also a specific complication, but it does not encompass all complications as broadly as the other options."
99686,T86891,1,"Directly relates to failure of the transplanted pancreas, which is a complication."
99686,T86890,2,"Related to rejection of transplanted tissue, which can be a complication of a transplanted pancreas."
99686,T86899,3,"General unspecified complication of transplanted tissue, less specific than the others."
99687,T86859,1,Unspecified complication of intestine transplant is a broad match to complications of transplanted intestine.
99687,T86851,2,Intestine transplant failure is a specific type of complication that can arise after a transplant.
99687,T86850,3,Intestine transplant rejection is a specific complication but is more focused on rejection rather than general complications.
99689,T86899,1,"This code captures unspecified complications of other transplanted tissue, making it the most general and thus a good match for 'other specified transplanted organ'."
99689,T86890,2,"This code specifically refers to rejection of transplanted tissue, which is a common complication that could arise from a transplanted organ."
99689,T86891,3,"This code refers to failure of transplanted tissue, which is also relevant but is more specific than the general complications noted in the ICD-9 description."
99701,G9782,1,"Directly relates to postprocedural complications of the nervous system, which aligns closely with central nervous system complications."
99701,G9781,2,"Relates to intraoperative complications of the nervous system, but is less specific to the central nervous system than postprocedural complications."
99702,I97821,1,Postprocedural cerebrovascular infarction aligns closely with iatrogenic events occurring after surgical procedures.
99702,I97811,2,"Intraoperative cerebrovascular infarction is related to iatrogenic events but is specifically during surgery, making it less directly related than postprocedural."
99709,G9782,1,"Directly relates to complications of the nervous system occurring after a procedure, aligning with 'other nervous system complications'."
99709,G9781,2,"Refers to intraoperative complications of the nervous system, which can fall under the category of nervous system complications."
99709,G970,3,"While it addresses a specific complication (cerebrospinal fluid leak), it is more narrowly focused and does not encompass the broader category of 'other nervous system complications'."
99709,G038,4,Meningitis is a specific condition and does not align well with the general category of 'other nervous system complications'.
9971,I9788,1,"Specific to intraoperative complications of the circulatory system, aligning with 'cardiac complications' contextually."
9971,I97790,2,"Describes other intraoperative cardiac functional disturbances, relevant to cardiac complications."
9971,I97710,3,"Specifically refers to intraoperative cardiac arrest, a type of cardiac complication."
9971,I9789,4,"Addresses postprocedural complications of the circulatory system, but less directly related to the cardiac complications specified."
9972,T81719A,1,Complication related to an artery aligns with vascular complications.
9972,T8172XA,2,Complication related to a vein is also a vascular issue but less specific than arterial complications.
99739,J9588,1,"This code specifically addresses intraoperative complications of the respiratory system, aligning well with the notion of respiratory complications."
99739,J9589,2,"This code pertains to postprocedural complications of the respiratory system, which is a relevant type of respiratory complication."
99739,J95859,3,"This code refers to complications related to ventilators, which may not broadly cover 'other respiratory complications' as effectively as the previous codes."
99749,K9189,1,"This code encompasses other postprocedural complications and disorders of the digestive system, aligning closely with the unspecified nature of 'other digestive system complications'."
99749,K9181,2,"This code refers to other intraoperative complications of the digestive system, which can be considered under the broader category of digestive system complications."
99749,K9130,3,"Postprocedural intestinal obstruction is a specific complication that can arise as a result of surgical procedures affecting the digestive system, making it relevant."
99749,K9131,4,"Postprocedural partial intestinal obstruction is a more specific type of complication related to digestive system issues post-surgery, thus relevant."
99749,K9132,5,"Postprocedural complete intestinal obstruction is another specific complication that can occur post-surgery, aligning with the concept of digestive system complications."
99749,K9182,6,"Postprocedural hepatic failure is a serious complication that falls under digestive system issues post-procedure, but is more specific than 'other complications'."
99749,K9183,7,"Postprocedural hepatorenal syndrome is a specific complication that can arise after digestive procedures, but is narrower in scope compared to the broader category of other complications."
99779,T81718A,1,"This code specifically refers to complications of arteries, which aligns with 'vascular complications of other vessels' as it includes arterial complications."
99779,T8172XA,2,"While this code refers to complications of veins, it is still related to vascular complications, but is less specific than the arterial complication."
99799,E8989,1,This code relates to postprocedural complications and is the most aligned with the notion of unspecified complications affecting body systems.
99799,I9789,2,"This code refers to postprocedural complications in the circulatory system, which can be seen as affecting a body system, though it's more specific than E8989."
99799,M9689,3,"This code pertains to musculoskeletal complications, also representing a complication affecting a body system, but is less general than E8989."
99799,H5989,4,"This code addresses postprocedural complications of the eye and adnexa, which is a specific body system, but less relevant than the broader categories above."
99799,H5988,5,"Similar to H5989, this code deals with intraoperative complications of the eye and adnexa, being specific but still less relevant than the higher-ranked codes."
99799,H59099,6,"This code covers unspecified disorders of the eye post-cataract surgery, which is quite specific and less related to the general concept of complications across other body systems."
9984,T81509A,1,General match for foreign body left in body without specifying the complication.
9984,T81519A,2,"Specific to adhesions, a possible complication from a foreign body left in the body."
9984,T81529A,3,"Specific to obstruction, a possible complication from a foreign body left in the body."
9984,T81539A,4,"Specific to perforation, a possible complication from a foreign body left in the body."
99859,T814XXA,1,"This code directly addresses postoperative infections, making it a more general match for 'Other postoperative infection'."
99859,K6811,2,"This code specifies a type of postoperative complication (abscess) but is more specific than the original description, which is broader."
9987,T8161XA,1,Specificity in describing aseptic peritonitis due to a foreign substance aligns closely with the acute reaction.
9987,T8169XA,2,"General acute reaction to a foreign substance, but lacks the specificity of the first code."
99939,T8029XA,1,"This code specifically addresses infection following infusion, transfusion, and therapeutic injection, matching the broader context of the ICD-9 description."
99939,T880XXA,2,"While this code relates to infection following immunization, it is more specific to vaccinations and does not encompass the broader category of infusions and transfusions."
99988,T8089XA,1,Specificity in describing other complications following infusion aligns closely with the 'Other infusion reaction' description.
99988,T8090XA,2,"Unspecified complication is broader and less specific than 'Other infusion reaction', making it a less optimal match."
9999,T888XXA,1,This code specifies 'other specified complications' which aligns closely with 'other and unspecified complications' in the ICD-9 description.
9999,T889XXA,2,"This code is more general, describing complications as 'unspecified'. It is less specific than T888XXA but still relates to complications of medical care."
E0299,Y9389,1,"This code directly corresponds to 'other specified' activities, which aligns closely with the general description of 'other activity' in ICD-9."
E0299,Y9385,2,"This code is specific to 'choking game', which is a particular type of activity and does not encompass the broader category of 'other activity'."
E8191,V499XXA,1,"This code refers to a car occupant injured in an unspecified traffic accident, which closely matches the description of a passenger injured in a motor vehicle accident of unspecified nature."
E8191,V599XXA,2,"This code specifically refers to occupants of a pick-up truck or van injured in an unspecified traffic accident. While it specifies the type of vehicle, it still relates to the general category of motor vehicle accidents."
E8191,V699XXA,3,"This code refers to occupants of heavy transport vehicles injured in an unspecified traffic accident. Although it is related to vehicle accidents, it is less applicable due to the specificity of the vehicle type compared to the broader category of motor vehicle traffic accidents."
E8210,V8659XA,1,"This code specifically refers to a driver of an off-road motor vehicle injured in a nontraffic accident, aligning closely with the ICD-9 description."
E8210,V8656XA,2,"While this code refers to a driver of a dirt bike or motor/cross bike, it is less applicable since the ICD-9 code does not specify motorcycle-related injuries."
E8211,V8669XA,1,More specific match to 'other off-road motor vehicle' as it includes special all-terrain vehicles.
E8211,V8666XA,2,"Less specific as it refers specifically to dirt bikes or motor/cross bikes, which may not cover the broader category of off-road vehicles."
E8218,V8679XA,1,"This code specifically addresses injuries related to 'other off-road motor vehicles', which aligns closely with the description of the ICD-9 code."
E8218,V8676XA,2,"While this code pertains to injuries on a dirt bike or motor/cross bike, it is more specific and does not cover 'other off-road motor vehicles' as described in the ICD-9 code."
E8219,V8699XA,1,"More general and specific to 'other off-road motor vehicle', matching the description of the ICD-9 code."
E8219,V8696XA,2,"Specific to dirt bikes or motor/cross bikes, which is a narrower category than 'other off-road motor vehicle'."
E8389,V9489XA,1,This code matches the 'other' specification of the accident type and is specific to water transport accidents.
E8389,V949XXA,2,"This code is less specific as it refers to an 'unspecified' water transport accident, making it a suitable but less precise match."
E8789,Y839,1,"Directly corresponds to surgical procedures causing abnormal reactions or complications, matching the ICD-9 description closely."
E8789,Y849,2,"While it refers to medical procedures causing abnormal reactions or complications, it does not specify surgical procedures, making it less precise."
E8843,W050XXA,1,"Directly describes a fall from a non-moving wheelchair, which is synonymous with the ICD-9 description."
E8843,W051XXA,2,"Describes a fall from a non-moving nonmotorized scooter, which is somewhat related but not specific to wheelchair use."
E8843,W052XXA,3,"Describes a fall from a non-moving motorized mobility scooter, which is the least relevant as it pertains to a different type of mobility device."
E8849,W1789XA,1,"This code directly corresponds to 'Other fall from one level to another', making it the most specific match."
E8849,W1781XA,2,"This code describes a fall down an embankment, which is a specific type of fall from one level to another, but it is more specific than 'other'."
E8849,W14XXXA,3,"This code refers to a fall from a tree, which is a specific type of fall but does not relate to the general concept of 'other accidental fall from one level to another'."
E8851,V00111A,1,"Directly matches the description of a fall from roller skates, specifying the type of roller skates (in-line) and encounter."
E8851,V00151A,2,"Describes a fall from a different type of roller skate (heelies), which is not synonymous with the original description."
E9205,W460XXA,1,Directly matches the description of contact with a hypodermic needle without contamination.
E9205,W461XXA,2,"Related to contact with a hypodermic needle but specifies contamination, which is not indicated in the original ICD-9 description."
E9208,W268XXA,1,"This code refers to contact with other sharp objects, which aligns well with the concept of accidents caused by cutting and piercing instruments."
E9208,W262XXA,2,"This code specifies contact with the edge of stiff paper, which is a type of sharp object but is less general than the previous code."
E9208,W269XXA,3,"This code refers to contact with unspecified sharp objects, which is somewhat relevant but lacks specificity regarding the type of sharp object."
E9208,W458XXA,4,"This code describes a foreign body entering through the skin, which is less directly related to cutting and piercing instruments compared to the other options."
E9228,W3409XA,1,"Directly corresponds to accidental discharge from other specified firearms, which aligns closely with the description of 'other specified firearm missile'."
E9228,W34018A,2,"Refers to accidental discharge of a specific type of gun (gas, air, or spring-operated), which is less relevant to the general category of 'other specified firearm missile'."
E9270,X500XXA,1,Directly matches the description of overexertion from strenuous movement and specifies it as the initial encounter.
E9270,X500XXD,2,"Also matches the description of overexertion from strenuous movement but specifies it as a subsequent encounter, making it less relevant than the initial encounter."
E9271,X501XXA,1,"This code represents the initial encounter for overexertion from prolonged static or awkward postures, which closely aligns with the description of overexertion from a prolonged static position."
E9271,X501XXD,2,"This code represents a subsequent encounter for overexertion from prolonged static or awkward postures. While it is related, it is less specific than the initial encounter code."
E9273,X503XXA,1,"This code specifically addresses overexertion from repetitive movements and is marked as the initial encounter, which aligns well with the notion of cumulative trauma from repetitive motion."
E9273,X503XXD,2,"This code also addresses overexertion from repetitive movements but is for a subsequent encounter. While it is relevant, it is less specific to the initial occurrence of cumulative trauma."
E9278,X509XXA,1,"This code matches the description of overexertion and strenuous movements, and it indicates the initial encounter, which aligns well with the ICD-9 description."
E9278,X509XXD,2,"This code also matches the description of overexertion and strenuous movements but is for a subsequent encounter, making it less specific to the initial occurrence described in the ICD-9 code."
E9279,X509XXA,1,This code matches the description of unspecified overexertion and is specific to the initial encounter.
E9279,X509XXD,2,"This code also matches the description of unspecified overexertion but is for a subsequent encounter, making it less applicable than the initial encounter code."
E9290,V899XXS,1,"Most general code for unspecified vehicle accident sequela, closely matches late effects of motor vehicle accident."
E9290,V892XXS,2,"Covers unspecified motor-vehicle accident, which is a direct match to motor vehicle accidents."
E9290,V878XXS,3,"Covers other specified noncollision transport accidents involving motor vehicle, relevant to late effects."
E9290,V877XXS,4,"Covers unspecified collisions involving motor vehicles, relevant to late effects of motor vehicle accidents."
E9290,V870XXS,5,"Specific to collision between car and two- or three-wheeled powered vehicle, relevant for late effects."
E9290,V871XXS,6,"Specific to collision between other motor vehicles and two- or three-wheeled motor vehicles, relevant for late effects."
E9290,V872XXS,7,"Specific to collision between car and pick-up truck or van, relevant for late effects."
E9290,V873XXS,8,"Specific to collision between car and bus, relevant for late effects."
E9290,V874XXS,9,"Specific to collision between car and heavy transport vehicle, relevant for late effects."
E9290,V875XXS,10,"Specific to collision between heavy transport vehicle and bus, relevant but less common."
E9290,V876XXS,11,"Specific to collision between railway train and car, relevant but less common."
E9290,V893XXS,12,"Specific to unspecified nonmotor-vehicle accidents, less relevant for motor vehicle late effects."
E9290,V899XXS,13,"General code for unspecified vehicle accidents, less relevant than others."
E9291,V988XXS,1,"This code specifically refers to other specified transport accidents, which aligns closely with the 'other transport accident' description."
E9291,V891XXS,2,"This code pertains to unspecified nonmotor-vehicle accidents, which could be a broader category of transport accidents but lacks specificity."
E9291,V889XXS,3,"This code relates to other specified transport accidents involving nonmotor vehicles, which is similar but more specific in terms of vehicle type."
E9291,V9789XS,4,"This code covers other air transport accidents, but it is more specific to air transport, which may not fully encompass all 'other transport accidents'."
E9291,V99XXXS,5,"This code is for unspecified transport accidents, which is quite general and does not specify the type of accident, making it the least preferable match."
E9293,W1789XS,1,Directly relates to falls and specifically addresses late effects (sequela) of other falls.
E9293,W1800XS,2,"Involves falls due to striking against an object, indicating a mechanism of fall with late effects (sequela)."
E9293,W1830XS,3,"Describes falls on the same level with late effects (sequela), relevant to the context of accidental falls."
E9293,W19XXXS,4,"General term for unspecified falls with late effects (sequela), least specific but still related."
E9295,X398XXS,1,"This code directly relates to exposure to forces of nature, which aligns with the description of 'natural and environmental factors' in the ICD-9 code."
E9295,W99XXXS,2,"This code refers to exposure to environmental factors, though it specifies man-made factors, it is less relevant compared to exposure to natural forces."
E9295,W92XXXS,3,"This code specifies exposure to excessive heat of man-made origin, which is a specific instance of environmental factors but does not directly relate to natural factors."
E9298,X509XXS,1,"This code covers other and unspecified overexertion, which aligns closely with the general nature of late effects from accidents."
E9298,X500XXS,2,"This code is specific to overexertion from strenuous movement, which can be a consequence of an accident, thus making it a relevant match."
E9298,X501XXS,3,"This code pertains to overexertion from prolonged static or awkward postures, which may also arise as a late effect from certain types of accidents."
E9298,X503XXS,4,"This code relates to overexertion from repetitive movements, which can be a consequence of accidents, though it is less directly tied than the previous options."
E9298,Y33XXXS,5,"This code pertains to other specified events of undetermined intent, which is too vague and does not clearly align with the concept of late effects from accidents."
E954,X718XXA,1,"This code specifies 'other intentional self-harm by drowning and submersion', which closely aligns with the ICD-9 description of suicide and self-inflicted injury by drowning, making it a direct match."
E954,X719XXA,2,"This code indicates 'intentional self-harm by drowning and submersion, unspecified', which is less specific than the first code but still relevant to the concept of self-inflicted injury by drowning."
E969,Y0889XS,1,"Assault by other specified means, sequela - captures the broad category of injuries purposely inflicted by others."
E969,Y01XXXS,2,"Assault by pushing from high place, sequela - a specific type of assault that fits under injuries inflicted by others."
E969,Y040XXS,3,"Assault by unarmed brawl or fight, sequela - related to injuries caused by human actions."
E969,Y041XXS,4,"Assault by human bite, sequela - another specific type of assault that fits the description."
E969,Y030XXS,5,"Assault by being hit or run over by motor vehicle, sequela - related to injuries from human actions."
E969,Y048XXS,6,"Assault by other bodily force, sequela - encompasses a variety of injuries inflicted by others."
E969,X929XXS,7,"Assault by drowning and submersion, unspecified, sequela - a specific form of assault."
E969,X959XXS,8,"Assault by unspecified firearm discharge, sequela - specific but too focused on firearms."
E969,X969XXS,9,"Assault by unspecified explosive, sequela - specific but limited to explosives."
E969,X989XXS,10,"Assault by unspecified hot objects, sequela - specific but limited to hot objects."
E969,X999XXS,11,"Assault by unspecified sharp object, sequela - specific but limited to sharp objects."
E969,no_good_match,12,no_good_match
E977,Y35003S,1,"Specific to firearm discharge, relates directly to legal intervention and its late effects."
E977,Y35103S,2,"Specific to explosives, relates directly to legal intervention and its late effects."
E977,Y35203S,3,"Specific to gas, relates directly to legal intervention and its late effects."
E977,Y35303S,4,"Specific to blunt objects, relates directly to legal intervention and its late effects."
E977,Y35403S,5,"Specific to sharp objects, relates directly to legal intervention and its late effects."
E977,Y35893S,6,"Covers other specified means, relates to legal intervention and its late effects."
E977,Y3593XS,7,"General unspecified means of legal intervention, relates to late effects but less specific."
E9958,Y36490A,1,"The code specifically addresses war operations involving conventional warfare for military personnel, which aligns closely with the ICD-9 description."
E9958,Y36491A,2,"This code pertains to civilian involvement in war operations involving conventional warfare. While it is a relevant aspect of the description, it is less specific to the military context indicated in the ICD-9 code."
E9990,Y36010S,1,"Directly relates to war operations involving explosions, specifically depth charges, and indicates sequela."
E9990,Y36030S,2,"Relates to war operations involving explosions from sea-based artillery shells, indicating sequela."
E9990,Y36050S,3,"Concerns accidental detonation of onboard marine weapons in war operations, indicating sequela."
E9990,Y36141S,4,"Involves destruction of aircraft due to accidental detonation of munitions, though refers to civilian rather than military personnel."
E9990,Y36191S,5,Involves other forms of destruction of aircraft related to war operations but specifies civilian context.
E9990,Y36200S,6,"Covers unspecified explosions and fragments in war operations, indicating sequela."
E9990,Y36210S,7,"Involves explosion of aerial bombs in war operations, indicating sequela."
E9990,Y36220S,8,"Relates to explosions of guided missiles in war operations, indicating sequela."
E9990,Y36230S,9,"Involves explosions from improvised explosive devices in war operations, indicating sequela."
E9990,Y36240S,10,"Concerns accidental detonation and discharge of munitions in war operations, indicating sequela."
E9990,Y36250S,11,"Involves fragments from munitions in war operations, indicating sequela."
E9990,Y36260S,12,"Specifically relates to fragments from improvised explosive devices in war operations, indicating sequela."
E9990,Y36270S,13,"Covers fragments from weapons in war operations, indicating sequela."
E9990,Y36290S,14,"Involves other explosions and fragments in military operations, indicating sequela."
E9990,Y36321S,15,Involves incendiary bullets in war operations but refers to civilian context.
E9990,Y36411S,16,Concerns rubber bullets in war operations but specifies civilian context.
E9990,Y36491S,17,Involves other forms of conventional warfare but refers to civilian context.
E9990,Y36511S,18,Involves direct blast effects of nuclear weapons in war operations but refers to civilian context.
E9990,Y366X1S,19,Concerns biological weapons in war operations but refers to civilian context.
E9990,Y367X0S,20,"Involves chemical weapons and unconventional warfare, indicating sequela, but specifies military personnel."
E9991,Y380X2S,1,"Directly relates to terrorism involving explosions, which is a specific type of injury that can occur as a late effect."
E9991,Y381X2S,2,"Involves destruction of aircraft, a specific event related to terrorism, relevant as a late effect."
E9991,Y382X2S,3,"Covers other explosions and fragments, which can also be considered a late effect of terrorism-related injuries."
E9991,Y383X2S,4,"Involves injuries from fires due to terrorism, relevant as a late effect."
E9991,Y384X2S,5,"Relates to injuries from firearms in terrorism, applicable as a late effect."
E9991,Y385X2S,6,"Pertains to injuries from nuclear weapons in terrorism, relevant as a late effect."
E9991,Y386X2S,7,"Covers injuries from biological weapons in terrorism, applicable as a late effect."
E9991,Y387X2S,8,"Involves injuries from chemical weapons in terrorism, relevant as a late effect."
E9991,Y38892S,9,"Encompasses other means of terrorism-related injuries, applicable as a late effect."
E9991,Y389X2S,10,"Covers secondary effects of terrorism injuries, relevant as a late effect."
V0179,Z20828,1,"This code specifically refers to contact with and exposure to other viral communicable diseases, aligning closely with the general description of exposure to other viral diseases."
V0179,Z206,2,"This code is specific to exposure to HIV, which is a viral disease but does not encompass the broader category of 'other viral diseases' indicated in the ICD-9 description."
V0259,Z2239,1,"This code directly corresponds to 'Carrier of other specified bacterial diseases', matching the description of the ICD-9 code."
V0259,Z2231,2,"This code is specific to 'Carrier of bacterial disease due to meningococci', which is a subtype of bacterial diseases but does not encompass all other specified bacterial diseases."
V078,Z2912,1,Specific to prophylactic treatment (antivenin) within the general category of prophylactic measures.
V078,Z2913,2,Specific to prophylactic treatment (Rho(D) immune globulin) within the general category of prophylactic measures.
V078,Z2914,3,Specific to prophylactic treatment (rabies immune globin) within the general category of prophylactic measures.
V091,Z1612,1,"Extended spectrum beta lactamase (ESBL) resistance is a specific type of resistance to beta-lactam antibiotics, aligning closely with the concept of cephalosporin resistance."
V091,Z1610,2,"Resistance to unspecified beta lactam antibiotics is a broad category that encompasses resistance to cephalosporins, making it a relevant match."
V091,Z1619,3,"Resistance to other specified beta lactam antibiotics is less specific and does not directly mention cephalosporins, making it the least relevant match."
V0980,Z1620,1,no_good_match
V0980,Z1621,2,no_good_match
V0980,Z1622,3,no_good_match
V0980,Z1631,4,no_good_match
V0980,Z1632,5,no_good_match
V0980,Z1633,6,no_good_match
V0980,Z1639,7,no_good_match
V1002,Z85818,1,"More specific as it refers to other sites of lip, oral cavity, and pharynx."
V1002,Z85819,2,"Refers to unspecified site, which is less specific than other sites."
V1009,Z8509,1,"This code encompasses a personal history of malignant neoplasms of other digestive organs, which aligns closely with the vague description of 'other gastrointestinal tract'."
V1009,Z85068,2,"This code specifies a personal history of malignant neoplasm of small intestine, which is a specific part of the gastrointestinal tract, making it relevant but less general than Z8509."
V1009,Z8507,3,"This code refers specifically to a personal history of malignant neoplasm of the pancreas, which is a specific organ rather than 'other gastrointestinal tract', making it the least relevant in this context."
V1029,Z8529,1,Exact match to the ICD-9 description.
V1029,Z85238,2,"Related but more specific to the thymus, which is a specific site."
V1059,Z8559,1,"This code captures the personal history of malignant neoplasm of 'other urinary tract organ', which aligns closely with the ICD-9 description."
V1059,Z8554,2,"This code is more specific to the ureter, which is a specific type of urinary organ. It is less aligned with the broader category of 'other urinary organs' as described in the ICD-9 code."
V1071,Z8579,1,"This code covers personal history of other malignant neoplasms specifically related to lymphoid and hematopoietic tissues, aligning closely with the history of lymphosarcoma."
V1071,Z85831,2,"This code refers to personal history of malignant neoplasms of soft tissue, which is broader and less specific than the first candidate, making it a less optimal match."
V1089,Z8589,1,"more general category covering other organs and systems, aligning with 'other sites' in the ICD-9 description"
V1089,Z85831,2,"specific to soft tissue, which is a subtype of malignant neoplasm but does not encompass 'other sites' as broadly"
V1091,Z85020,1,"Specific match for personal history of malignant carcinoid tumor, related to stomach."
V1091,Z85030,2,"Specific match for personal history of malignant carcinoid tumor, related to large intestine."
V1091,Z85040,3,"Specific match for personal history of malignant carcinoid tumor, related to rectum."
V1091,Z85060,4,"Specific match for personal history of malignant carcinoid tumor, related to small intestine."
V1091,Z85110,5,"Specific match for personal history of malignant carcinoid tumor, related to bronchus and lung."
V1091,Z85230,6,"Specific match for personal history of malignant carcinoid tumor, related to thymus."
V1091,Z85520,7,"Specific match for personal history of malignant carcinoid tumor, related to kidney."
V1091,Z85821,8,no_good_match
V1229,Z8639,1,The description includes 'other endocrine' and aligns closely with the ICD-9 description.
V1229,Z862,2,"While it refers to disorders involving the immune mechanism, it is more specific to blood and blood-forming organs, making it less relevant."
V1329,Z8742,1,"Directly related to personal history of other diseases of the female genital tract, aligning closely with the ICD-9 description."
V1329,Z8759,2,"Related to personal history of complications during pregnancy and childbirth, but less specific to genital system disorders than Z8742."
V1364,Z87720,1,Direct match for personal history of congenital malformations of eye.
V1364,Z87721,2,Direct match for personal history of congenital malformations of ear.
V1364,Z87790,3,Matches for personal history of congenital malformations of face and neck.
V1364,Z87730,4,"Refers to congenital malformations of cleft lip and palate, which is not specifically mentioned in the ICD-9 description."
V1542,Z91411,1,"Directly correlates with the history of emotional abuse, specifying psychological abuse in adults."
V1542,Z91412,2,"Related to neglect, which can be a form of emotional abuse, but is less specific than Z91411."
V1589,Z9289,1,"This code relates to personal history, similar to the ICD-9 description, making it the best match."
V1589,Z9284,2,"This code addresses a specific personal history related to anesthesia, which is a specific context of health hazards."
V1589,Z779,3,"While it mentions exposure to hazards, it does not specifically relate to personal history, making it less relevant."
V1819,Z8349,1,"This code directly corresponds to 'family history of other endocrine, nutritional and metabolic diseases', matching the broader category of the ICD-9 description."
V1819,Z8342,2,"This code specifies 'family history of familial hypercholesterolemia', which is a specific type of metabolic disease, but does not encompass the broader category implied by the ICD-9 description."
V189,Z8481,1,Exact semantic match to family history of carrier of genetic disease.
V189,Z8482,2,no_good_match
V221,Z3480,1,Directly corresponds to supervision of other normal pregnancy with specified context.
V221,Z3490,2,Similar meaning but less specific due to redundancy in terminology.
V222,Z331,1,exact match in meaning with the ICD-9 description
V222,Z333,2,"related but specifies a gestational carrier, which is not the same as incidental"
V2389,O09891,1,specific to first trimester
V2389,O09892,2,specific to second trimester
V2389,O09893,3,specific to third trimester
V2389,O09899,4,"unspecified trimester, less specific than the others"
V239,O0990,1,best match for supervision of unspecified high-risk pregnancy without specifying trimester
V239,O0991,2,"specific to first trimester, still relevant to high-risk pregnancy supervision"
V239,O0992,3,"specific to second trimester, still relevant to high-risk pregnancy supervision"
V239,O0993,4,"specific to third trimester, still relevant to high-risk pregnancy supervision"
V2502,Z30018,1,"This code represents an encounter for initial prescription of other contraceptives, which aligns well with the general counseling on initiation of other contraceptive measures."
V2502,Z30015,2,"This code is specific to the vaginal ring hormonal contraceptive, which is a type of contraceptive measure, making it relevant but more specific than 'other'."
V2502,Z30016,3,"This code pertains to the transdermal patch hormonal contraceptive device, which is a specific type of contraceptive measure but less general than 'other'."
V2502,Z30017,4,"This code is specific to the implantable subdermal contraceptive, which is also a specific type of contraceptive measure and less relevant to the general counseling aspect."
V2549,Z3049,1,"This code matches the general category of 'other contraceptives', making it the most appropriate for surveillance of unspecified contraceptive methods."
V2549,Z3042,2,"This code specifies surveillance for injectable contraceptives, which is a specific type of contraceptive but still related."
V2549,Z3044,3,"This code pertains to surveillance of a specific contraceptive method (vaginal ring), making it relevant but less general than Z3049."
V2549,Z3045,4,This code is for surveillance of a specific method (transdermal patch) and is the least relevant since it does not fall under 'other contraceptives'.
V2633,Z315,1,"This code specifically refers to procreative genetic counseling, which is closely related to genetic counseling."
V2633,Z7183,2,"This code refers to nonprocreative genetic counseling, which is also a form of genetic counseling but is less specific compared to procreative counseling."
V454,Z981,1,Exact match to 'Arthrodesis status'.
V454,M960,2,Related to arthrodesis but refers to a complication (pseudarthrosis) rather than the status itself.
V4589,Z98890,1,"This code specifically refers to other specified postprocedural states, aligning closely with the ICD-9 description of 'Other postprocedural status'."
V4589,Z98891,2,"While this code refers to a history of a specific postprocedural condition (uterine scar), it is less general than the ICD-9 description, making it a less suitable match."
V4589,Z974,3,"This code refers to the presence of an external hearing-aid, which does not relate to postprocedural status, thus making it the least relevant match."
V5049,Z4000,1,"Synonymous with prophylactic removal of unspecified organ, matching the general concept of 'other prophylactic gland removal'."
V5049,Z4009,2,"Covers prophylactic removal of other organs, which aligns with the concept of gland removal but is less specific."
V5049,Z4003,3,"Specifically refers to the removal of fallopian tubes, which does not match the broader description of gland removal."
V5309,Z462,1,Directly matches the description of fitting and adjustment of other devices related to nervous system and special senses.
V5309,Z4549,2,"Relevant to adjustment and management of implanted nervous system devices, closely related to the nervous system aspect."
V5309,Z4531,3,"Specific to visual substitution devices, somewhat related but more specific than the general adjustment of devices."
V5309,Z45328,4,"Specific to hearing devices, which is a special sense, but not as closely related to the general fitting and adjustment context."
V5331,Z45018,1,"Directly relates to adjustment and management of the cardiac pacemaker, aligning closely with the ICD-9 description."
V5331,Z45010,2,"Related to checking and testing of the pacemaker but does not specifically mention adjustment, making it less relevant."
V5410,S5290XD,1,"This code refers to an unspecified fracture of the forearm, which aligns well with the aftercare for a healing fracture of the arm."
V5410,S5290XE,2,"This code also refers to an unspecified fracture of the forearm but specifies it as an open fracture type I or II, which is less relevant to the unspecified nature of the original diagnosis."
V5414,S8290XD,1,"This code specifies an unspecified fracture of the lower leg during a subsequent encounter for closed fracture with routine healing, aligning closely with the aftercare context of the ICD-9 code."
V5414,S8290XE,2,"This code refers to an unspecified fracture of the lower leg during a subsequent encounter for open fracture type I or II with routine healing, which is still relevant to aftercare but specifies a different type of fracture."
V5414,S8290XF,3,"This code indicates an unspecified fracture of the lower leg during a subsequent encounter for open fracture type IIIA, IIIB, or IIIC with routine healing. While it is related to aftercare, the specificity of the fracture type makes it less relevant than the previous codes."
V5425,M84453D,1,"This code directly relates to a pathological fracture of the femur, which is the upper leg, and specifies that it is a subsequent encounter with routine healing."
V5425,M84750D,2,"While this code refers to a femoral fracture, it specifies an atypical femoral fracture, which does not match the description of a pathologic fracture. Thus, it is less relevant."
V5482,Z4731,1,"Specific to shoulder joint prosthesis, which is a type of joint prosthesis."
V5482,Z4732,2,"Specific to hip joint prosthesis, which is a type of joint prosthesis."
V5482,Z4733,3,"Specific to knee joint prosthesis, which is a type of joint prosthesis."
V5849,Z4889,1,"This code directly corresponds to aftercare following surgery, matching the context of 'other specified aftercare'."
V5849,Z4803,2,"While related to surgical aftercare, this code specifically addresses drain management rather than general aftercare, making it less applicable."
V5865,Z7952,1,"This code specifically refers to the long-term use of systemic steroids, which is a direct match to the ICD-9 description."
V5865,Z7951,2,"This code refers to the long-term use of inhaled steroids, which is a specific subset of steroid use but does not match the broader category of systemic steroids indicated in the ICD-9 description."
V5869,Z79899,1,"Other long term (current) drug therapy covers a broader range of medications, aligning well with the ICD-9 description."
V5869,Z7984,2,"Long term (current) use of oral hypoglycemic drugs is specific but only pertains to a subset of medications, thus less inclusive than Z79899."
V5869,Z79891,3,"Long term (current) use of opiate analgesic is also specific to a particular type of medication, making it the least applicable to the general term in the ICD-9 description."
V5875,Z48814,1,"This code specifically addresses aftercare following surgery on the teeth or oral cavity, which directly matches the description in the ICD-9 code."
V5875,Z48815,2,"While this code pertains to aftercare following surgery on the digestive system, it is less relevant than the first option since the ICD-9 description mentions NEC (not elsewhere classified), which implies a broader context."
V5889,Z5189,1,Directly corresponds to 'Other specified aftercare'.
V5889,S0303XD,2,"Related to aftercare but specific to dislocation of jaw, not general."
V5889,T82855D,3,"Related to aftercare but specific to coronary artery stent, not general."
V5889,T82856D,4,"Related to aftercare but specific to peripheral vascular stent, not general."
V6129,Z62898,1,"This code captures 'other specified problems related to upbringing', which aligns closely with the concept of 'Other parent-child problems'."
V6129,Z621,2,"While 'Parental overprotection' is related to parent-child dynamics, it is more specific and does not encompass the broader category of 'other parent-child problems'."
V618,Z638,1,"More broadly relates to specified problems in family dynamics, aligning with 'other specified family circumstances'."
V618,Z62891,2,"Specifically addresses sibling rivalry, which is a type of family circumstance but is more narrow and less inclusive than 'other specified family circumstances'."
V6229,Z658,1,"This code captures other specified problems related to psychosocial circumstances, which aligns well with 'other occupational circumstances or maladjustment' as it encompasses a broader range of psychosocial issues."
V6229,Z561,2,"While this code refers to a change of job, it is more specific and does not encompass the broader range of maladjustments or other occupational circumstances indicated in the ICD-9 description."
V6283,Z69021,1,"More specific as it directly addresses non-parental child abuse, which aligns with the context of perpetrator counseling."
V6283,Z6982,2,"Less specific than Z69021, but still relevant as it covers other types of abuse perpetrated."
V638,Z758,1,"This code covers other problems related to medical facilities, aligning closely with the concept of unavailability of medical facilities."
V638,Z754,2,"While this code pertains to unavailability and inaccessibility, it specifically references helping agencies rather than medical facilities, making it less relevant."
V6409,Z2889,1,exact match in meaning with 'for other reason'
V6409,Z2809,2,"related meaning but specifies 'other contraindication', which is more specific than 'other reason'"
V671,Z08,1,"Specific to follow-up examination after treatment for malignant neoplasm, aligning with the context of radiotherapy."
V671,Z09,2,"Covers follow-up after treatment for conditions other than malignant neoplasm, but less specific to the context of radiotherapy."
V672,Z08,1,"Specific to follow-up after treatment for malignant neoplasm, which aligns with the context of chemotherapy."
V672,Z09,2,"Covers follow-up after treatment for conditions other than malignant neoplasm, which is less specific than Z08."
V676,Z09,1,"This code matches the context of follow-up examination after treatment for conditions other than malignant neoplasm, which aligns well with the general nature of the ICD-9 description."
V676,Z08,2,"This code is specific to follow-up after treatment for malignant neoplasms. While it describes a follow-up examination, it is less general than Z09 and thus ranks lower."
V679,Z09,1,"This code is for follow-up examination after treatment for conditions other than malignant neoplasm, which aligns with the unspecified nature of the original ICD-9 code."
V679,Z08,2,"This code specifies follow-up after treatment for malignant neoplasm, which is more specific than the unspecified nature of the original code."
V704,Z0281,1,Encounter for paternity testing is a specific type of medicolegal examination.
V704,Z0283,2,Encounter for blood-alcohol and blood-drug test is also a medicolegal examination but less specific than paternity testing.
V708,Z008,1,"This code refers to an encounter for other general examination, which aligns closely with the concept of 'other specified general medical examinations'."
V708,Z005,2,"This code is specific to examinations for potential organ and tissue donors, which is a narrower context than general medical examinations."
V7181,Z0471,1,"Directly relates to evaluation for suspected abuse, specifically for adults."
V7181,Z0472,2,"Also relates to evaluation for suspected abuse but specifically for children, making it a good but less direct match."
V7189,Z0389,1,"This code directly corresponds to the observation for other suspected diseases and conditions ruled out, which closely matches the description of the ICD-9 code."
V7189,Z036,2,"This code specifies observation for suspected toxic effects, which is a more specific context and does not match the broader 'other specified suspected conditions' in the ICD-9 description."
V7231,Z01419,1,"This code specifically describes a routine gynecological examination without abnormal findings, closely matching the general description of the ICD-9 code."
V7231,Z01411,2,"This code describes a routine gynecological examination with abnormal findings. While it is related, the presence of abnormal findings makes it a less precise match compared to Z01419."
V7284,Z01818,1,"This code specifically refers to other preprocedural examinations, which aligns well with the unspecified nature of the pre-operative examination."
V7284,Z01812,2,"This code is more specific to laboratory examinations, which may not fully encompass the broader category of pre-operative examinations."
V8279,Z1379,1,"This code directly relates to genetic screening, aligning closely with the ICD-9 description."
V8279,Z1389,2,"This code is broader and relates to screening for other disorders, but is less specific to genetic screening."
V851,Z6820,1,specific BMI range within the overall range of 19-24
V851,Z6821,2,specific BMI range within the overall range of 19-24
V851,Z6822,3,specific BMI range within the overall range of 19-24
V851,Z6823,4,specific BMI range within the overall range of 19-24
V851,Z6824,5,specific BMI range within the overall range of 19-24
