original_name,clean,counts
,UNK,0
 (Uptravi)selexipag,(uptravi)selexipag,18
 *NF* Fiasp (aspart) FlexTouch U-100 Insulin ,fiasp (aspart) flextouch u-100 insulin,38
 Adcirca (tadalafil),adcirca (tadalafil),19
 Autologus Serum Eye Drops 20%,autologus serum 20%,19
 CoQ10 (300mg),coq10 (300mg),13
 Endocet *NF* (oxyCODONE-acetaminophen) 1/2 TAB ,endocet (oxycodone-acetaminophen) 1/2,37
 Enzalutamide (Xtandi),enzalutamide (xtandi),21
 Erlotinib,erlotinib,9
 Januvia (SITagliptin) 25mg Tab,januvia (sitagliptin) 25mg,26
 L-Citrulline,l-citrulline,12
 Legalon ,legalon,7
 Levemir Insulin,levemir insulin,15
 Movantik (naloxegol),movantik (naloxegol),20
 N-Acetylcysteine (NAC),n-acetylcysteine (nac),22
 Oxymorphone (Opana ER),oxymorphone (opana er),22
 Power C  Vitamin C (Ascorbic Acid),power c vitamin c (ascorbic acid),33
 Sarilumab 400mg/200mg,sarilumab 400mg/200mg,21
 Symbicort,symbicort,9
 Thaimine,thaimine,8
 Tresiba U-100 30 Units,tresiba u-100 30 units,22
 ketamine 5%/ lidocaine 5% / amit 2%,ketamine 5%/lidocaine 5%/amit 2%,32
(0.9% BACL 100ml),(0.9% bacl 100ml),17
(0.9% NACL 100mL),(0.9% nacl 100ml),17
(0.9% NACL 100ml),(0.9% nacl 100ml),17
(0.9% NaCL 100 ML),(0.9% nacl 100ml),17
(0.9% NaCl 100 mL),(0.9% nacl 100ml),17
(0.9% NaCl 100mL),(0.9% nacl 100ml),17
(0.9%NACL),(0.9%nacl),10
(Apri)  (desogestrel-ethinyl estradiol),(apri) (desogestrel-ethinyl estradiol),38
(Celebrate) Calcium Citrate + D,(celebrate) calcium citrate + d,31
*N F  Pantoprazole,pantoprazole,12
*NF,UNK,0
*NF* ADDerall,adderall,8
*NF* ADDerall XR,adderall xr,11
*NF* Anastrozole,anastrozole,11
*NF* Aspirin-Acetaminophen-Caffeine,aspirin-acetaminophen-caffeine,30
*NF* Beclomethasone Dipro 80 mcg Inh,beclomethasone dipro 80 mcg,27
*NF* Benazepril,benazepril,10
*NF* Bicalutamide,bicalutamide,12
*NF* Bimatoprost  0.03%  Ophth,bimatoprost 0.03%,17
*NF* Budesonide,budesonide,10
*NF* Budesonide Neb Solution,budesonide neb,14
*NF* Butorphanol Tart. Nasal,butorphanol tart.,17
*NF* Calcium Citrate-Vitamin D3,calcium citrate-vitamin d3,26
*NF* Capecitabine,capecitabine,12
*NF* Carbidopa-Levodopa (25-100),carbidopa-levodopa (25-100),27
*NF* Celecoxib,celecoxib,9
*NF* Cetirizine,cetirizine,10
*NF* Cilostazol,cilostazol,10
*NF* Creon 24,creon 24,8
*NF* Cromolyn Sodium Oral Solution,cromolyn sodium,15
*NF* Cyclosporine 0.05% Ophth,cyclosporine 0.05%,18
*NF* Dasatinib,dasatinib,9
*NF* Deferasirox,deferasirox,11
*NF* Diltiazem SR,diltiazem sr,12
*NF* Dornase Alfa Inh. Soln.,dornase alfa . .,16
*NF* Econazole Nitrate 1% Cream,econazole nitrate 1%,20
*NF* Entacapone,entacapone,10
*NF* Erlotinib,erlotinib,9
*NF* Erlotinib 150mg tab,erlotinib 150mg,15
*NF* Esomeprazole,esomeprazole,12
*NF* Estraderm,estraderm,9
*NF* Estradiol Transdermal Patch,estradiol transdermal patch,27
*NF* Exemestane,exemestane,10
*NF* Famciclovir,famciclovir,11
*NF* Fenofibrate,fenofibrate,11
*NF* Fenofibrate ,fenofibrate,11
*NF* Fluticasone Propionate,fluticasone propionate,22
*NF* Guaifenesin LA,guaifenesin la,14
*NF* Halcion,halcion,7
*NF* Imatinib Mesylate,imatinib mesylate,17
*NF* Insulin Reg Human (NovoLIN R),insulin reg (novolin r),23
*NF* Irbesartan,irbesartan,10
*NF* Ketorolac 0.5% Ophth Soln,ketorolac 0.5%,14
*NF* Leflunomide,leflunomide,11
*NF* Levalbuterol Neb,levalbuterol neb,16
*NF* Levalbuterol Soln,levalbuterol,12
*NF* Nilotinib,nilotinib,9
*NF* Nitazoxanide,nitazoxanide,12
*NF* Olmesartan Medoxomil,olmesartan medoxomil,20
*NF* Omeprazole,omeprazole,10
*NF* Pegfilgrastim,pegfilgrastim,13
*NF* Permethrin 5% Cream,permethrin 5%,13
*NF* Pletal,pletal,6
*NF* Polyethylene Glycol,polyethylene glycol,19
*NF* Pramipexole,pramipexole,11
*NF* Pregabalin,pregabalin,10
*NF* Ranolazine ER,ranolazine er,13
*NF* Rasagiline,rasagiline,10
*NF* Renacidin Soln,renacidin,9
*NF* Rilpivirine,rilpivirine,11
*NF* Rufinamide,rufinamide,10
*NF* SORAfenib,sorafenib,9
*NF* Solifenacin,solifenacin,11
*NF* Sorafenib,sorafenib,9
*NF* Sunitinib,sunitinib,9
*NF* Tacrolimus (Extended Release),tacrolimus (extended release),29
*NF* Tacrolimus 0.03% Ointment,tacrolimus 0.03%,16
*NF* Tacrolimus 0.1% Ointment,tacrolimus 0.1%,15
*NF* Temozolomide,temozolomide,12
*NF* Testosterone Gel 1% (25 mg),testosterone gel 1% (25mg),26
*NF* Testosterone Gel 1% (50 mg),testosterone gel 1% (50mg),26
*NF* Tolcapone,tolcapone,9
*NF* Tranexamic Acid,tranexamic acid,15
*NF* Triazolam,triazolam,9
*NF* Trileptal (oxcarbazepine),trileptal (oxcarbazepine),25
*NF* Trospium,trospium,8
*NF* Warfarin,warfarin,8
*NF* galanta,galantamine,11
*NF*Benefiber,benefiber,9
*Nf* Pletal,pletal,6
*nf,UNK,0
*nf* ,UNK,0
-Acetylcysteine (NAC),-acetylcysteine (nac),21
0.00Icy Hot,0.00icy hot,11
0.25% Bupivicaine,0.25% bupivicaine,17
0.25% bupivacaine,0.25% bupivacaine,17
0.9% NACL 100mL Bag,0.9% nacl 100ml,15
0.9% NACL 100mL Bag ,0.9% nacl 100ml,15
0.9% NaCl ,0.9% nacl,9
0.9% NaCl - 100 mL Bag,0.9% nacl - 100ml,17
0.9% NaCl - 100 mL bag,0.9% nacl - 100ml,17
0.9% NaCl - 100 ml bag,0.9% nacl - 100ml,17
0.9% NaCl - 100mL bag,0.9% nacl - 100ml,17
00Lenvima,00lenvima,9
0Avapro,0avapro,7
1,UNK,0
1 gm/0gm Ceftriaxone,1 gm/0gm ceftriaxone,20
1 gr/0 gr ceftriaxone,1 gr/0 gr ceftriaxone,21
1Travatan Z,1travatan z,11
2,UNK,0
23.4%,23.4%,5
23.4% Sodium Chloride,23.4% sodium chloride,21
3,UNK,0
"3,4-Diaminopyridine",34-diaminopyridine,18
4-Aminopyridine,4-aminopyridine,15
4-aminopyridine,4-aminopyridine,15
5-HTP,5-htp,5
5-hydroxytryptophan,5-hydroxytryptophan,19
7-Keto DHEA,7-keto dhea,11
9Cinryze,9cinryze,8
ABT-199,abt-199,7
ACCUtane,accutane,8
ACD-A,acd-a,5
ACETAMINOPHEN,acetaminophen,13
ACETOMINOPHEN DRUG,acetominophen,13
ACP-103 ( pimavanserin) 20mg,acp-103 (pimavanserin) 20mg,27
ACP-103 (pimavanserin),acp-103 (pimavanserin),22
ACYclovir,acyclovir,9
ACetaminophen,acetaminophen,13
ADYNOvate (pegylated Factor 8),adynovate (pegylated factor 8),30
AH Topical Gel,ah topical gel,14
ALEMtuzumab,alemtuzumab,11
ALEMtuzumab (Campath),alemtuzumab (campath),21
ALPRAZolam,alprazolam,10
AMANTADINE,amantadine,10
AMIKACIN - DOSING BY PHARMACY,amikacin - dosing by pharmacy,29
AMOXicillin,amoxicillin,11
AMOXicillin Oral Susp.,amoxicillin .,13
ANDROGEL,androgel,8
APAP,apap,4
APOKYN,apokyn,6
APRIDA SoluStar U-100,aprida solustar u-100,21
ARIP,aripiprazole,12
ARIPiprazole,aripiprazole,12
ARIPiprazole Extended Release,aripiprazole extended release,29
ARIPiprazole lauroxiL,aripiprazole lauroxil,21
ASENapine,asenapine,9
ASPIRIN325MG,aspirin325mg,12
ATG (Horse) Desensitization ,atg (horse) desensitization,27
ATRIPLA,atripla,7
ATRIPLA ,atripla,7
ATRIPLA (600-200-300),atripla (600-200-300),21
ATRIPLA (600-200-300mg/Tab),atripla (600-200-300mg/),24
ATRIPLA 600 mg-200 mg-300 mg Tab,atripla 600mg-200mg-300mg,25
ATRIPLA 600-200-300mg,atripla 600-200-300mg,21
ATRIPLA(Efavirenz/Emtricitabine/ tenofovir disoproxil fumarate),atripla(efavirenz/emtricitabine/tenofovir disoproxil fumarate),62
ATROVENT NEB.,atrovent neb.,13
AVINza,avinza,6
AYR Saline Nasal Gel,ayr saline gel,14
AZD7422 (AZD08895+AZD1061),azd7422 (azd08895+azd1061),26
AZD7442 (AZD8895+ AZD1061),azd7442 (azd8895+ azd1061),26
AZD7442 (AZD8895+AZD1061),azd7442 (azd8895+azd1061),25
AZD7442(AZD8895+AZD1061),azd7442(azd8895+azd1061),24
AZD77442(AZD8895+AZD1061),azd77442(azd8895+azd1061),25
AZILECT,azilect,7
AZILECT  (rasagiline) ,azilect (rasagiline),20
AZILECT (Rasagiline) 0.5mg TAB,azilect (rasagiline) 0.5mg,26
AZILECT 0.5 MG TAB,azilect 0.5mg,13
AZILECT(rasagiline),azilect(rasagiline),19
AZILECT(rasagilne),azilect(rasagilne),18
AZITHROMYCIN,azithromycin,12
AZITHromycin,azithromycin,12
Abacav,abacavir,8
Abacavir,abacavir,8
Abacavir ,abacavir,8
Abacavir Oral Solution,abacavir,8
Abacavir Sulfate,abacavir sulfate,16
Abacavir-Lamivudine-Zidovudine,abacavir-lamivudine-zidovudine,30
Abatacept,abatacept,9
Abciximab,abciximab,9
Abelcet (amphotericin lipid complex),abelcet (amphotericin lipid complex),36
Abilify,abilify,7
Abilify 20mg TAB,abilify 20mg,12
Abilify Discmelt,abilify discmelt,16
Abilify Maintena,abilify maintena,16
Abiraterone,abiraterone,11
Abiraterone (Zytiga),abiraterone (zytiga),20
Abreva,abreva,6
Acalabrutinib,acalabrutinib,13
Acalabrutinib *NF*,acalabrutinib,13
Acamprosate,acamprosate,11
Acarbose,acarbose,8
AccoLATE,accolate,8
Accolate,accolate,8
Ace,ace,3
Acebutolol,acebutolol,10
Acebutolol HCl,acebutolol hcl,14
Acet,acetaminophen,13
AcetaZOLa,acetazolamide,13
AcetaZOLami,acetazolamide,13
AcetaZOLamide,acetazolamide,13
AcetaZOLamide S.R.,acetazolamide sodium.r.,23
Acetami,acetaminophen,13
Acetamiinophen,acetaminophen,13
Acetamin 1000mg/100mL 100mL Vial,acetaminophen 1000mg/100ml 100ml,32
Acetaminop,acetaminophen,13
Acetaminoph,acetaminophen,13
Acetaminophen,acetaminophen,13
Acetaminophen ,acetaminophen,13
Acetaminophen (Gluten-Free) 500mg,acetaminophen (gluten-) 500mg,29
Acetaminophen (Liquid),acetaminophen,13
Acetaminophen (Liquid) 650mg CUP,acetaminophen  650mg,20
Acetaminophen (Rectal 650mg SUPP,acetaminophen ( 650mg,21
Acetaminophen (Rectal),acetaminophen,13
Acetaminophen 325mg TAB,acetaminophen 325mg,19
Acetaminophen 500mg Gelcaps,acetaminophen 500mg,19
Acetaminophen 500mg TAB,acetaminophen 500mg,19
Acetaminophen Drug,acetaminophen,13
Acetaminophen Extra Strength,acetaminophen extra strength,28
Acetaminophen Gel Cap,acetaminophen gel,17
Acetaminophen IV,acetaminophen,13
Acetaminophen Infant,acetaminophen infant,20
Acetaminophen PM,acetaminophen pm,16
Acetaminophen drug,acetaminophen,13
Acetaminophen w/,acetaminophen w/,16
Acetaminophen w/Codeine,acetaminophen w/codeine,23
Acetaminophen w/Codeine Elixir,acetaminophen w/codeine elixir,30
Acetaminophen-Caff,acetaminophen-caff,18
Acetaminophen-Caff-Butalbital,acetaminophen-caff-butalbital,29
Acetaminophen-Caffeine,acetaminophen-caffeine,22
Acetaminophin Drug,acetaminophin,13
Acetic Acid,acetic acid,11
Acetic Acid 0.25% Irrig. Soln,acetic acid 0.25% irrig.,24
Acetic Acid 2% Otic Solution,acetic acid 2% otic,19
Acetic Acid 3% (For Topical Irrigation),acetic acid 3% (topical),24
Acetic Acid Glacial 0.04%,acetic acid 0.04%,17
Acetominophen,acetominophen,13
Acetyl,acetylcysteine,14
Acetylcyste,acetylcysteine,14
Acetylcystei,acetylcysteine,14
Acetylcystein,acetylcysteine,14
Acetylcysteine,acetylcysteine,14
Acetylcysteine ,acetylcysteine,14
Acetylcysteine (IV),acetylcysteine,14
Acetylcysteine 10%,acetylcysteine 10%,18
Acetylcysteine 20%,acetylcysteine 20%,18
Acetylcysteine 20% (Ora 4mL VIAL,acetylcysteine 20% (ora 4ml,27
Acetylcysteine Inhaled - For interventional pulmonary use only,acetylcysteine -,16
Acetylcysteine Inhaled – For interventional pulmonary use only,acetylcysteine –,16
Acidophilus,acidophilus,11
Acidophilus Probiotic,acidophilus probiotic,21
Acidophilus-B.bifidum-B.longum,acidophilus-b.bifidum-b.longum,30
AcipHex,aciphex,7
AcipHex (rabeprazole),aciphex (rabeprazole),21
Aciphex,aciphex,7
Aciphex (RABEprazole) 20 mg,aciphex (rabeprazole) 20mg,26
Aciphex (rabeprazole),aciphex (rabeprazole),21
Aciphex 20mg,aciphex 20mg,12
Aciphex ec,aciphex ec,10
Acotol,acotol,6
Actemra,actemra,7
Actigall,actigall,8
Actimmune,actimmune,9
Actiq,actiq,5
Actiq (Fentanyl Citrate),actiq (fentanyl citrate),24
Activated Charcoal,activated charcoal,18
Activated Charcoal-Sorbitol,activated charcoal-sorbitol,27
Activella,activella,9
Actonel,actonel,7
Acular,acular,6
Acular LS,acular ls,9
Acular LS 0.4%,acular ls 0.4%,14
Acyclovir,acyclovir,9
Acyclovir Ointment 5%,acyclovir 5%,12
Acyclovir Suspension,acyclovir,9
Acyclovir suspension,acyclovir,9
Aczone,aczone,6
Adapalene,adapalene,9
Adcirca,adcirca,7
Adcirca (Tadalafil),adcirca (tadalafil),19
Adcirca (tadalafil ),adcirca (tadalafil),19
Adcirca (tadalafil),adcirca (tadalafil),19
Adcirca 20mg,adcirca 20mg,12
Adderal,adderall,8
Adderall,adderall,8
Adderall ,adderall,8
Adderall 10mg,adderall 10mg,13
Adderall 30mg tab,adderall 30mg,13
Adderall 30mg tablet,adderall 30mg,13
Adderall XR,adderall xr,11
Adderall XR 30mg,adderall xr 30mg,16
Adefovir,adefovir,8
Adempas,adempas,7
Adempas (riociguat),adempas (riociguat),19
Adenosine,adenosine,9
Adenosine 6mg/2mL 2mL VIAL,adenosine 6mg/2ml 2ml,21
Adenosine Liver Flush,adenosine liver flush,21
Ado-trastuzumab emtansine,ado-trastuzumab emtansine,25
Adrenal Essence,adrenal essence,15
Advair Diskus,advair diskus,13
Advair Diskus 500/50,advair diskus 500/50,20
Advair HFA,advair hfa,10
Advair HFA *NF*,advair hfa,10
Advair HFA 115/21,advair hfa 115/,15
Advair HFA 115/21 mcg/actuation,advair hfa 115/mcg/actuation,28
Advair HFA 230-21,advair hfa 230-,15
Advair HFA 230/21 mcg,advair hfa 230/mcg,18
Advanced Eye Health,advanced health,15
Advil,advil,5
Advil Cold & Sinus,advil cold & sinus,18
Advil Liqui-Gel,advil liqui-gel,15
Advil PM,advil pm,8
Aerobid,aerobid,7
Afatinib,afatinib,8
Afinitor,afinitor,8
Afrin,afrin,5
Afrin (oxymetazoline),afrin (oxymetazoline),21
Afrin Sinus,afrin sinus,11
Afrin Sinus No Drip,afrin sinus no drip,19
Aggrenox,aggrenox,8
Agrylin,agrylin,7
Agrylin (anagrelide) 0.5mg CAP,agrylin (anagrelide) 0.5mg,26
Aimovig Autoinjector,aimovig autoinjector,20
Ajovy Syringe,ajovy syringe,13
Akwa Tears,akwa,4
Al,UNK,2
Alavert,alavert,7
Alavert (loratadine),alavert (loratadine),20
Alaway,alaway,6
Alaway (ketotifen fumarate),alaway (ketotifen fumarate),27
Alb,albumin,7
Albendazole,albendazole,11
Albu,albumin,7
Album,albumin,7
Albumi,albumin,7
Albumin,albumin,7
Albumin ,albumin,7
Albumin 25,albumin 25,10
Albumin 25%,albumin 25%,11
Albumin 25% ,albumin 25%,11
Albumin 25% (12.5g / 50mL),albumin 25% (12.5g/50ml),24
Albumin 25% (25g /100mL),albumin 25% (25g/100ml),23
Albumin 5,albumin 5,9
Albumin 5%,albumin 5%,10
Albumin 5% ,albumin 5%,10
Albumin 5% (,albumin 5% (,12
Albumin 5% (12.5g / 250mL),albumin 5% (12.5g/250ml),24
Albumin 5% (25g / 500mL),albumin 5% (25g/500ml),22
Albumin 5% ),albumin 5% ),12
Albumin 5% 12.5g/250mL 250mL BAG,albumin 5% 12.5g/250ml 250ml,28
"Albumin, Human 25 %",albumin 25%,11
Albut,albuterol,9
Albute,albuterol,9
Albuterol,albuterol,9
Albuterol ,albuterol,9
Albuterol 0.,albuterol 0.,12
Albuterol 0.083% Neb Soln,albuterol 0.083% neb,20
Albuterol 0.083% Neb Soln 1Neb,albuterol 0.083% neb 1neb,25
Albuterol 0.5%,albuterol 0.5%,14
Albuterol 0.5% Continuous Administration,albuterol 0.5% continuous administration,40
Albuterol Inhalation Soln 0.5%,albuterol 0.5%,14
Albuterol Inhaler,albuterol,9
Albuterol Inhaler (ProAir),albuterol (proair),18
Albuterol Inhaler INH,albuterol,9
Albuterol MDI,albuterol mdi,13
Albuterol Sulfate,albuterol sulfate,17
Albuterol Sulfate (Extended Release),albuterol sulfate (extended release),36
Albuterol inh,albuterol,9
Albuterol sulfate,albuterol sulfate,17
Albuterol-Ipratropium,albuterol-ipratropium,21
Alcohol Dehydrated,alcohol dehydrated,18
Aldactazide,aldactazide,11
Aldactazide(Hydrochlorothiazide 25 mg / spironolactone 25 mg),aldactazide(hydrochlorothiazide 25mg/spironolactone 25mg),57
Aldactone,aldactone,9
Aldara,aldara,6
Aldesleukin,aldesleukin,11
Alecensa,alecensa,8
Alecensa (alectinib),alecensa (alectinib),20
Alectinib,alectinib,9
Alectinib ,alectinib,9
Alemtuzumab,alemtuzumab,11
Alendro,alendro,7
Alendronate,alendronate,11
Alendronate ,alendronate,11
Alendronate Sodium,alendronate sodium,18
Alendronate Sodium ,alendronate sodium,18
Aleve,aleve,5
Alfuzosin,alfuzosin,9
Aliclen,aliclen,7
Align,align,5
Align ( bifidobacterium infantis),align (bifidobacterium infantis),32
Align (Bifidobacterium infantis),align (bifidobacterium infantis),32
Align (bifidobacterium),align (bifidobacterium),23
Alinia,alinia,6
Alisertib,alisertib,9
Aliskiren,aliskiren,9
Alka-Seltzer,alka-seltzer,12
Alka-Seltzer 324 mg,alka-seltzer 324mg,18
Alka-Seltzer Gold,alka-seltzer gold,17
Alka-Seltzer Original,alka-seltzer original,21
Allegra,allegra,7
Allegra Allergy,allegra allergy,15
Allegra Allergy  ,allegra allergy,15
Allegra-D 12 Hour,allegra-d 12 hour,17
Aller-Tec,aller-tec,9
Aller-Tec (Cetirizine),aller-tec (cetirizine),22
Allopurinol,allopurinol,11
Allopurinol Sodium,allopurinol sodium,18
AloXI,aloxi,5
Alora,alora,5
Alosetron HCl,alosetron hcl,13
Alpha Lipoic Acid,alpha lipoic acid,17
Alphagan P,alphagan p,10
Alphagan P ,alphagan p,10
Alphagan P (brimonidine),alphagan p (brimonidine),24
Alphagan P 0.1%,alphagan p 0.1%,15
Alprazolam,alprazolam,10
Alprazolam ER,alprazolam er,13
Alprostadil,alprostadil,11
Alrex,alrex,5
Alrex 0.2%,alrex 0.2%,10
Altavera (28),altavera,8
Altavera (28):ethinyl estradiol/levonorgestrel,altavera :ethinyl estradiol/levonorgestrel,42
Altepla,alteplase,9
Alteplas,alteplase,9
Alteplase,alteplase,9
Alteplase ,alteplase,9
Alteplase (Catheter Clearance),alteplase (catheter clearance),30
Alteplase (External Ventricular Drain),alteplase (external ventricular drain),38
Alteplase 1mg,alteplase 1mg,13
Alteplase 1mg/1mL ( Clearance ie. Temp TLCL ),alteplase 1mg/1ml (clearance ie. temp tlcl),43
"Alteplase 1mg/2mL ( Clearance ie. PICC, midline, tunneled access line, PA )",alteplase 1mg/2ml (clearance ie. picc midline  pa),50
"Alteplase 1mg/2mL ( Clearance ie. PICC, tunneled access line )",alteplase 1mg/2ml (clearance ie. picc),38
"Alteplase 1mg/2mL ( Clearance ie. PICC, tunneled access line, PA )",alteplase 1mg/2ml (clearance ie. picc  pa),42
Alteplase 1mg/5mL ( Clearance ie. Indwelling port ),alteplase 1mg/5ml (clearance ie. indwelling port),49
Alteplase 1mg/Flush Volume ( Dialysis/Pheresis Catheters ),alteplase 1mg/flush volume (dialysis/pheresis catheters),56
Alternagel,alternagel,10
Alternagel-Benadryl-Lidocaine Visc.,alternagel-benadryl-lidocaine visc.,35
Altoprev,altoprev,8
Alum Potassium,alum potassium,14
Aluminum,aluminum,8
Aluminum Hydroxide,aluminum hydroxide,18
Aluminum Hydroxide Suspension,aluminum hydroxide,18
Aluminum-Magnesium Hydrox.-Simethicone,aluminum-magnesium hydrox.-simethicone,38
Alvesco,alvesco,7
Alvimopan,alvimopan,9
Alyacen 1/35 (28),alyacen 1/35,12
AmLactin,amlactin,8
Amantadine,amantadine,10
Amantadine Syrup,amantadine,10
Amaryl,amaryl,6
Ambien,ambien,6
Ambien (BRAND NAME),ambien,6
Ambien CR,ambien cr,9
Ambien CR (Zolpidem),ambien cr (zolpidem),20
Ambien CR (zolpidem CR),ambien cr (zolpidem cr),23
Ambisome,ambisome,8
Ambrisentan,ambrisentan,11
Ambrisentan (Letairis),ambrisentan (letairis),22
Amerge,amerge,6
Amethyst  90 mcg/20 mcg Tabs,amethyst 90 mcg/20 mcg,22
Amicar,amicar,6
Amikacin,amikacin,8
Amikacin - Dosing by pharmacy,amikacin - dosing by pharmacy,29
Amikacin Inhalation,amikacin,8
Amiloride HCl,amiloride hcl,13
Amin,aminocaproic,12
Amino,aminocaproic,12
Aminoc,aminocaproic,12
Aminoca,aminocaproic,12
Aminocap,aminocaproic,12
Aminocapr,aminocaproic,12
Aminocapro,aminocaproic,12
Aminocaproi,aminocaproic,12
Aminocaproic,aminocaproic,12
Aminocaproic ,aminocaproic,12
Aminocaproic Aci,aminocaproic acid,17
Aminocaproic Acid,aminocaproic acid,17
Aminocaproic Acid ,aminocaproic acid,17
Aminocaproic Acid 25 % Oral Rinse,aminocaproic acid 25%,21
Aminocaproic Acid 25% Oral Rinse,aminocaproic acid 25%,21
Aminolevulinic Acid,aminolevulinic acid,19
Aminophylline,aminophylline,13
Aminopyridine,aminopyridine,13
Amioda,amiodarone,10
Amiodarone,amiodarone,10
Amiodarone ,amiodarone,10
Amiodarone (f 150mg/3mL 3mL Vial,amiodarone (f 150mg/3ml 3ml,27
Amiodarone (for dilution),amiodarone (dilution),21
Amiodarone Oral Suspension,amiodarone,10
Amit-bacl-keto,amit-bacl-keto,14
Amitiza,amitiza,7
Amitriptyline,amitriptyline,13
Amitriptyline HCl,amitriptyline hcl,17
Amlodipine,amlodipine,10
Ammonium Lactate,ammonium lactate,16
Amnesteem,amnesteem,9
Amnioinfusion (NS),amnioinfusion (ns),18
Amobarbital Sodium,amobarbital sodium,18
Amox,amoxicillin,11
Amoxic,amoxicillin,11
Amoxicill,amoxicillin,11
Amoxicillin,amoxicillin,11
Amoxicillin Oral Susp.,amoxicillin .,13
Amoxicillin-Clavulanate,amoxicillin-clavulanate,23
Amoxicillin-Clavulanate ,amoxicillin-clavulanate,23
Amoxicillin-Clavulanate Desensitization,amoxicillin-clavulanate desensitization,39
Amoxicillin-Clavulanate Susp,amoxicillin-clavulanate,23
Amoxicillin-Clavulanate Susp.,amoxicillin-clavulanate .,25
Amoxicillin-Clavulanic Acid,amoxicillin-clavulanic acid,27
Amphe,amphetamine,11
Amphetam,amphetamine,11
Amphetami,amphetamine,11
Amphetamin,amphetamine,11
Amphetamine,amphetamine,11
Amphetamine Salt Combo,amphetamine salt,16
Amphetamine-Dextroamphetamin,amphetamine-dextroamphetamin,28
Amphetamine-Dextroamphetamine,amphetamine-dextroamphetamine,29
Amphetamine-Dextroamphetamine XR,amphetamine-dextroamphetamine xr,32
Amphotericin B,amphotericin b,14
Amphotericin B (Bulk),amphotericin b,14
Amphotericin B Deoxycholate,amphotericin b deoxycholate,27
Amphotericin B Deoxycholate 5mcg/0.1mL,amphotericin b deoxycholate 5mcg/0.1ml,38
Amphotericin B Nebulized,amphotericin b nebulized,24
Amphotericin B Ophth Soln 0.1%,amphotericin b 0.1%,19
Amphotericin B Oral Suspension,amphotericin b,14
Ampicillin,ampicillin,10
Ampicillin Antibiotic Lock,ampicillin antibiotic lock,26
Ampicillin Desensitization,ampicillin desensitization,26
Ampicillin Graded Challenge,ampicillin graded challenge,27
Ampicillin-Heparin Lock,ampicillin-heparin lock,23
Ampicillin-Sulbact Graded Challenge,ampicillin-sulbact graded challenge,35
Ampicillin-Sulbactam,ampicillin-sulbactam,20
Ampyra,ampyra,6
Ampyra (40-Aminopyridine),ampyra (40-aminopyridine),25
Ampyra (dalfampridine),ampyra (dalfampridine),22
Ampyra ER (Dalfampridine ER),ampyra er (dalfampridine er),28
Amrix,amrix,5
Amylase-Lipase-Protease,amylase-lipase-protease,23
Anagrelide,anagrelide,10
Anakinra ,anakinra,8
Anakinra *NF*,anakinra,8
Anakinra 100 mg/0mg ,anakinra 100mg/0mg,18
Anakinra syringe 0.67ml,anakinra syringe 0.67ml,23
Anakinra syringe 100 mg/0mg,anakinra syringe 100mg/0mg,26
Anakinra syringe 100 mg/0mg ,anakinra syringe 100mg/0mg,26
Analpram-HC Singles,analpram-hc singles,19
Anamorelin,anamorelin,10
Anamorelin  ,anamorelin,10
Anamorelin HCl,anamorelin hcl,14
Anas,anastrozole,11
Anastr,anastrozole,11
Anastro,anastrozole,11
Anastrozole,anastrozole,11
Anbesol,anbesol,7
Anbesol (benzocaine),anbesol (benzocaine),20
Andexxa,andexxa,7
AndroGeL,androgel,8
AndroGeL (testosterone gel),androgel (testosterone gel),27
AndroGel,androgel,8
AndroGel (20.25mg/1.25gm-1.62%),androgel (20.25mg/1.25gm-1.62%),31
AndroGel 1% ,androgel 1%,11
AndroGel 1%  (testosterone),androgel 1% (testosterone),26
AndroGel 1% Pump,androgel 1% pump,16
AndroGel 1.25 g/1 %,androgel 1.25 g/1%,18
AndroGel 1.62%,androgel 1.62%,14
AndroGel 1.62%(20.25mg/pump),androgel 1.62%(20.25mg/pump),28
Androderm,androderm,9
Androxy,androxy,7
Anefrin,anefrin,7
Angiotensin II,angiotensin ii,14
Anidulafungin,anidulafungin,13
Anoro Ellipta,anoro ellipta,13
Anoro Ellipta  (umeclidinium-vilanteroL),anoro ellipta (umeclidinium-vilanterol),39
Anoro Ellipta (62.5mcg/25mcg),anoro ellipta (62.5mcg/25mcg),29
Anoro Ellipta (Umeclidinium-Vilanterol),anoro ellipta (umeclidinium-vilanterol),39
Anoro Ellipta (umeclidinium) 62.5/25 mcg,anoro ellipta (umeclidinium) 62.5/25 mcg,40
Anoro Ellipta (umeclidinium-vilanteroL),anoro ellipta (umeclidinium-vilanterol),39
Anoro Ellipta (umeclidinium-vilanteroL) 62.5-25 mcg/actuation,anoro ellipta (umeclidinium-vilanterol) 62.5-25 mcg/actuation,61
Anoro Ellipta (umeclidinium-vilanterol),anoro ellipta (umeclidinium-vilanterol),39
Anoro Ellipta 62.5-25,anoro ellipta 62.5-25,21
Anoro Ellipta 62.5-25 mcg,anoro ellipta 62.5-25 mcg,25
Anoro Ellipta 62.5-25mcg,anoro ellipta 62.5-25mcg,24
Anoro Ellipta 62.5/25,anoro ellipta 62.5/25,21
Anoro Ellipta 62.5/25mcg,anoro ellipta 62.5/25mcg,24
Anoro Ellipta 62.5mcg/25mcg,anoro ellipta 62.5mcg/25mcg,27
Anoro Ellipta(Umeclidium/Vilanterol),anoro ellipta(umeclidium/vilanterol),36
Antacid Maximum Strength,antacid maximum strength,24
Anti-Inhibitor Coagulant Complex (FEIBA),anti-inhibitor coagulant complex (feiba),40
Anti-Thymocyte Globulin (Rabbit),anti-thymocyte globulin (rabbit),32
Anti-Thymocyte Globulin (Rabbit) - Peripheral Line,anti-thymocyte globulin (rabbit) - peripheral,45
Anti-thymocyte Globulin (Horse),anti-thymocyte globulin (horse),31
Antithrombin 3 (human),antithrombin 3,14
Antivert,antivert,8
Anu,anu,3
Anucort-HC,anucort-hc,10
Anusol-HC,anusol-hc,9
Anzemet,anzemet,7
Apidra,apidra,6
Apidra SoloStar,apidra solostar,15
Apidra SoloStar U-100 Insulin,apidra solostar u-100 insulin,29
Apidra SoloStar U-100 Insulin    ** Non-Formulary **,apidra solostar u-100 insulin,29
Apixaban,apixaban,8
Aplenzin(Bupropion ER),aplenzin(bupropion er),22
Apraclonidine 0.5%,apraclonidine 0.5%,18
Apreda SoluStar U-100 NG,apreda solustar u-100 ng,24
Aprepitant,aprepitant,10
Aprepitant   (Emend),aprepitant (emend),18
Aprepitant (Emend),aprepitant (emend),18
Apri,apri,4
Apri  tab (0.15mg-0.03mg),apri (0.15mg-0.03mg),20
Apri (0.15mg/0.03mg),apri (0.15mg/0.03mg),20
Apri (desogestrel-ethinyl estradiol,apri (desogestrel-ethinyl estradiol,35
Apri (desogestrel-ethinyl estradiol),apri (desogestrel-ethinyl estradiol),36
Apri (desogestrel/ethinyl estradiol),apri (desogestrel/ethinyl estradiol),36
Apri 0.15/0.03mg,apri 0.15/0.03mg,16
Apri 0.15mg-0.03mg Tab,apri 0.15mg-0.03mg,18
Apri 0.15mg/0.03mg TAB,apri 0.15mg/0.03mg,18
Apri desogestrel-ethinyl estradiol,apri desogestrel-ethinyl estradiol,34
Apri(desogestrel-ethinyl estradiol,apri(desogestrel-ethinyl estradiol,34
Apri- 0.15/0.03mg-28,apri- 0.15/0.03mg-,18
Apri-28,apri-,5
Aprida SoluStar U-100 NF,aprida solustar u-100 nf,24
Apriso,apriso,6
Apriso  (meslamine),apriso (meslamine),18
Apriso (mesalamine) ER,apriso (mesalamine) er,22
Apriso 0.375g capsules,apriso 0.375g,13
Aptiom,aptiom,6
Aptiom (eslicarbazepine),aptiom (eslicarbazepine),24
Aptivus,aptivus,7
Aquacel-Ag,aquacel-ag,10
Aquapho,aquapho,7
Aquaphor,aquaphor,8
Aquaphor Ointment,aquaphor,8
Aralast,aralast,7
Aralast NP,aralast np,10
Aranesp,aranesp,7
Aranesp (Polysorbate),aranesp (polysorbate),21
Aranesp (in polysorbate),aranesp (in polysorbate),24
Aranesp (polysorbate),aranesp (polysorbate),21
Aranesp SureClick -Polysorbate,aranesp sureclick -polysorbate,30
Arava,arava,5
Arava (leflunomide),arava (leflunomide),19
Argatroban,argatroban,10
Argatroban (for intraoperative use),argatroban (intraoperative),27
Arginine (L-arginine) (bulk),arginine (l-arginine),21
Arginine HCl (L-Arginine),arginine hcl (l-arginine),25
Aricept,aricept,7
Arimidex,arimidex,8
Arimidex (anastrozole),arimidex (anastrozole),22
Aripip,aripiprazole,12
Aripiprazole,aripiprazole,12
Aristada,aristada,8
Armodafinil,armodafinil,11
Armodafinil (NUVIGIL) 150mg tabs,armodafinil (nuvigil) 150mg,27
Armour Thyroid,armour thyroid,14
Armour Thyroid ,armour thyroid,14
Arnuity Ellipta,arnuity ellipta,15
Aromasin,aromasin,8
Arsenic Trioxide,arsenic trioxide,16
Artesunate,artesunate,10
Arthrotec 50,arthrotec 50,12
Arthrotec 50-200,arthrotec 50-200,16
Arthrotec 75,arthrotec 75,12
Artifici,artificial,10
Artificial,artificial,10
Artificial ,artificial,10
Artificial Saliva,artificial saliva,17
Artificial Tea,artificial tears,16
Artificial Tear,artificial tears,16
Artificial Tear Ointment,artificial tears,16
Artificial Tears,artificial tears,16
Artificial Tears ,artificial tears,16
Artificial Tears (PF),artificial tears (pf),21
Artificial Tears (PF)- GenTeal Eye Gel,artificial tears (pf)- genteal gel,34
Artificial Tears (PF)- Systane Eye Gel,artificial tears (pf)- systane gel,34
Artificial Tears (PF)- Systne Eye Gel,artificial tears (pf)- systne gel,33
Artificial Tears (petro/min),artificial tears (petro/min),28
Artificial Tears (polyvin alc),artificial tears (polyvin alc),30
Artificial Tears GEL 1%,artificial tears gel 1%,23
Artificial Tears Preserv. Free,artificial tears preserv.,25
Asacol,asacol,6
Asacol HD,asacol hd,9
Asacol HD 800mg,asacol hd 800mg,15
Ascorbic Acid,ascorbic acid,13
Ascorbic Acid (Liquid),ascorbic acid,13
Ascorbic Acid/Thiamine,ascorbic acid/thiamine,22
Ascorbic acid and thiamine,ascorbic acid and thiamine,26
Ascorbic acid/Thiamine,ascorbic acid/thiamine,22
Ascorbic acid/thiamine,ascorbic acid/thiamine,22
Ascorbic acid/thiamine/,ascorbic acid/thiamine/,23
Asenapine,asenapine,9
Ashlyna,ashlyna,7
Asmanex (Mometasone) Twisthaler,asmanex (mometasone) twisthaler,31
Asmanex (mometasone),asmanex (mometasone),20
Asmanex (mometasone) Twisthaler,asmanex (mometasone) twisthaler,31
Asmanex HFA,asmanex hfa,11
Asmanex HFA (momentasone),asmanex hfa (momentasone),25
Asmanex Twisthaler,asmanex twisthaler,18
Asmanex Twisthaler (mometasone),asmanex twisthaler (mometasone),31
Asp,aspirin,7
Asparaginase,asparaginase,12
Asparaginase (Erwinia chrysan),asparaginase (erwinia chrysan),30
Aspart Insulin Desensitization,aspart insulin desensitization,30
Aspercreme ,aspercreme,10
Aspercreme (lidocaine HCL),aspercreme (lidocaine hcl),26
Aspercreme (lidocaine HCl),aspercreme (lidocaine hcl),26
Aspercreme (lidocaine),aspercreme (lidocaine),22
Aspercreme with Aloe,aspercreme with aloe,20
Aspi,aspirin,7
Aspir,aspirin,7
Aspiri,aspirin,7
Aspirin,aspirin,7
Aspirin ,aspirin,7
Aspirin (Buffered),aspirin,7
Aspirin (Chewable),aspirin,7
Aspirin (Rectal),aspirin,7
Aspirin 325 ,aspirin 325mg,13
Aspirin 325 mg,aspirin 325mg,13
Aspirin 325 mg ,aspirin 325mg,13
Aspirin 325 mg p-o,aspirin 325mg p-o,17
Aspirin 325mg,aspirin 325mg,13
Aspirin 325mg ,aspirin 325mg,13
Aspirin 325mg TAB,aspirin 325mg,13
Aspirin 81 mg,aspirin 81mg,12
Aspirin 81 mg ,aspirin 81mg,12
Aspirin 81mg,aspirin 81mg,12
Aspirin 81mg ,aspirin 81mg,12
Aspirin 81mg (1cap),aspirin 81mg (1cap),19
Aspirin 81mg TAB,aspirin 81mg,12
Aspirin 81mg or placbo,aspirin 81mg placbo,19
Aspirin Childrens,aspirin childrens,17
Aspirin Desens,aspirin desens,14
Aspirin Desensitizati,aspirin desensitizati,21
Aspirin Desensitization,aspirin desensitization,23
Aspirin Desensitization ,aspirin desensitization,23
Aspirin Desensitization (AERD),aspirin desensitization (aerd),30
Aspirin Desensitization (Angioedema),aspirin desensitization (angioedema),36
Aspirin Desensitization (Urticaria/Angioedema),aspirin desensitization (urticaria/angioedema),46
Aspirin EC,aspirin ec,10
Aspirin Low Dose,aspirin low,11
Aspirin Low-Strength,aspirin low-strength,20
Aspirin-Caffeine-Butalbital,aspirin-caffeine-butalbital,27
Aspririn 81mg ,aspririn 81mg,13
Astagraf XL,astagraf xl,11
Astelin,astelin,7
Astepro,astepro,7
Astepro 0.15% Nasal spray,astepro 0.15%,13
Atacand,atacand,7
Atacand HCT,atacand hct,11
Atazanavir,atazanavir,10
Atenolol,atenolol,8
Atenolol oral suspension,atenolol,8
Atezolizumab,atezolizumab,12
Atgam,atgam,5
Ativan,ativan,6
Ativan (brand name),ativan,6
Atomoxetine,atomoxetine,11
Atorvastatin,atorvastatin,12
Atorvastatin 40 mg,atorvastatin 40mg,17
Atorvastatin 40 mg ,atorvastatin 40mg,17
Atorvastatin 40 mg capsule,atorvastatin 40mg,17
Atorvastatin 40mg,atorvastatin 40mg,17
Atorvastatin 40mg Tab,atorvastatin 40mg,17
Atorvaststin 40 mg ,atorvaststin 40mg,17
Atovaquone,atovaquone,10
Atovaquone Suspension,atovaquone,10
Atovaquone-Proguanil (250mg-100mg),atovaquone-proguanil (250mg-100mg),34
Atra,atra,4
Atripla,atripla,7
AtroVENT HFA,atrovent hfa,12
Atropine ,atropine,8
Atropine Sulfa 1mg/10mL 10mL SYR,atropine sulfate 1mg/10ml 10ml,30
Atropine Sulfate,atropine sulfate,16
Atropine Sulfate (Bristojet),atropine sulfate (bristojet),28
Atropine Sulfate 1%,atropine sulfate 1%,19
Atropine Sulfate Ophth 1%,atropine sulfate 1%,19
Atrovent,atrovent,8
Atrovent HFA,atrovent hfa,12
Atrovent Nasal Spray,atrovent,8
Aubagio,aubagio,7
Augmentin,augmentin,9
Augmentin Suspension,augmentin,9
Auralgan (w/ Acetic Acid),auralgan (w/acetic acid),24
Aurovela 1.5/30 (21),aurovela 1.5/30,15
Aurovela Fe 1.5/30 (28),aurovela fe 1.5/30,18
Auryxia,auryxia,7
Auryxia (Ferric citrate),auryxia (ferric citrate),24
Austedo,austedo,7
Austedo (deutetrabenazine),austedo (deutetrabenazine),26
Austedo(deutetrabenazine),austedo(deutetrabenazine),25
Autodrop,autodrop,8
Autologous 20% Serum Tears,autologous 20% serum tears,26
Autologous 20% serum tears,autologous 20% serum tears,26
Autologous Serum Eye Drops 20%,autologous serum 20%,20
Autologous Serum Ophth 20%,autologous serum 20%,20
Autologus 20% Diluted Serum tears,autologus 20% diluted serum tears,33
Autologus Serum Eye Drops 20%,autologus serum 20%,19
Avalide,avalide,7
Avandia,avandia,7
Avapro,avapro,6
Avapro (Irbesartan),avapro (irbesartan),19
AveLOX,avelox,6
Aveeno Bath,aveeno bath,11
Aveeno Intense Relief,aveeno intense,14
Avelox,avelox,6
Avenova,avenova,7
Aviane,aviane,6
Aviane (Levonorgestrol/Ethinyl Estradiol,aviane (levonorgestrol/ethinyl estradiol,40
Aviane (ethinyl estradiol/levonorgestrel),aviane (ethinyl estradiol/levonorgestrel),41
Aviane 0.1 mg-20 mcg tablet,aviane 0.1mg-20 mcg,19
Aviane 0.1-20mg,aviane 0.1-20mg,15
Aviane 0.1mg/0.02mg,aviane 0.1mg/0.02mg,19
Aviane 28,aviane,6
Aviane-28,aviane-,7
Avinza,avinza,6
Avinza 30mg,avinza 30mg,11
Avodart,avodart,7
Avodart  0.5MG,avodart 0.5mg,13
Avodart (Dutasteride),avodart (dutasteride),21
Avodart (dutasteride),avodart (dutasteride),21
Avonex,avonex,6
Avonex Administration Pack,avonex administration,21
Avycaz,avycaz,6
Axert,axert,5
Axicabtagene Ciloleucel,axicabtagene ciloleucel,23
Axid,axid,4
Axid AR,axid ar,7
Axiron,axiron,6
Axitinib,axitinib,8
Axitinib (Inlyta),axitinib (inlyta),17
Axitinib *NF*,axitinib,8
Aygestin,aygestin,8
Aygestin  (norethindrone acetate) 10 mg,aygestin (norethindrone acetate) 10mg,37
Aygestin (Norethindrone) 5mg tab,aygestin (norethindrone) 5mg,28
Aygestin (norethindrone acetate) - 5mg tabs,aygestin (norethindrone acetate) - 5mg,38
Aygestin (norethindrone),aygestin (norethindrone),24
Ayr Saline Gel,ayr saline gel,14
Ayr Saline Gel (Gel Nasal Salino),ayr saline gel (gel salino),27
Ayr Saline Nasal Gel 0.65 %,ayr saline gel 0.65%,20
AzaTHIOprine,azathioprine,12
Azacitidine,azacitidine,11
Azasan,azasan,6
Azasite,azasite,7
Azasite 1%,azasite 1%,10
Azathioprine,azathioprine,12
Azelastine,azelastine,10
Azelastine 0.15 % (205.5 mcg),azelastine 0.15% (205.5 mcg),28
Azilect,azilect,7
Azilect (rasagiline),azilect (rasagiline),20
Azilect (rasagiline) 1mg TAB,azilect (rasagiline) 1mg,24
Azimilide,azimilide,9
Azithr,azithromycin,12
Azithro,azithromycin,12
Azithromy,azithromycin,12
Azithromyc,azithromycin,12
Azithromyci,azithromycin,12
Azithromycin,azithromycin,12
Azmacort,azmacort,8
Azo Cranberry,azo cranberry,13
Azo Urinary Pain Relief,azo urinary pain,16
Azopt,azopt,5
Azopt (brinzolamide),azopt (brinzolamide),20
Azopt 1%,azopt 1%,8
Azopt 1% Ophth  (*NF* ),azopt 1%,8
Azor,azor,4
Azor (amlodipine-olmesartan),azor (amlodipine-olmesartan),28
Aztreonam,aztreonam,9
Aztreonam  Desensitization,aztreonam desensitization,25
Azurette,azurette,8
Azurette 0.15mg/0.02mg/0.01mg,azurette 0.15mg/0.02mg/0.01mg,29
B Complex,b complex,9
B Complex-Vitamin C-Folic Acid,b complex-vitamin c-folic acid,30
B complex vitamins,b complex vitamins,18
B complex with C#20-folic acid,b complex with c#20-folic acid,30
B complex-C-folic acid-Zn,b complex-c-folic acid-zn,25
B complex-vitamin C-folic acid,b complex-vitamin c-folic acid,30
B-12 (methylcobalamin),b-12 (methylcobalamin),22
B-12 DOTS,b-12 dots,9
B-12 Organic Spray,b-12 organic,12
B-12 Plus,b-12 plus,9
B-50,b-50,4
B-Complex,b-complex,9
BD Ultra-Fine Pen Needle,bd ultra-fine pen needle,24
BENDAmustine,bendamustine,12
BIKTARVY,biktarvy,8
BLY719,bly719,6
BREO Ellipta ,breo ellipta,12
BRIVAracetam,brivaracetam,12
BUDESONIDE 0.5mg ,budesonide 0.5mg,16
BUpivacaine 0.25%,bupivacaine 0.25%,17
BYL719,byl719,6
Baby Anti Monkey Butt,baby anti monkey butt,21
Bacillus coagulans,bacillus coagulans,18
Bacitracin,bacitracin,10
Bacitracin ,bacitracin,10
Bacitracin Ointment,bacitracin,10
Bacitracin Ophthalmic Oint,bacitracin ophthalmic,21
Bacitracin-Polymyxin,bacitracin-polymyxin,20
Bacitracin-Polymyxin Ointment,bacitracin-polymyxin,20
Bacitracin/Polymyxin B Sulfate Opht. Oint,bacitracin/polymyxin b sulfate opht.,36
Bacl,bacl,4
Baclo,baclofen,8
Baclof,baclofen,8
Baclofen,baclofen,8
Baclofen 25mcg/hr,baclofen 25mcg/hr,17
Baclofen 4000mcg/mL,baclofen 4000mcg/ml,19
Baclofen Intrathecal,baclofen intrathecal,20
Baclofen/Bupivicaine/Clonidine Intrathecal,baclofen/bupivicaine/clonidine intrathecal,42
Baclofen/Clonidine Intrathecal,baclofen/clonidine intrathecal,30
Bactrim,bactrim,7
Bactrim ,bactrim,7
Bactrim Desensitization,bactrim desensitization,23
Bactroban,bactroban,9
Bactroban ,bactroban,9
Bactroban Nasal,bactroban,9
Bactroban Ointment,bactroban,9
Balanced Salt Opth. Soln,balanced salt .,15
Balsa,balsalazide,11
Balsalazide,balsalazide,11
Balsalazide 750mg Cap,balsalazide 750mg,17
Balsalazine Disodium ,balsalazine disodium,20
Balziva (28),balziva,7
Banzel,banzel,6
Bariatric Multivitamins,bariatric multivitamins,23
Baricitinib,baricitinib,11
Baricitinib (EUA),baricitinib (eua),17
Basaglar KwikPen,basaglar,8
Basaglar KwikPen U-100 Insulin,basaglar u-100 insulin,22
Basiliximab,basiliximab,11
Beano,beano,5
Bebtelovimab-EUA,bebtelovimab-eua,16
Becaplermin Gel 0.01%,becaplermin gel 0.01%,21
Beclomethasone,beclomethasone,14
Beclomethasone ,beclomethasone,14
Beclomethasone Dipro 40 mcg Inh,beclomethasone dipro 40 mcg,27
Beclomethasone Dipro. AQ (Nasal),beclomethasone dipro. aq,24
Beclomethasone Dipropionate,beclomethasone dipropionate,27
Beconase,beconase,8
Beconase AQ,beconase aq,11
Beconase AQ Nasal Spray,beconase aq,11
Belatacept,belatacept,10
Belbuca,belbuca,7
Belbuca (Buprenorphine hydrochloride) Buccal film,belbuca (buprenorphine hydrochloride) buccal,44
Belinostat,belinostat,10
Belladonna & Opium (16.2/30mg),belladonna & opium (16.2/30mg),30
Belladonna Alk-Phenobarbital,belladonna alk-phenobarbital,28
Belladonna Alkaloids-Opium,belladonna alkaloids-opium,26
Belladonna-Opium,belladonna-opium,16
Belladonna-Phenobarbital,belladonna-phenobarbital,24
Belsomra,belsomra,8
Belsomra ,belsomra,8
Belsomra (suvorexant),belsomra (suvorexant),21
Belsomra 10mg,belsomra 10mg,13
Belsomra 20mg,belsomra 20mg,13
Belumosudil *NF*,belumosudil,11
Belviq (lorcaserin),belviq (lorcaserin),19
BenGay,bengay,6
BenGay Greaseless,bengay greaseless,17
BenadryL (diphenhydramine),benadryl (diphenhydramine),26
Benadryl,benadryl,8
Benadryl Allergy,benadryl allergy,16
Benadryl Extra Strength,benadryl extra strength,23
Benadryl Itch Stopping,benadryl itch stopping,22
Benadryl Itch Stopping Cream,benadryl itch stopping,22
Benazepril,benazepril,10
Benefiber,benefiber,9
Benefiber (Guar Gum),benefiber (guar gum),20
Benefiber (guar gum),benefiber (guar gum),20
Benefiber Sugar Free (dextrin),benefiber (dextrin),19
Benefiber on the Go!,benefiber on the go!,20
Bengay,bengay,6
Bengay Cream,bengay,6
Benicar,benicar,7
Benicar HCT,benicar hct,11
Benlysta,benlysta,8
Benz,benz,4
Benzaclin,benzaclin,9
Benzaclin Pump,benzaclin pump,14
Benzo,benzo,5
Benzocaine,benzocaine,10
Benzocaine 20% Spray,benzocaine 20%,14
Benzocaine 20%/ lidocaine 8%/ tetracaine 4% cream,benzocaine 20%/lidocaine 8%/tetracaine 4%,41
Benzocaine-Menthol (Sore Throat Lozenge),benzocaine-menthol,18
Benzonatate,benzonatate,11
Benzoyl Peroxide,benzoyl peroxide,16
Benzoyl Peroxide Gel 10%,benzoyl peroxide gel 10%,24
Benzoyl Peroxide Gel 5%,benzoyl peroxide gel 5%,23
Benztropine,benztropine,11
Benztropine Mesylate,benztropine mesylate,20
Berinert,berinert,8
Besivance,besivance,9
Betadine,betadine,8
Betamethasone,betamethasone,13
Betamethasone Acet & Sod Phos,betamethasone acetaminophen & sodium phos,41
Betamethasone Dipro 0,betamethasone dipro 0,21
Betamethasone Dipro 0.05% Augmented Gel,betamethasone dipro 0.05% augmented gel,39
Betamethasone Dipro 0.05% Cream,betamethasone dipro 0.05%,25
Betamethasone Dipro 0.05% Lot.,betamethasone dipro 0.05% lot.,30
Betamethasone Dipro 0.05% Oint,betamethasone dipro 0.05%,25
Betamethasone Dipropionate,betamethasone dipropionate,26
Betamethasone Sodium Phos/Acet,betamethasone sodium phos/acetaminophen,39
Betamethasone Valerate 0.1% Cream,betamethasone valerate 0.1%,27
Betamethasone Valerate 0.1% Ointment,betamethasone valerate 0.1%,27
Betaseron,betaseron,9
Betaseron *NF*,betaseron,9
Betaxolol,betaxolol,9
Betaxolol HCl  0.25%,betaxolol hcl 0.25%,19
Betaxolol Ophth Susp  0.25%,betaxolol 0.25%,15
Bethanechol,bethanechol,11
Betimol,betimol,7
Betoptic S,betoptic sodium,15
Bevacizumab,bevacizumab,11
Bevacizumab (Avastin),bevacizumab (avastin),21
Bevacizumab Desensitization,bevacizumab desensitization,27
Bevacizumab-awwb (Mvasi),bevacizumab-awwb (mvasi),24
Bevespi Aerosphere,bevespi aerosphere,18
Bevespi Aerosphere 9mcg/4.8mcg,bevespi aerosphere 9mcg/4.8mcg,30
Bexanolone,bexanolone,10
Bexarotene,bexarotene,10
Bexarotene ((Targretin),bexarotene ((targretin),23
Bexarotene *NF*,bexarotene,10
Beyaz,beyaz,5
Beyaz (drosperinone-e.estradiol-lm),beyaz (drosperinone-e.estradiol-lm),35
Biafine Emulsion,biafine emulsion,16
Bicalutamide,bicalutamide,12
Bicitra,bicitra,7
Bictegrav-Emtricit-Tenofov Ala,bictegrav-emtricit-tenofov ala,30
Bictegravir + Truvada (200/25 mg),bictegravir + truvada (200/25mg),32
Bifidobacterium Infantis,bifidobacterium infantis,24
Biktarvy,biktarvy,8
"Biktarvy (Bictegravir,emtricitabine,tenofovir alafen.)",biktarvy (bictegraviremtricitabinetenofovir alafen.),52
"Biktarvy (bictegravir, emtricitabine, tenofovir alafenamide)",biktarvy (bictegravir emtricitabine tenofovir alafenamide),58
Biktarvy (bictegravir-emtricit-tenofovir),biktarvy (bictegravir-emtricit-tenofovir),41
Biktarvy (bictegravir/emtricitabine/tenofocvir alafen,biktarvy (bictegravir/emtricitabine/tenofocvir alafen,53
Biktarvy (bictegravir/emtricitabine/tenofovir alafen),biktarvy (bictegravir/emtricitabine/tenofovir alafen),53
Biktarvy 50-200-25mg,biktarvy 50-200-25mg,20
Biktarvy 50mg-200mg-25mg,biktarvy 50mg-200mg-25mg,24
Bimatoprost,bimatoprost,11
Bimatoprost  0.01%  Ophth  (*NF*),bimatoprost 0.01%,17
Bimatoprost  0.03%  Ophth  (*NF*),bimatoprost 0.03%,17
Bimatoprost 0.01% Opthalmic drops,bimatoprost 0.01%,17
Bimatoprost 0.03%,bimatoprost 0.03%,17
Binimetinib,binimetinib,11
Biofreeze (menthol 4%),biofreeze (menthol 4%),22
Biofreeze (menthol),biofreeze (menthol),19
Biotene Dry Moisturizing Spray,biotene dry moisturizing,24
Biotene Dry Mouth,biotene dry mouth,17
Biotene Dry Mouth Oral Rinse,biotene dry mouth,17
Biotene Moisturizing Mouth,biotene moisturizing mouth,26
Biotene Moisturizing Mouth Spray,biotene moisturizing mouth,26
Biotene Oralbalance (enzymes),biotene oralbalance (enzymes),29
Biotene Oralbalance (glycerin),biotene oralbalance (glycerin),30
Biotene Oralbalance Spray,biotene oralbalance,19
Biotin,biotin,6
Biotin 5000 mcg Quick Dissolve Tabs,biotin 5000 mcg quick dissolve,30
Bisaco,bisacodyl,9
Bisacodyl,bisacodyl,9
Bisacodyl (Rectal),bisacodyl,9
Bisacodyl Supp,bisacodyl,9
Biscolax,biscolax,8
Bismuth,bismuth,7
Bismuth Subsalicylate,bismuth subsalicylate,21
Bismuth Subsalicylate Chewable,bismuth subsalicylate,21
Bisoprolol Fumarate,bisoprolol fumarate,19
Bivalirudin,bivalirudin,11
Bivalirudin (Impella) - Left Ventricle,bivalirudin (impella) - left ventricle,38
Bivalirudin (Impella) - Right Ventricle,bivalirudin (impella) - right ventricle,39
Bleomycin,bleomycin,9
Bleomycin - TEST DOSE,bleomycin -,11
Blephamide,blephamide,10
Blinatumomab,blinatumomab,12
Blisovi 24 Fe,blisovi 24 fe,13
Blisovi Fe 1/20 (28),blisovi fe 1/20,15
Blistex Lip Ointment,blistex lip,11
Boceprevir,boceprevir,10
Bolus: N-Acetylcysteine (NAC),bolus: n-acetylcysteine (nac),29
Bortezomib,bortezomib,10
Bortizomib,bortizomib,10
Bosentan,bosentan,8
Bosentan ,bosentan,8
Bosulif,bosulif,7
Bosulif (bosutinib),bosulif (bosutinib),19
Bosutinib,bosutinib,9
Botox,botox,5
Botox (onabotulinumtoxinA),botox (onabotulinumtoxina),26
Botulinum Toxin Type A,botulinum toxin type a,22
Boudreauxs Butt Paste,boudreauxs butt paste,21
Breathe Right,breathe right,13
Breeza,breeza,6
Brentuximab Vedotin,brentuximab vedotin,19
Brentuximab Vedotin*,brentuximab vedotin,19
Breo Ellipta,breo ellipta,12
Breo Ellipta ((fluticasone/vilanterol),breo ellipta ((fluticasone/vilanterol),38
Breo Ellipta (200mcg/25mcg) Inhaler,breo ellipta (200mcg/25mcg),27
Breo Ellipta (fluticasone-vilanterol),breo ellipta (fluticasone-vilanterol),37
Breo Ellipta 100-25 mcg,breo ellipta 100-25 mcg,23
Breo Ellipta 100/25,breo ellipta 100/25,19
Breo Ellipta 100/25mcg,breo ellipta 100/25mcg,22
Breo Ellipta 100mcg/25mcg,breo ellipta 100mcg/25mcg,25
Breo Ellipta 200-25 mcg/dose,breo ellipta 200-25 mcg/,24
Breo Ellipta 200-25 mcg/dose ,breo ellipta 200-25 mcg/,24
Breo Ellipta 200mcg/25 mcg,breo ellipta 200mcg/25 mcg,26
Breo Ellipta(Fluticasone-Vilanterol),breo ellipta(fluticasone-vilanterol),36
Breo Ellipta100-25,breo ellipta100-25,18
Brexucabtagene Autoleucel,brexucabtagene autoleucel,25
Breztri Aerosphere,breztri aerosphere,18
Brigatinib,brigatinib,10
Brilinta,brilinta,8
Brimondine/timolol,brimondine/timolol,18
Brimonidin,brimonidine,11
Brimonidine,brimonidine,11
Brimonidine ,brimonidine,11
Brimonidine 0.2%,brimonidine 0.2%,16
Brimonidine 0.2% Ophthalmic Soln,brimonidine 0.2% ophthalmic,27
Brimonidine 0.2% drops,brimonidine 0.2%,16
Brimonidine Tartrate 0.15% Ophth.,brimonidine tartrate 0.15% .,28
Brimonidine Tartrate 0.2% Ophth.,brimonidine tartrate 0.2% .,27
Brimonidine-Timolol,brimonidine-timolol,19
Brincidofovir,brincidofovir,13
Brincidofovir (Brincidofovir),brincidofovir (brincidofovir),29
Brintellix,brintellix,10
Brinzolamide,brinzolamide,12
Brinzolamide 1% Ophth (*NF* ),brinzolamide 1%,15
Brivaracetam,brivaracetam,12
Brivaracetam Oral Solution,brivaracetam,12
Briviact,briviact,8
Briviact (brivaracetam),briviact (brivaracetam),23
BromSite,bromsite,8
Bromday,bromday,7
Bromday (Bromfenac),bromday (bromfenac),19
Bromday (bromfenac),bromday (bromfenac),19
Bromday (bromfenac) 0.09%,bromday (bromfenac) 0.09%,25
Bromday Opth Soln,bromday,7
Bromelain,bromelain,9
Bromfenac,bromfenac,9
Bromfenac (Xibrom),bromfenac (xibrom),18
Bromocriptine Mesylate,bromocriptine mesylate,22
Brovana,brovana,7
Brovana (Arformeterol),brovana (arformeterol),22
Brovana (arformoterol),brovana (arformoterol),22
Bu,bumetanide,10
BuP,buprenorphine,13
BuPR,bupropion,9
BuPRO,bupropion,9
BuPROP,bupropion,9
BuPROPi,bupropion,9
BuPROPio,bupropion,9
BuPROPion,bupropion,9
BuPROPion ,bupropion,9
BuPROPion  XL,bupropion xl,12
BuPROPion  XL Brand Name,bupropion xl,12
BuPROPion (Sustained Release),bupropion (sustained release),29
BuPROPion Extended-Release,bupropion extended-release,26
BuPROPion XL,bupropion xl,12
BuPROPion XL (Extended Release),bupropion xl (extended release),31
BuPROPion XL (Once Daily),bupropion xl,12
BuPROPion XL 150mg  Tab (Once Daily),bupropion xl 150mg,18
BuPRopion,bupropion,9
Bude,budesonide,10
Budeso,budesonide,10
Budesonide,budesonide,10
Budesonide (Bulk),budesonide,10
Budesonide (Nasal),budesonide,10
Budesonide 0.5mg,budesonide 0.5mg,16
Budesonide 0.5mg ,budesonide 0.5mg,16
Budesonide ER,budesonide er,13
Budesonide Flexhaler 180 mcg,budesonide flexhaler 180 mcg,28
Budesonide Inhaller (Pulmicort Flexhaler),budesonide inhaller (pulmicort flexhaler),41
Budesonide Nasal Inhaler,budesonide,10
Budesonide Nasal Inhaler  (*NF*),budesonide,10
Budesonide flexhaler (Pulmicort),budesonide flexhaler (pulmicort),32
Budesonide-Formoterol,budesonide-formoterol,21
Budesonide-formoterol (Symbicort),budesonide-formoterol (symbicort),33
Budesonide/formoterol (Symbicort),budesonide/formoterol (symbicort),33
Buivacaine 0.25%,buivacaine 0.25%,16
Bulk Chemical,chemical,8
Bum,bumetanide,10
Bume,bumetanide,10
Bumet,bumetanide,10
Bumeta,bumetanide,10
Bumetan,bumetanide,10
Bumetanid,bumetanide,10
Bumetanide,bumetanide,10
Bumetanide Desensitization,bumetanide desensitization,26
Bunavail,bunavail,8
Bupivacaine,bupivacaine,11
Bupivacaine ,bupivacaine,11
Bupivacaine 0.1%,bupivacaine 0.1%,16
Bupivacaine 0.125%  (ON-Q Pump),bupivacaine 0.125% (on-q pump),30
Bupivacaine 0.25%,bupivacaine 0.25%,17
Bupivacaine 0.25% ,bupivacaine 0.25%,17
"Bupivacaine 0.25%-Epi 1:200,000 P.F.",bupivacaine 0.25%-epinephrine 1:200000 p.f.,43
Bupivacaine 0.25%-Epinephrine,bupivacaine 0.25%-epinephrine,29
Bupivacaine 0.25%.,bupivacaine 0.25%.,18
Bupivacaine 0.5%,bupivacaine 0.5%,16
Bupivacaine 0.50%-Epinephrine,bupivacaine 0.50%-epinephrine,29
Bupivacaine 0.75%,bupivacaine 0.75%,17
Bupivacaine0.25%,bupivacaine0.25%,16
Bupivcaine 0.25%,bupivcaine 0.25%,16
Bupivicaine 0.25%,bupivicaine 0.25%,17
Bupr,bupropion,9
Buprenex,buprenex,8
Bupreno,buprenorphine,13
Buprenor,buprenorphine,13
Buprenorp,buprenorphine,13
Buprenorphine,buprenorphine,13
Buprenorphine-Naloxone,buprenorphine-naloxone,22
Buprenorphine-Naloxone ,buprenorphine-naloxone,22
Buprenorphine-Naloxone (2mg-0.5mg),buprenorphine-naloxone (2mg-0.5mg),34
Buprenorphine-Naloxone (8mg-2mg),buprenorphine-naloxone (8mg-2mg),32
Buprenorphine-Naloxone Film,buprenorphine-naloxone,22
Buprenorphine-Naloxone Film ,buprenorphine-naloxone,22
Buprenorphine-Naloxone Film (12mg-3mg),buprenorphine-naloxone (12mg-3mg),33
Buprenorphine-Naloxone Film (2mg-0.5mg),buprenorphine-naloxone (2mg-0.5mg),34
Buprenorphine-Naloxone Film (4mg-1mg),buprenorphine-naloxone (4mg-1mg),32
Buprenorphine-Naloxone Film (8mg-2mg),buprenorphine-naloxone (8mg-2mg),32
Buprenorphine-Naloxone Table,buprenorphine-naloxone,22
Buprenorphine-Naloxone Tablet,buprenorphine-naloxone,22
Buprenorphine-Naloxone Tablet (2mg-0.5mg),buprenorphine-naloxone (2mg-0.5mg),34
Buprenorphine-Naloxone Tablet (8mg-2mg),buprenorphine-naloxone (8mg-2mg),32
Bupro,bupropion,9
Bupropion,bupropion,9
Bupropion HCl,bupropion hcl,13
Bupropion HCl XL,bupropion hcl xl,16
BusPI,buspirone,9
BusPIRo,buspirone,9
BusPIRone,buspirone,9
Buspirone,buspirone,9
Busulfan,busulfan,8
Busulfan*,busulfan,8
Butalbit,butalbital,10
Butalbita,butalbital,10
Butalbital,butalbital,10
Butalbital-Acetaminophen-Caff,butalbital-acetaminophen-caff,29
Butorphanol Tartrate,butorphanol tartrate,20
Butorphanol Tartrate Nasal Spray,butorphanol tartrate,20
Butrans,butrans,7
Butrans (Buprenorphine),butrans (buprenorphine),23
Butrans (buprenorphine),butrans (buprenorphine),23
Butrans (buprenorphine) patch,butrans (buprenorphine) patch,29
Bydureon,bydureon,8
Bydureon 2mg/0.65ml pen,bydureon 2mg/0.65ml pen,23
Bydureon BCise,bydureon bcise,14
Byetta,byetta,6
Byetta ,byetta,6
Byetta (250mcg/ml),byetta (250mcg/ml),18
Byetta (Exenatide),byetta (exenatide),18
Byetta (exenatide),byetta (exenatide),18
Bystolic,bystolic,8
Bystolic (nebivolol),bystolic (nebivolol),20
C,UNK,1
C-Vitamin Cocktail,c-vitamin cocktail,18
CABAZItaxel,cabazitaxel,11
CAFFEINE-SODIUM BENZOATE,caffeine-sodium benzoate,24
CALCIUM 500+D,calcium 500+d,13
CARBOplatin,carboplatin,11
CARBOplatin Desensitization,carboplatin desensitization,27
CARBOplatin*,carboplatin,11
CARDura XL,cardura xl,10
CARMOL 20,carmol 20,9
CARVedilol,carvedilol,10
CARtia XT,cartia xt,9
CELEBREX,celebrex,8
CELECOXIB,celecoxib,9
CILOSTAZOL,cilostazol,10
CIPRO I.V.,cipro i.v.,10
CIPRODEX,ciprodex,8
CIPROFLOXACIN,ciprofloxacin,13
CISAPRIDE,cisapride,9
CISplatin,cisplatin,9
CISplatin Desensitization ,cisplatin desensitization,25
CLAZOSENTAN,clazosentan,11
CLOBEX,clobex,6
COLACE Clear,colace clear,12
COMBIVENT RESPIMAT,combivent respimat,18
CONCERTA,concerta,8
COQ10 (300 mg),coq10 (300mg),13
COQ10 (300 mg) ,coq10 (300mg),13
COQ10 (300mg),coq10 (300mg),13
COQ10 200 mg,coq10 200mg,11
COQ10 200 mg CAPS,coq10 200mg,11
COQ10 200 mg caps,coq10 200mg,11
COQ10 200 mg capsule,coq10 200mg,11
COQ10 200 mg liquid,coq10 200mg,11
COQ10 200mg,coq10 200mg,11
COQ10 200mg caps,coq10 200mg,11
COQ10 300 mg,coq10 300mg,11
COQ10 300 mgs,coq10 300mgs,12
COQ10 300mg,coq10 300mg,11
COQ10 300mg ,coq10 300mg,11
COQ10/Lipoic Acid/B2/B6/C/D,coq10/lipoic acid/b2/b6/c/d,27
COVID-19 Vaccine,covid-19 vaccine,16
COVID-19 Vaccine (Janssen),covid-19 vaccine (janssen),26
COVID-19 Vaccine (Moderna),covid-19 vaccine (moderna),26
COVID-19 Vaccine (PFIZER),covid-19 vaccine (pfizer),25
"COVID-19 vac,Ad26(Janssen)-PF",covid-19 vacad26(janssen)-pf,28
"COVID-19 vacc,mRNA(Moderna)-PF",covid-19 vaccmrna(moderna)-pf,29
CRLX101,crlx101,7
CRRT,crrt,4
CRRT-Pharmacy to Dose Medications,crrt-pharmacy to medications,28
CSL112 or Albumin,csl112 albumin,14
CVS Fiber Laxative Plus Calcium,cvs fiber laxative plus calcium,31
CVS Health Prenatal Gummy,cvs health prenatal,19
CVS Spectravite,cvs spectravite,15
CVS Ultra Strength Probiotic (Probiotic Blend),cvs ultra strength probiotic (probiotic blend),46
CYCLOSPORINE 0.05%,cyclosporine 0.05%,18
CYCLOSPORINE 0.05% OPHTH EMULSION,cyclosporine 0.05% emulsion,27
Cabazitaxel,cabazitaxel,11
Cabergoline,cabergoline,11
Cabometyx,cabometyx,9
Cabozantinib,cabozantinib,12
Cabozantinib     ,cabozantinib,12
Cabozantinib (CaBOMETYX),cabozantinib (cabometyx),24
Caduet,caduet,6
Caffeine,caffeine,8
Caffeine-Sodium Benzoate,caffeine-sodium benzoate,24
Cal-Citrate (calcium citrate-vitamin D2),cal-citrate (calcium citrate-vitamin d2),40
Calamine,calamine,8
Calan SR,calan sr,8
Calciferol,calciferol,10
Calcijex,calcijex,8
Calcimate ,calcimate,9
Calcipotriene 0.005% Cream,calcipotriene 0.005%,20
Calcipotriene 0.005% Oint,calcipotriene 0.005%,20
Calcitonin (Salmon),calcitonin,10
Calcitonin Salmon,calcitonin,10
Calcitonin Salmon (Test Dose),calcitonin,10
Calcitrate,calcitrate,10
Calcitrate 500 IU,calcitrate 500 iu,17
Calcitrate-Vitamin D,calcitrate-vitamin d,20
Calcitri,calcitri,8
Calcitriol,calcitriol,10
Calcitriol Oral Solution *NF*,calcitriol,10
Calcium,calcium,7
Calcium ,calcium,7
Calcium 500 + D (D3),calcium 500 + d (d3),20
Calcium 600,calcium 600,11
Calcium 600 + D,calcium 600 + d,15
Calcium 600 + D (D3),calcium 600 + d (d3),20
Calcium 600 + D(3),calcium 600 + d(3),18
Calcium 600 + D(3) ,calcium 600 + d(3),18
Calcium 600 + D(3) 800U,calcium 600 + d(3) 800u,23
Calcium 600 with Vitamin D3,calcium 600 with vitamin d3,27
Calcium 600+D3 Plus,calcium 600+d3 plus,19
Calcium Acetate,calcium acetate,15
Calcium Carbonate,calcium carbonate,17
Calcium Carbonate ,calcium carbonate,17
Calcium Carbonate  750,calcium carbonate 750,21
Calcium Carbonate (Tums),calcium carbonate (tums),24
Calcium Carbonate (Walgreens),calcium carbonate (walgreens),29
Calcium Carbonate 1000mg tab,calcium carbonate 1000mg,24
Calcium Carbonate 500 (Walgreens) ,calcium carbonate 500 (walgreens),33
Calcium Carbonate 750mg,calcium carbonate 750mg,23
Calcium Carbonate Suspension,calcium carbonate,17
Calcium Carbonate-Vitamin D3,calcium carbonate-vitamin d3,28
Calcium Chlori 1gm/10mL 10mL SYR,calcium chloride 1gm/10ml 10ml,30
Calcium Chloride,calcium chloride,16
Calcium Chloride (Bristojet),calcium chloride (bristojet),28
Calcium Chloride (For Overdose Use Only),calcium chloride (overdose),27
Calcium Citrate,calcium citrate,15
Calcium Citrate +,calcium citrate +,17
Calcium Citrate + D,calcium citrate + d,19
Calcium Citrate + D 630mg-13mcg,calcium citrate + d 630mg-13mcg,31
Calcium Citrate + D with Mag,calcium citrate + d with mag,28
Calcium Citrate + D with Mag    ,calcium citrate + d with mag,28
Calcium Citrate + Vit D,calcium citrate + vit d,23
"Calcium Citrate, Magnesium citrate, vitamin C",calcium citrate magnesium citrate vitamin c,43
Calcium Disodium Versenate,calcium disodium versenate,26
Calcium Gluc,calcium gluconate,17
Calcium Gluco,calcium gluconate,17
Calcium Gluco 2g/100mL 100mL BAG,calcium gluconate 2g/100ml 100ml,32
Calcium Gluconate,calcium gluconate,17
Calcium Gluconate ,calcium gluconate,17
Calcium Gluconate (Per Endocrine 5.5 g / 500 mL bag),calcium gluconate (per endocrine 5.5 g/500ml),45
Calcium Gluconate (Premix),calcium gluconate (premix),26
Calcium Gluconate Replacement (Critical Care and Oncology),calcium gluconate replacement (critical care and oncology),58
Calcium Gluconate Replacement (Oncology),calcium gluconate replacement (oncology),40
Calcium Gluconate sliding scale (Critical Care-Ionized calcium),calcium gluconate sliding scale (critical care-ionized calcium),63
Calcium Gluconate sliding scale – Ionized calcium,calcium gluconate sliding scale – ionized calcium,49
Calcium Lactate,calcium lactate,15
Calcium Magnesium,calcium magnesium,17
Calcium Replacement (Oncology),calcium replacement (oncology),30
Calcium carbonate,calcium carbonate,17
Calcium citrate,calcium citrate,15
Calcium with Vitamin D,calcium with vitamin d,22
Calcium-Mag Oxide-Vitamin D3,calcium-mag oxide-vitamin d3,28
Calciumcitrate,calciumcitrate,14
Calmoseptine,calmoseptine,12
Calquence (Acalabrutinib),calquence (acalabrutinib),25
Caltrate,caltrate,8
Caltrate + D3 Plus Minerals,caltrate + d3 plus minerals,27
Caltrate 600 plus D3 800,caltrate 600 plus d3 800,24
Caltrate 600+D,caltrate 600+d,14
Caltrate 600+D Plus Minerals,caltrate 600+d plus minerals,28
Caltrate with Vitamin D3,caltrate with vitamin d3,24
Caltrate-600 + D Vit D3 (800),caltrate-600 + d vit d3 (800),29
Caltrate-600 Plus Vitamin D3,caltrate-600 plus vitamin d3,28
Camila,camila,6
Camila (Norethindrone),camila (norethindrone),22
Camila (Norethindrone) 0.35mg tab,camila (norethindrone) 0.35mg,29
Camila (norethindrone),camila (norethindrone),22
Camila 0.35mg,camila 0.35mg,13
Camila norethindrone (contraceptive),camila norethindrone (contraceptive),36
Camphor-Menthol,camphor-menthol,15
Camrese,camrese,7
Canagliflozin,canagliflozin,13
Canasa,canasa,6
Candesartan,candesartan,11
Candesartan ,candesartan,11
Candesartan (Atacand) 32mg TAB,candesartan (atacand) 32mg,26
Candesartan 8 mg TAB,candesartan 8mg,15
Candida Skin Test,candida skin,12
Cangrelo,cangrelo,8
Cangrelor,cangrelor,9
Cannabidiol,cannabidiol,11
Cannabidiol (CBD) (Epidiolex) Oral Soln,cannabidiol (cbd) (epidiolex),29
Cantil,cantil,6
Cantron,cantron,7
Capecitabine,capecitabine,12
Caphosol,caphosol,8
Caplacizumab-yhdp,caplacizumab-yhdp,17
Caplyta,caplyta,7
Capoten,capoten,7
Capreomycin,capreomycin,11
Capsaicin 0.025%,capsaicin 0.025%,16
Capt,captopril,9
Capto,captopril,9
Captop,captopril,9
Captopr,captopril,9
Captopril,captopril,9
Captopril (Capoten),captopril (capoten),19
CarBAMaze,carbamazepine,13
CarBAMazepine,carbamazepine,13
CarBAMazepine (Extended-Release),carbamazepine (extended-release),32
CarBAMazepine Chewable Tabs,carbamazepine,13
CarBAMazepine Suspension,carbamazepine,13
Carac,carac,5
CarafATE,carafate,8
CarafATE (sucralfate),carafate (sucralfate),21
CarafATE 1g/10ml,carafate 1g/10ml,16
CarafATE 1gm/10ml,carafate 1gm/10ml,17
CarafATE 1gm/10ml Liquid,carafate 1gm/10ml,17
Carafate,carafate,8
Carafate 100mg/ml,carafate 100mg/ml,17
Carafate Suspension 100mg/ml,carafate 100mg/ml,17
Carb,carbamazepine,13
Carbam,carbamazepine,13
Carbamazep,carbamazepine,13
Carbamazepin,carbamazepine,13
Carbamazepine,carbamazepine,13
Carbamazepine ,carbamazepine,13
Carbamazepine (Extended-Release),carbamazepine (extended-release),32
Carbamazepine Chewable Tabs,carbamazepine,13
Carbamazepine ER,carbamazepine er,16
Carbamazepine ER 400mg Tab,carbamazepine er 400mg,22
Carbamazepine Rectal Suspension,carbamazepine,13
Carbamazepine Suspension,carbamazepine,13
Carbamazepine XR,carbamazepine xr,16
Carbamazepine XR ,carbamazepine xr,16
Carbamide Peroxide 6.5%,carbamide peroxide 6.5%,23
Carbatrol,carbatrol,9
Carbatrol ER,carbatrol er,12
Carbi,carbi,5
Carbidopa,carbidopa,9
Carbidopa-Levodopa,carbidopa-levodopa,18
Carbidopa-Levodopa ,carbidopa-levodopa,18
Carbidopa-Levodopa (10-100),carbidopa-levodopa (10-100),27
Carbidopa-Levodopa (25- 1TAB TAB,carbidopa-levodopa (25- 1tab,28
Carbidopa-Levodopa (25-100),carbidopa-levodopa (25-100),27
Carbidopa-Levodopa (25-100) ODT,carbidopa-levodopa (25-100) odt,31
Carbidopa-Levodopa (25-250),carbidopa-levodopa (25-250),27
Carbidopa-Levodopa (25-250) ODT,carbidopa-levodopa (25-250) odt,31
Carbidopa-Levodopa CR ,carbidopa-levodopa cr,21
Carbidopa-Levodopa CR (25-100),carbidopa-levodopa cr (25-100),30
Carbidopa-Levodopa CR (50-200),carbidopa-levodopa cr (50-200),30
Carbidopa-Levodopa ODT,carbidopa-levodopa odt,22
Carbidopa-Levodopa-Entacapone,carbidopa-levodopa-entacapone,29
Carboprost Tromethamine,carboprost tromethamine,23
Carboxymethylcellulose Sodium,carboxymethylcellulose sodium,29
Carbozantinib) Cabometyx,carbozantinib) cabometyx,24
Cardizem CD,cardizem cd,11
Cardura XL,cardura xl,10
Carfilzomib,carfilzomib,11
Carisoprodol,carisoprodol,12
Carmustine,carmustine,10
Carnitor,carnitor,8
Carteolol 1% Ophth Soln,carteolol 1%,12
Cartia XT,cartia xt,9
Carvedilol,carvedilol,10
Carvedilol 80mg  (Coreg Cr),carvedilol 80mg (coreg cr),26
Carvedilol Phosphate,carvedilol phosphate,20
Casirivimab 1200mg + Imdevimab 1200mg in 0.9% NaCl 250ml ,casirivimab 1200mg + imdevimab 1200mg in 0.9% nacl 250ml,56
Casirivimab AND Imdevimab,casirivimab and imdevimab,25
Casirivimab with Imdevimab ,casirivimab with imdevimab,26
Casirivimab-Imdevimab (EUA),casirivimab-imdevimab (eua),27
Casodex,casodex,7
Casodex (Bicalutamide),casodex (bicalutamide),22
Casodex (bicalutamide),casodex (bicalutamide),22
Caspofungin,caspofungin,11
Caspofungin Desensitization,caspofungin desensitization,27
Castor Oil,castor oil,10
Catapres,catapres,8
Catapres-TTS-3,catapres-tts-3,14
Cayston,cayston,7
Caziant (28),caziant,7
CeFAZolin,cefazolin,9
CeFAZolin Desensitization,cefazolin desensitization,25
CeFAZolin Duple 2g/50mL 50mL BAG,cefazolin duple 2g/50ml 50ml,28
CeFAZolin Graded Challenge,cefazolin graded challenge,26
CeFAZolin-Heparin Lock (For HD/Pheresis Catheter),cefazolin-heparin lock (hd/pheresis catheter),45
Cediranib,cediranib,9
CefTAZidime,ceftazidime,11
CefTAZidime 2mg/0.1mL,ceftazidime 2mg/0.1ml,21
CefTAZidime Desensitization,ceftazidime desensitization,27
CefTAZidime Graded Challenge,ceftazidime graded challenge,28
CefTAZidime Ophth Soln 50mg/mL,ceftazidime 50mg/ml,19
CefTAZidime-Avibactam (Avycaz),ceftazidime-avibactam (avycaz),30
CefTAZidime-Heparin Lock,ceftazidime-heparin lock,24
CefTRIAXone,ceftriaxone,11
CefTRIAXone Desensitization,ceftriaxone desensitization,27
CefTRIAXone Graded Challenge,ceftriaxone graded challenge,28
Cefadroxil,cefadroxil,10
CefazoLIN,cefazolin,9
CefazoLIN Desensitization,cefazolin desensitization,25
CefazoLIN-Heparin Lock (For HD/Pheresis Catheter),cefazolin-heparin lock (hd/pheresis catheter),45
Cefazolin,cefazolin,9
Cefazolin 2 gr,cefazolin 2 gr,14
CefePIME,cefepime,8
Cefepime,cefepime,8
Cefepime Desensitization,cefepime desensitization,24
Cefepime Graded Challenge,cefepime graded challenge,25
Cefoxitin,cefoxitin,9
Cefpodo,cefpodoxime,11
Cefpodoxim,cefpodoxime,11
Cefpodoxime,cefpodoxime,11
Cefpodoxime Proxetil,cefpodoxime proxetil,20
Ceftaroline,ceftaroline,11
Ceftaroline Desensitization,ceftaroline desensitization,27
Ceftaroline Graded Challenge,ceftaroline graded challenge,28
CeftazIDIME,ceftazidime,11
Ceftazidime,ceftazidime,11
Ceftolozane-Tazobactam,ceftolozane-tazobactam,22
Ceftolozane-Tazobactam Graded Challenge,ceftolozane-tazobactam graded challenge,39
CeftriaXONE,ceftriaxone,11
CeftriaXONE Desensitization,ceftriaxone desensitization,27
Ceftriaxone,ceftriaxone,11
Ceftriaxone (1gm/0gm),ceftriaxone (1gm/0gm),21
Ceftriaxone 1 gm 1gm,ceftriaxone 1 gm 1gm,20
Ceftriaxone 1 gm/0gm,ceftriaxone 1 gm/0gm,20
Ceftriaxone 1 gr 0 gr,ceftriaxone 1 gr 0 gr,21
Ceftriaxone 1 gr/0gr,ceftriaxone 1 gr/0gr,20
Ceftriaxone 1gm 0 mg,ceftriaxone 1gm 0mg,19
Ceftriaxone 1gm/0gm,ceftriaxone 1gm/0gm,19
Ceftriaxone 1gm/ogm,ceftriaxone 1gm/ogm,19
Ceftriaxone 1gr/0gr,ceftriaxone 1gr/0gr,19
Cefuroxime Axetil,cefuroxime axetil,17
CeleBREX,celebrex,8
CeleBREX 200mg,celebrex 200mg,14
CeleXA,celexa,6
CeleXA (Citalopram),celexa (citalopram),19
Celebrate,celebrate,9
Celebrex,celebrex,8
Celecoxib,celecoxib,9
Celecoxib 200mg,celecoxib 200mg,15
Celestone Soluspan,celestone soluspan,18
Celexa,celexa,6
CellCept,cellcept,8
Celontin,celontin,8
Celontin (methsuximide),celontin (methsuximide),23
Cem 102 300mg tab,cem 102 300mg,13
Cenestin,cenestin,8
Centravites 50 Plus,centravites 50 plus,19
Centrum Kids,centrum kids,12
Centrum Silver,centrum silver,14
Centrum Silver Multivitamin,centrum silver multivitamin,27
Centrum Silver Ultra Mens,centrum silver ultra mens,25
Centrum Specialist Prenatal DHA Softgel,centrum specialist prenatal dha softgel,39
Centrum Specialist Prenatal Multivitamin w/Folic Acid tab,centrum specialist prenatal multivitamin w/folic acid,53
Centrum Women,centrum women,13
Cep,cepacol,7
Cepa,cepacol,7
Cepacol,cepacol,7
Cepacol (Menthol),cepacol (menthol),17
Cepacol (Sore Throat Lozenge),cepacol,7
Cepacol Dual Relief,cepacol,7
Cepacol Sore Throat (benz-men),cepacol,7
Cepastat (Phenol),cepastat,8
Cepastat (Phenol) Lozenge,cepastat,8
Cephalexin,cephalexin,10
Cephalexin Desensitization,cephalexin desensitization,26
CeraVe,cerave,6
CeraVe Acne,cerave acne,11
CeraVe Itch Relief,cerave itch,11
Cerefolin NAC,cerefolin nac,13
Cerezyme,cerezyme,8
Cetaphil,cetaphil,8
Cetaphil Moisturizing,cetaphil moisturizing,21
Cetir,cetirizine,10
Cetiri,cetiri,6
Cetirizine,cetirizine,10
Cetirizine-Pseudoephedrine,cetirizine-pseudoephedrine,26
Cetuximab,cetuximab,9
Cetuximab Desensitization,cetuximab desensitization,25
Cetylpyridinium Chloride 0.05% Oral Rinse,cetylpyridinium chloride 0.05%,30
Cevimeline,cevimeline,10
Chantix,chantix,7
Chantix (Varenicline),chantix (varenicline),21
Chantix (Varenicline) 1mg  Tab,chantix (varenicline) 1mg,25
Chantix (varenicline),chantix (varenicline),21
Chantix 0.5mg Tab,chantix 0.5mg,13
Chantix 1 mg,chantix 1mg,11
Chantix 1mg,chantix 1mg,11
Chantix Continuing Month Box,chantix continuing month box,28
Chantix Continuing Month Pak,chantix continuing month,24
Chantix Starting Month Box,chantix starting month box,26
Charcoal Aqueous (Activated),charcoal aqueous (activated),28
Charcoal-Sorbitol,charcoal-sorbitol,17
Chelated Zinc,chelated zinc,13
Chenix (chenodiol),chenix (chenodiol),18
Chewable Multi Vitamin,multi vitamin,13
Chloral Hydrate,chloral hydrate,15
Chloral hydrate,chloral hydrate,15
Chlorambucil,chlorambucil,12
Chloramphenicol Na Succ,chloramphenicol na succ,23
Chloraseptic,chloraseptic,12
Chloraseptic Throat Spray,chloraseptic,12
ChlordiazePOXIDE,chlordiazepoxide,16
Chlordiazepoxide (with clidinium),chlordiazepoxide (with clidinium),33
Chlordiazepoxide HCl,chlordiazepoxide hcl,20
Chlorhexidine Gluconate,chlorhexidine gluconate,23
Chlorhexidine Gluconate 0.12% Oral Rinse,chlorhexidine gluconate 0.12%,29
Chloroprocaine 2%,chloroprocaine 2%,17
Chloroprocaine 2% MPF,chloroprocaine 2% mpf,21
Chloroprocaine 3% MPF,chloroprocaine 3% mpf,21
Chloroquine,chloroquine,11
Chlorothiazide,chlorothiazide,14
Chlorpheniramine Maleate,chlorpheniramine maleate,24
Chlorpheniramine-Hydrocodone,chlorpheniramine-hydrocodone,28
ChlorproMAZIN,chlorpromazin,13
ChlorproMAZINE,chlorpromazine,14
ChlorproMAZINE *NF*,chlorpromazine,14
Chlorpromazine,chlorpromazine,14
Chlorthali,chlorthali,10
Chlorthalidone,chlorthalidone,14
Chlorzoxazone,chlorzoxazone,13
Cholecalciferol (vitamin D3) Adult Gummies,cholecalciferol (vitamin d3),28
Cholestyramine,cholestyramine,14
Cholestyramine Light,cholestyramine light,20
Choline Magnesium Trisalicylate,choline magnesium trisalicylate,31
Chondroitin Sulfate A,chondroitin sulfate a,21
Chromium,chromium,8
Cialis,cialis,6
Ciclesonide 50mcg Nasal Spray,ciclesonide 50mcg,17
Ciclodan,ciclodan,8
Ciclopirox,ciclopirox,10
Ciclopirox Cream,ciclopirox,10
Cidofovir,cidofovir,9
Cidofovir 1% Topical Paste,cidofovir 1% topical paste,26
Cilgavimab (EUA),cilgavimab (eua),16
Cilostaz,cilostazol,10
Cilostazol,cilostazol,10
Cilostazol (Pletal),cilostazol (pletal),19
Ciloxan,ciloxan,7
Cimetidine,cimetidine,10
Cimzia,cimzia,6
Cinacalcet,cinacalcet,10
Cinacalcet HCl,cinacalcet hcl,14
Cinnamon,cinnamon,8
Cinryze,cinryze,7
Cinryze (C1 estrase inhibitor),cinryze (c1 estrase inhibitor),30
Cipro,cipro,5
Ciprodex,ciprodex,8
Ciprofl,ciprofloxacin,13
Ciproflox,ciprofloxacin,13
Ciprofloxacin,ciprofloxacin,13
Ciprofloxacin ,ciprofloxacin,13
Ciprofloxacin 0.3% Ophth Soln,ciprofloxacin 0.3%,18
Ciprofloxacin 0.3% Soln,ciprofloxacin 0.3%,18
Ciprofloxacin HCl,ciprofloxacin hcl,17
Ciprofloxacin Oral Desensitization,ciprofloxacin desensitization,29
Ciprofloxacin-Dexamethasone 0.3-0.1%,ciprofloxacin-dexamethasone 0.3-0.1%,36
Ciprofloxacin-Heparin Lock,ciprofloxacin-heparin lock,26
Cisat,cisatracurium,13
Cisatracurium,cisatracurium,13
Cisatracurium Besylate,cisatracurium besylate,22
Citalop,citalop,7
Citalopram,citalopram,10
Citalopram ,citalopram,10
Citalopram Hydrobromide,citalopram hydrobromide,23
Citracal,citracal,8
Citracal *Calcium Citrate + D3*,citracal calcium citrate + d3,29
Citracal + Bone Density,citracal + bone density,23
Citracal + D,citracal + d,12
Citracal + D Maximum,citracal + d maximum,20
Citracal + D Petites,citracal + d petites,20
Citracal + D Slow Release,citracal + d slow release,25
Citracal + D3,citracal + d3,13
Citracal Chew,citracal chew,13
Citracal D + Heart Health,citracal d + heart health,25
Citracal Maximum +D3,citracal maximum +d3,20
Citracal Plus Magnesium,citracal plus magnesium,23
Citracal Regular,citracal,8
Citracal-D3 Maximum Plus,citracal-d3 maximum plus,24
Citracal-D3 Petites,citracal-d3 petites,19
Citrate Dextrose 3% (ACD-A) CRRT,citrate dextrose 3% (acd-a) crrt,32
Citrucel,citrucel,8
Citrucel Sugar Free,citrucel,8
Cladribine,cladribine,10
Claravis,claravis,8
Clarinex,clarinex,8
Clarinex (desloratidine),clarinex (desloratidine),24
Clarinex 5mg,clarinex 5mg,12
Clarithromycin,clarithromycin,14
Claritin,claritin,8
Claritin RediTabs,claritin reditabs,17
Claritin-D 12 Hour,claritin-d 12 hour,18
Claritin-D 12 Hour  5-120,claritin-d 12 hour 5-120,24
Claritin-D 24 Hour,claritin-d 24 hour,18
Clear Eyes For Dry Eyes,clear eyes dry eyes,19
Clear Eyes Itchy Eye Relief,clear eyes itchy,16
Clenia,clenia,6
Clenia Topical Scrub,clenia topical scrub,20
Clenpiq,clenpiq,7
Cleocin T,cleocin t,9
Clevidipine,clevidipine,11
Clidinium-Chlordiazepoxide,clidinium-chlordiazepoxide,26
Climara,climara,7
Climara 0.025mg/24hr,climara 0.025mg/24hr,20
Clinda,clindamycin,11
Clindagel,clindamycin,11
Clindamyci,clindamycin,11
Clindamycin,clindamycin,11
Clindamycin 1% Solution,clindamycin 1%,14
Clindamycin Gel,clindamycin gel,15
Clindamycin Phosphate,clindamycin phosphate,21
Clindamycin Solution,clindamycin,11
Clindamycin Suspension,clindamycin,11
Clindamycin-Benzoyl Peroxide,clindamycin-benzoyl peroxide,28
CloNIDine,clonidine,9
CloNIDine 0.1mg TAB,clonidine 0.1mg,15
Clobazam,clobazam,8
Clobetasol,clobetasol,10
Clobetasol Propionate ,clobetasol propionate,21
Clobetasol Propionate 0.05% Cream,clobetasol propionate 0.05%,27
Clobetasol Propionate 0.05% Gel,clobetasol propionate 0.05% gel,31
Clobetasol Propionate 0.05% Ointment,clobetasol propionate 0.05%,27
Clobetasol Propionate 0.05% Soln,clobetasol propionate 0.05%,27
Clofarabine,clofarabine,11
Clofazamine,clofazamine,11
Clofazime,clofazime,9
Clofazimine,clofazimine,11
Clofazimine ,clofazimine,11
ClomiPRAMINE,clomipramine,12
Clomid,clomid,6
ClonazePAM,clonazepam,10
ClonazePAM (Klonopin),clonazepam (klonopin),21
ClonazePAM 1mg TAB,clonazepam 1mg,14
Clonazepam,clonazepam,10
CloniDINE,clonidine,9
Clonidine,clonidine,9
Clonidine (PF),clonidine (pf),14
Clonidine 7-Day Patch 0.1 mg/24 hr,clonidine 7-day patch 0.1mg/24 hr,33
Clonidine 7-Day Patch 0.2 mg/24 hr,clonidine 7-day patch 0.2mg/24 hr,33
Clonidine 7-Day Patch 0.3 mg/24 hr,clonidine 7-day patch 0.3mg/24 hr,33
Clonidine Patch,clonidine patch,15
Clonidine Patch 0.1,clonidine patch 0.1,19
Clonidine Patch 0.1 mg/24 hr,clonidine patch 0.1mg/24 hr,27
Clonidine Patch 0.2 mg/24 hr,clonidine patch 0.2mg/24 hr,27
Clonidine Patch 0.3 mg/24 hr,clonidine patch 0.3mg/24 hr,27
Clonidine TTS 1 Patch,clonidine tts 1 patch,21
Clonidine TTS 2 Patch,clonidine tts 2 patch,21
Clonidine TTS 3 Patch,clonidine tts 3 patch,21
Clopidigrel 75mg po,clopidigrel 75mg po,19
Clopidog,clorazepate,11
Clopidogrel,clorazepate,11
Clopidogrel ,clorazepate,11
Clopidogrel 150 mg,clorazepate 150mg,17
Clopidogrel 150mg,clorazepate 150mg,17
Clopidogrel 75 mg,clorazepate 75mg,16
Clopidogrel 75mg,clorazepate 75mg,16
Clopidogrel Bisulfate,clorazepate bisulfate,21
Clopidogrel Desensitization,clorazepate desensitization,27
Clopidogrel75mg,clopidogrel75mg,15
Clopidogril 75mg,clopidogril 75mg,16
Clopidopgrel 75mg ,clopidopgrel 75mg,17
Clorazepate Dipotassium,clorazepate dipotassium,23
Clotrim Antifungal,clotrim antifungal,18
Clotrimazole,clotrimazole,12
Clotrimazole ,clotrimazole,12
Clotrimazole 1% Solution,clotrimazole 1%,15
Clotrimazole 1% Vaginal Cream,clotrimazole 1% vaginal,23
Clotrimazole Cream,clotrimazole,12
Clozapine,clozapine,9
Co Q-10,co q-10,7
CoEnzyme Q10 (300 mg),coenzyme q10 (300mg),20
CoEnzyme Q10 (300 mg) ,coenzyme q10 (300mg),20
CoQ10,coq10,5
CoQ10  200 mg,coq10 200mg,11
CoQ10 (300 mg),coq10 (300mg),13
CoQ10 (300mg),coq10 (300mg),13
CoQ10 (300mg) ,coq10 (300mg),13
CoQ10 200 mg,coq10 200mg,11
CoQ10 200 mg cap,coq10 200mg,11
CoQ10 200 mg caps,coq10 200mg,11
CoQ10 200mg,coq10 200mg,11
CoQ10 200mg ,coq10 200mg,11
CoQ10 200mg caps,coq10 200mg,11
CoQ10 200mg liquid,coq10 200mg,11
CoQ10 300mg,coq10 300mg,11
CoQ10:200 mg,coq10:200mg,11
CoVID-19 Vaccine 1st Dose by Pharmacy,covid-19 vaccine 1st by pharmacy,32
CoVID-19 Vaccine per Pharmacy,covid-19 vaccine per pharmacy,29
Coal Tar 3% Shampoo,coal tar 3% shampoo,19
Cobicistat,cobicistat,10
Cobimetinib/Ipatasertib,cobimetinib/ipatasertib,23
Cocaine 4% Soln,cocaine 4%,10
Cocaine HCl,cocaine hcl,11
Cod Liver Oil,cod liver oil,13
Code,code,4
Code ATS99,code ats99,10
Code EPA/DHA 26,code epa/dha 26,15
Code LUT/ZEA03,code lut/zea03,14
Codeine,codeine,7
Codeine Elixir,codeine elixir,14
Codeine Elixir 15mg/5ml,codeine elixir 15mg/5ml,23
Codeine Phosphate,codeine phosphate,17
Codeine Sulfate,codeine sulfate,15
Codeine-Guaifenesin,codeine-guaifenesin,19
Coenzyme,coenzyme,8
Coenzyme Q10,coenzyme q10,12
Coenzyme Q10 ,coenzyme q10,12
Coenzyme Q10 200 mg liquid ,coenzyme q10 200mg,18
Coenzyme Q10 300 mg,coenzyme q10 300mg,18
"Coenzyme Q10, B2, B6, C, D and lipoic acid ",coenzyme q10 b2 b6 c d and lipoic acid,38
Colace,colace,6
Colace Clear,colace clear,12
Colazal,colazal,7
Colazal (Balsalazide),colazal (balsalazide),21
Colchi,colchicine,10
Colchicine,colchicine,10
Colcrys,colcrys,7
Colesevelam,colesevelam,11
Colesevelam (Welchol),colesevelam (welchol),21
Colestid,colestid,8
Colestipol,colestipol,10
Colistin,colistin,8
Colistin Bladder Irrigation,colistin bladder,16
Collagenase Ointment,collagenase,11
Colocort,colocort,8
Combi,combigan,8
CombiPatch,combipatch,10
Combigan,combigan,8
Combigan ,combigan,8
Combigan  0.2%/0.5%,combigan 0.2%/0.5%,18
Combigan  drops  0.2 %/0.5%,combigan 0.2%/0.5%,18
Combigan (0.2-0.5%),combigan (0.2-0.5%),19
Combigan (Brimonidine-Timolol),combigan (brimonidine-timolol),30
Combigan (brimonidine 0.2%/timolol 0.5%)                       ,combigan (brimonidine 0.2%/timolol 0.5%),40
Combigan (brimonidine-timolol),combigan (brimonidine-timolol),30
Combigan (brimonidine/timolol),combigan (brimonidine/timolol),30
Combigan 0.2%- 0.5% ,combigan 0.2%- 0.5%,19
Combigan 0.2%-0.5% eye drops,combigan 0.2%-0.5%,18
Combigan 0.2%/0.5%,combigan 0.2%/0.5%,18
Combigan 0.2-0.5%,combigan 0.2-0.5%,17
Combigan Ophthalmic,combigan ophthalmic,19
Combigan drops,combigan,8
Combigan(brimonidine-timolol),combigan(brimonidine-timolol),29
Combivent,combivent,9
Combivent Respimat,combivent respimat,18
Combivir,combivir,8
Complera,complera,8
Complera ,complera,8
Complera (emtriciab-rilpivirine-tenofovir),complera (emtriciab-rilpivirine-tenofovir),42
Complera 200 mg-25 mg-300 mg tablet,complera 200mg-25mg-300mg,25
Complera 200-25-300,complera 200-25-300,19
Complera(emtricita-rilpivirine-tenof DF),complera(emtricitab-rilpivirine-tenof df),41
Complete Natal DHA,complete natal dha,18
Compound W,compound w,10
Comtan,comtan,6
Concerta,concerta,8
Concerta (methylphenidate),concerta (methylphenidate),26
Concerta (methylphenidate) ER,concerta (methylphenidate) er,29
Continuous infusion: N-Acetylcysteine (NAC),continuous infusion: n-acetylcysteine (nac),43
Contrave,contrave,8
Copaxone,copaxone,8
Copaxone (Glatiramer),copaxone (glatiramer),21
Copaxone (glatiramer acetate),copaxone (glatiramer acetate),29
Copaxone (glatiramer),copaxone (glatiramer),21
Copiktra (duvelisib),copiktra (duvelisib),20
Copper Chloride,copper chloride,15
Copper Sulfate,copper sulfate,14
Coral Calcium,coral calcium,13
Cordarone,cordarone,9
Cordran tape,cordran tape,12
Coreg,coreg,5
Coreg CR,coreg cr,8
Coreg CR  (Carvedilol),coreg cr (carvedilol),21
Corlanor,corlanor,8
Corn Starch (Bulk),corn starch,11
Cortef,cortef,6
Cortenema,cortenema,9
Cortifoam,cortifoam,9
Cortisone,cortisone,9
Cortisone (hydrocortisone),cortisone (hydrocortisone),26
Cortisone AC,cortisone ac,12
Cortisone acetate,cortisone acetate,17
Cortrosyn,cortrosyn,9
Cortroysin,cortroysin,10
Cortroysn,cortroysn,9
Cortroysn ,cortroysn,9
Cortroyson,cortroyson,10
Cosaflex,cosaflex,8
Cosamin DS,cosamin ds,10
Cosentyx (secukinumab),cosentyx (secukinumab),22
Cosopt,cosopt,6
Cosopt (PF),cosopt (pf),11
Cosopt PF,cosopt pf,9
Cosy,cosy,4
Cosyntropin,cosyntropin,11
Cosyntropin ,cosyntropin,11
Cotrosyn,cotrosyn,8
Coumadin,coumadin,8
Cozaar,cozaar,6
Cran-Max,cran-max,8
Cran-Max (cranberry Extract),cran-max (cranberry extract),28
Cranberry,cranberry,9
Cranberry Concentrate,cranberry concentrate,21
Cranberry Plus Vitamin C,cranberry plus vitamin c,24
Creatine Monohydrate,creatine monohydrate,20
Creatine Monohydrate (Bulk),creatine monohydrate,20
Creatinine (Bulk),creatinine,10
Creon,creon,5
Creon ,creon,5
"Creon (36K Lipase, 114K protease, 180K Amylase)",creon (36k lipase 114k protease 180k amylase),45
Creon 10,creon 10,8
Creon 12,creon 12,8
Creon 20,creon 20,8
Creon 24,creon 24,8
Creon 24 Capsules,creon 24,8
"Creon 24,000",creon 24000,11
Creon 36,creon 36,8
"Creon 36 (Lipase 36K, Prot 114K, Amyl 180K)",creon 36 (lipase 36k prot 114k amyl 180k),41
Creon 36 DR,creon 36 dr,11
"Creon 36,000 unit-114,000 unit-180,000 unit capsule,delayed release",creon 36000 unit-114000 unit-180000 unit delayed release,56
"Creon 36,000-114,000-180,000",creon 36000-114000-180000,25
"Creon 36,000-114,000-180,000 units",creon 36000-114000-180000 units,31
Creon 36000,creon 36000,11
Creon 5,creon 5,7
Creon DR 24,creon dr 24,11
Creon dr,creon dr,8
Cresemba,cresemba,8
Crestor,crestor,7
Crinone,crinone,7
Crinone (Progesterone Micronized),crinone (progesterone micronized),33
Critic-Aid,critic-aid,10
Critic-Aid Clear,critic-aid clear,16
Critic-Aid Clear AF,critic-aid clear af,19
Crixivan,crixivan,8
Crizotinib,crizotinib,10
Crizotinib 250mg Caps,crizotinib 250mg,16
Cromolyn,cromolyn,8
Cromolyn Inh Neb 20mg/2ml,cromolyn neb 20mg/2ml,21
Cromolyn Sodium,cromolyn sodium,15
Cromolyn Sodium (Nasal Inhalation),cromolyn sodium,15
Cryselle (28),cryselle,8
Cryselle (28) 0.3mg-30mcg Tab,cryselle  0.3mg-30mcg,21
Culturelle,culturelle,10
Culturelle 10-245,culturelle 10-245,17
Culturelle Probiotics,culturelle probiotics,21
Culturelle Women Health Balanc,culturelle women health balanc,30
Cuprimine,cuprimine,9
Cutivate,cutivate,8
Cuvitru,cuvitru,7
Cyanide Antidote,cyanide antidote,16
Cyanoco,cyanocobalamin,14
Cyanocob,cyanocobalamin,14
Cyanocobalamin,cyanocobalamin,14
Cyanocobalamin (vitamin B-12),cyanocobalamin (vitamin b-12),29
Cyanocobalamin (vitamin B-12) 1000mcg tab,cyanocobalamin (vitamin b-12) 1000mcg,37
Cyclafem 1/35 (28),cyclafem 1/35,13
CycloPH,cyclophosphamide,16
CycloPHO,cyclophosphamide,16
CycloPHOS,cyclophosphamide,16
CycloPHOSPHAMIDE,cyclophosphamide,16
CycloPHOSPHAMIDE*,cyclophosphamide,16
CycloSERINE,cycloserine,11
CycloSPORINE,cyclosporine,12
CycloSPORINE ,cyclosporine,12
CycloSPORINE (Continuous Infusion for BMT),cyclosporine (continuous infusion bmt),38
CycloSPORINE (Continuous infusion for non-BMT) ,cyclosporine (continuous infusion non-bmt),42
CycloSPORINE (Neoral) MODIFIED,cyclosporine (neoral) modified,30
CycloSPORINE (Sandimmune),cyclosporine (sandimmune),25
Cyclobe,cyclobenzaprine,15
Cyclobenza,cyclobenzaprine,15
Cyclobenzapri,cyclobenzaprine,15
Cyclobenzaprine,cyclobenzaprine,15
Cyclogyl (cyclopentolate) 0.5%,cyclogyl (cyclopentolate) 0.5%,30
Cyclopentolate 1%,cyclopentolate 1%,17
Cyclopentolate-Phenylephrine,cyclopentolate-phenylephrine,28
Cyclophosphamide,cyclophosphamide,16
Cycloserine,cycloserine,11
Cyclosporine,cyclosporine,12
Cyclosporine 0.05% Ophth Emulsion,cyclosporine 0.05% emulsion,27
Cyclosporine Modified,cyclosporine modified,21
Cymbalta,cymbalta,8
Cyproheptadine,cyproheptadine,14
Cystadane (Betaine),cystadane (betaine),19
Cystagon,cystagon,8
Cysteamine,cysteamine,10
Cytarabine,cytarabine,10
Cytarabine*,cytarabine,10
Cyto-Q,cyto-q,6
Cyto-Q liposomal ubiquinol,cyto-q liposomal ubiquinol,26
CytoGam,cytogam,7
Cytomegalovirus Immune Glob,cytomegalovirus immune glob,27
Cytomel,cytomel,7
Cytotec,cytotec,7
Cytra-2,cytra-2,7
D,UNK,1
D-Mannose,d-mannose,9
D10W,d10w,4
D51/2NS 1000ml,d51/2ns 1000ml,14
DACTINomycin,dactinomycin,12
DAPTOmycin,daptomycin,10
DAPTOmycin-Heparin Lock,daptomycin-heparin lock,23
DAS181,das181,6
DASatinib,dasatinib,9
DAUNOrubicin,daunorubicin,12
DAUNOrubicin*,daunorubicin,12
DDAVP,ddavp,5
DEPAKOTE  (DELayed Release),depakote (delayed release),26
DEPAKOTE (DELayed Release),depakote (delayed release),26
DHA,dha,3
DHA - Prenatal,dha - prenatal,14
DHA Algal-900,dha algal-900,13
DHA Prenatal,dha prenatal,12
DHEA,dhea,4
DHEA (dihydroxyepiandrosterone),dhea (dihydroxyepiandrosterone),31
DICYCLOMine,dicyclomine,11
DILT,dilt,4
DILT-XR,dilt-xr,7
DILTIAZEM,diltiazem,9
DIOvan,diovan,6
DOBUTamine,dobutamine,10
DOBUTamine 250mg BAG,dobutamine 250mg,16
DOCEtaxel (TaxoTERE),docetaxel (taxotere),20
DOCEtaxel Desensitization,docetaxel desensitization,25
DOPamine,dopamine,8
DOPamine 400mg BAG,dopamine 400mg,14
DOXOrubicin,doxorubicin,11
DOXOrubicin*,doxorubicin,11
DOXYCYCLINE HYCLATE,doxycycline hyclate,19
DULoxetine,duloxetine,10
DULoxetine ,duloxetine,10
DULoxetine DR,duloxetine dr,13
Dabigatran,dabigatran,10
Dabigatran Etexilate,dabigatran etexilate,20
Dabrafenib,dabrafenib,10
Dabrafenib (Tafinlar),dabrafenib (tafinlar),21
Dabrafenib (Tafinlar) 75mg,dabrafenib (tafinlar) 75mg,26
Dabrafenib *NF*,dabrafenib,10
Dabrafenib 75mg,dabrafenib 75mg,15
Dacarbazine,dacarbazine,11
Dacomitinib,dacomitinib,11
Dacomitinib ,dacomitinib,11
Dactinomycin,dactinomycin,12
Daily Vitamin,vitamin,7
Dairy Relief,dairy,5
Dakins,dakins,6
Dakins 1/2 Strength,dakins 1/2 strength,19
Dakins 1/4 Strength,dakins 1/4 strength,19
Dakins 1/8 Strength,dakins 1/8 strength,19
Dakins Solution,dakins,6
Dalfampridine,dalfampridine,13
Dalfampridine (4-Aminopyridine),dalfampridine (4-aminopyridine),31
Daliresp,daliresp,8
Daliresp  ,daliresp,8
Daliresp (roflumilast),daliresp (roflumilast),22
Daliresp 500 mcg ,daliresp 500 mcg,16
Dalteparin,dalteparin,10
Dalvance,dalvance,8
Danazol,danazol,7
Dantolene,dantolene,9
Dantrlene,dantrlene,9
Dantrolene,dantrolene,10
Dantrolene ,dantrolene,10
Dantrolene Sodium,dantrolene sodium,17
Dapagliflozin,dapagliflozin,13
Dapsone,dapsone,7
Daptomycin,daptomycin,10
Daptomycin Desensitization,daptomycin desensitization,26
Daptomycin-Heparin Lock,daptomycin-heparin lock,23
Daraprim,daraprim,8
Daratumumab,daratumumab,11
Daratumumab-Hyaluronidase-fihj,daratumumab-hyaluronidase-fihj,30
Darbepoetin Alfa,darbepoetin alfa,16
Darbepoetin Alfa In Polysorbat,darbepoetin alfa in polysorbat,30
Darifenacin,darifenacin,11
Darunavir,darunavir,9
Darunavir ,darunavir,9
Darunavir 300mg tablet,darunavir 300mg,15
Darunavir 600mg tablet,darunavir 600mg,15
Darvocet-N 100,darvocet-n 100,14
Dasa,dasa,4
Dasabuvir,dasabuvir,9
Dasatanib (Sprycel) **CHEMO**,dasatanib (sprycel) chemo,25
Dasatinib,dasatinib,9
Dasatinib 20mg tablet,dasatinib 20mg,14
Dasetta ,dasetta,7
Dasetta 1/35 (28),dasetta 1/35,12
Dasetta 7/7/7 (28),dasetta 7/7/7,13
Daysee,daysee,6
Daytrana,daytrana,8
De,debrox,6
Debrox,debrox,6
Debrox 6.5%,debrox 6.5%,11
Decitabine,decitabine,10
Decitabine*,decitabine,10
Declomycin,declomycin,10
Deferoxamine,deferoxamine,12
Deferoxamine ,deferoxamine,12
Deferoxamine (DFO),deferoxamine (dfo),18
Deferoxamine Mesylate,deferoxamine mesylate,21
Defibrotide,defibrotide,11
Defitelio,defitelio,9
Dehydrated Alcohol,dehydrated alcohol,18
Dehydroepiandrosterone,dehydroepiandrosterone,22
Delestrogen,delestrogen,11
Delstrigo,delstrigo,9
Delstrigo *NF* (doravirine-Lamivu-tenofov diso) 100-300-300 mg ,delstrigo (doravirine-lamivu-tenofov diso) 100-300-300mg,56
Delsym Cough+Soothing Action,delsym cough+soothing action,28
Demeclocycline,demeclocycline,14
Denavir,denavir,7
Denosumab (Prolia),denosumab (prolia),18
Denosumab (Xgeva),denosumab (xgeva),17
Depakene,depakene,8
Depakote,depakote,8
Depakote (divalproex),depakote (divalproex),21
Depakote Brand Name,depakote,8
Depakote DR ,depakote dr,11
Depakote ER,depakote er,11
Depakote Spr,depakote spr,12
Depakote Sprin,depakote sprin,14
Deplin,deplin,6
Deplin (algal oil),deplin (algal oil),18
Deplin 15 (algal oil),deplin 15 (algal oil),21
Depo-Provera,depo-provera,12
Derm,derm,4
DermaPhor (Hydrolatum),dermaphor (hydrolatum),22
DermaSarra,dermasarra,10
DermaTran,dermatran,9
Dermagran Ointment,dermagran,9
Dermoplast Spray,dermoplast,10
Descovy,descovy,7
Desenex,desenex,7
Desferal,desferal,8
Desipramine,desipramine,11
Desitin,desitin,7
Desitin Multi-Purpose,desitin multi-purpose,21
Desitin Rapid Relief,desitin rapid,13
Deslansoprazole (Dexilant),deslansoprazole (dexilant),26
Desloratadine,desloratadine,13
Desmopressin,desmopressin,12
Desmopressin Acetate,desmopressin acetate,20
"Desmopressin Acetate 0,01% Rhinal Tube",desmopressin acetate 001% rhinal tube,37
Desmopressin Acetate 0.01% Nasal Spray,desmopressin acetate 0.01%,26
Desmopressin Nasal,desmopressin,12
Desogen,desogen,7
Desogen-28,desogen-,8
Desogestrel-Ethinyl Estradiol,desogestrel-ethinyl estradiol,29
Desogestrel-Ethinyl estradiol,desogestrel-ethinyl estradiol,29
Desonide,desonide,8
Desonide 0.05%,desonide 0.05%,14
Desonide 0.05% Cream,desonide 0.05%,14
Desoximetasone 0.25% cream,desoximetasone 0.25%,20
Desvenlafaxine,desvenlafaxine,14
Desvenlafaxine (Pristiq),desvenlafaxine (pristiq),24
Desvenlafaxine succinate,desvenlafaxine succinate,24
Desvenlafaxine succinate (Pristiq),desvenlafaxine succinate (pristiq),34
Detrol LA,detrol la,9
Dex,dexamethasone,13
Dexa,dexamethasone,13
Dexam,dexamethasone,13
Dexame,dexamethasone,13
Dexamet,dexamethasone,13
Dexameth,dexamethasone,13
Dexametha,dexamethasone,13
Dexamethas,dexamethasone,13
Dexamethaso,dexamethasone,13
Dexamethason,dexamethasone,13
Dexamethasone,dexamethasone,13
Dexamethasone ,dexamethasone,13
Dexamethasone 10mg/1mL 1mL VIAL,dexamethasone 10mg/1ml 1ml,26
Dexamethasone Intensol,dexamethasone intensol,22
Dexamethasone Ophthalmic Soln 0.1%,dexamethasone ophthalmic 0.1%,29
Dexamethasone Ophthalmic Susp 0.1%,dexamethasone ophthalmic 0.1%,29
Dexamethasone Oral ,dexamethasone,13
Dexamethasone Oral Soln,dexamethasone,13
Dexamethasone Oral Soln (0.1mg/1mL),dexamethasone (0.1mg/1ml),25
Dexamethasone Sod Phos,dexamethasone sodium phos,25
Dexamethasone Sod Phosphate,dexamethasone sodium phosphate,30
Dexamethasone Susp 0.1%,dexamethasone 0.1%,18
Dexedrine Spansule,dexedrine spansule,18
Dexilant,dexilant,8
Dexilant ( dexlansoprazole),dexilant (dexlansoprazole),26
Dexilant (Dexlansoprazole),dexilant (dexlansoprazole),26
Dexilant (dexlansopeazole),dexilant (dexlansopeazole),26
Dexilant (dexlansoprazole DR),dexilant (dexlansoprazole dr),29
Dexilant (dexlansoprazole),dexilant (dexlansoprazole),26
Dexilant 60 mg,dexilant 60mg,13
Dexlansoprazole (Dexilant),dexlansoprazole (dexilant),26
Dexmedeto 0.4mg/100mL 100mL VIAL,dexmedeto 0.4mg/100ml 100ml,27
Dexmedetomidine,dexmedetomidine,15
Dexmedetomidine (CVICU Fast-Track Extubation Protocol),dexmedetomidine (fast-track extubation),39
Dexmetdetomidine,dexmetdetomidine,16
Dexmethylphenidate,dexmethylphenidate,18
Dexmethylphenidate ER,dexmethylphenidate er,21
Dexrazoxane,dexrazoxane,11
Dextran 40 in D5W,dextran 40 in d5w,17
Dextran 40 in NaCl,dextran 40 in nacl,18
Dextroamphetamine,dextroamphetamine,17
Dextroamphetamine 10mg ER Cap,dextroamphetamine 10mg er,25
Dextroamphetamine 10mg ER Caps,dextroamphetamine 10mg er,25
Dextroamphetamine Spansules *NF*,dextroamphetamine spansules,27
Dextroamphetamine/Amphetamine,dextroamphetamine/amphetamine,29
Dextromethorpha,dextromethorpha,15
Dextromethorphan,dextromethorphan,16
Dextromethorphan ,dextromethorphan,16
Dextromethorphan HBr 30mg/15ml,dextromethorphan hbr 30mg/15ml,30
Dextromethorphan Polistirex,dextromethorphan polistirex,27
Dextromethorphan Poly Complex,dextromethorphan poly complex,29
Dextromethorphan-,dextromethorphan-,17
Dextromethorphan-Guaifenesin ,dextromethorphan-guaifenesin,28
Dextromethorphan-Guaifenesin (Sugar Free),dextromethorphan-guaifenesin,28
Dextrose,dextrose,8
Dextrose ,dextrose,8
Dextrose 10% in Water (D10W),dextrose 10% in water (d10w),28
Dextrose 5% in Water (D5W),dextrose 5% in water (d5w),26
Dextrose 50%,dextrose 50%,12
Dextrose 50% 25gm/50mL 50mL SYR,dextrose 50% 25gm/50ml 50ml,27
DiCLOXacillin,dicloxacillin,13
DiCYCLOmine,dicyclomine,11
DiaResQ,diaresq,7
"DiaResQ (colustrum, bovine)",diaresq (colustrum bovine),26
DiaResQ 4 gram-35 kcal/7 gram,diaresq 4 gram-35 kcal/7 gram,29
Dialyvite,dialyvite,9
Diamox Sequels,diamox sequels,14
Diane 35,diane 35,8
Diastat,diastat,7
Diastat AcuDial,diastat acudial,15
Diazepam,diazepam,8
Diazepam *NF*,diazepam,8
Diazepam - CIWA protocol,diazepam - ciwa,15
Diazepam 10mg/2mL 2mL SYR,diazepam 10mg/2ml 2ml,21
Diazepam Intensol,diazepam intensol,17
Diazepam/Lidocaine Supp,diazepam/lidocaine,18
Diazoxide,diazoxide,9
Diazoxide (Diabetic Use),diazoxide (diabetic),20
Dibucaine,dibucaine,9
Diclegis,diclegis,8
Diclo Gel,diclo gel,9
Diclofenac ,diclofenac,10
Diclofenac 1% Topical Gel,diclofenac 1% topical gel,25
Diclofenac Sodium,diclofenac sodium,17
Diclofenac Sodium DR,diclofenac sodium dr,20
Diclofenac Sodium Gel (Voltaren),diclofenac sodium gel (voltaren),32
Diclofenac Sodium Top Gel 1%,diclofenac sodium top gel 1%,28
Diclofenac Topical Gel 1%,diclofenac topical gel 1%,25
Diclofenac sodium,diclofenac sodium,17
Diclofenac sodium Topical Gel 1%,diclofenac sodium topical gel 1%,32
Dicyclomine,dicyclomine,11
Didanosine EC,didanosine ec,13
Dietary Supplement,dietary supplement,18
Diethylstilbestrol,diethylstilbestrol,18
Differin,differin,8
Diflucan,diflucan,8
Diflunisal,diflunisal,10
Digestive Probiotic,digestive probiotic,19
DigiFab,digifab,7
Digox,digoxin,7
Digoxin,digoxin,7
Digoxin (Elixir),digoxin (elixir),16
Digoxin Immune Fab,digoxin immune fab,18
Digoxin Solution,digoxin,7
Dihydroergotamine Mesylate,dihydroergotamine mesylate,26
Dilantin,dilantin,8
Dilantin ,dilantin,8
Dilantin EX 100mg,dilantin ex 100mg,17
Dilantin Extended,dilantin extended,17
Dilantin Infatabs,dilantin infatabs,17
Dilantin Kapseal,dilantin kapseal,16
Dilaudid,dilaudid,8
Dilaudid (PF),dilaudid (pf),13
Dilaudid-5,dilaudid-5,10
Dilt,dilt,4
Dilti,diltiazem,9
Diltia,diltiazem,9
Diltiaz,diltiazem,9
Diltiaze,diltiazem,9
Diltiazem,diltiazem,9
Diltiazem ,diltiazem,9
Diltiazem 25mg/5mL 5mL VIAL,diltiazem 25mg/5ml 5ml,22
Diltiazem 50mg/10mL 10mL VIAL,diltiazem 50mg/10ml 10ml,24
Diltiazem Extended-Release,diltiazem extended-release,26
Diltiazem HCl,diltiazem hcl,13
Diltiazem-Lidocaine 0.2%-1% Ointment,diltiazem-lidocaine 0.2%-1%,27
DimenhyDRINATE,dimenhydrinate,14
Dimethyl Fumarate (Tecfidera),dimethyl fumarate (tecfidera),29
Dimethyl Sulfoxide,dimethyl sulfoxide,18
Dimethyl Sulfoxide 50%,dimethyl sulfoxide 50%,22
Diovan,diovan,6
Diovan HCT,diovan hct,10
Diovan- HCTZ(Valsartan-hydrochlorothiazide),diovan- hctz(valsartan-hydrochlorothiazide),43
Diovan-HCT,diovan-hct,10
Dipentum,dipentum,8
Diphenhist,diphenhist,10
Diphenhyd,diphenhyd,9
DiphenhydrAMIN 50mg/1mL 1mL VIAL,diphenhydramin 50mg/1ml 1ml,27
DiphenhydrAMINE,diphenhydramine,15
Diphenhydramine,diphenhydramine,15
Diphenhydramine HCl,diphenhydramine hcl,19
Diphenoxylate-Atropine,diphenoxylate-atropine,22
Dipivefrin 0.1% ,dipivefrin 0.1%,15
Dipivefrin HCl 0.1% ,dipivefrin hcl 0.1%,19
Dipyridamole,dipyridamole,12
Dipyridamole-Aspirin,dipyridamole-aspirin,20
Disopyramide CR,disopyramide cr,15
Disopyramide Phosphate,disopyramide phosphate,22
Disulfiram,disulfiram,10
Ditropan XL,ditropan xl,11
Ditropan XL (oxybutynin),ditropan xl (oxybutynin),24
Dival,divalproex,10
Divalp,divalproex,10
Divalproe,divalproex,10
Divalproex,divalproex,10
Divalproex ,divalproex,10
Divalproex (DELayed Release),divalproex (delayed release),28
Divalproex (EXTended Release),divalproex (extended release),29
Divalproex Sod. Sprinkles,divalproex sodium. sprinkles,28
Divalproex Sodium,divalproex sodium,17
Divalproex Sodium ER,divalproex sodium er,20
Divigel,divigel,7
Divitinib,divitinib,9
Dnatrolene,dnatrolene,10
Do,docusate,8
Doc,docusate,8
Docosanol,docosanol,9
Docu,docusate,8
Docus,docusate,8
Docusa,docusate,8
Docusat,docusate,8
Docusate,docusate,8
Docusate ,docusate,8
Docusate S,docusate sodium,15
Docusate So,docusate sodium,15
Docusate Sod,docusate sodium,15
Docusate Sodi,docusate sodium,15
Docusate Sodiu,docusate sodium,15
Docusate Sodium,docusate sodium,15
Docusate Sodium ,docusate sodium,15
Docusate Sodium (Liquid),docusate sodium,15
Docusate sodium,docusate sodium,15
Dofetilide,dofetilide,10
Dolasetron Mesylate,dolasetron mesylate,19
Dolasetron Mesylate I.V.,dolasetron mesylate i.v.,24
Dolutegravir,dolutegravir,12
Domeboro,domeboro,8
Domperidone,domperidone,11
Domperidone ,domperidone,11
Domperidone (Bulk),domperidone,11
Domperidone (Motilium),domperidone (motilium),22
Domperidone 10 mg tab,domperidone 10mg,16
Domperidone 10mg,domperidone 10mg,16
Domperidone 10mg tablet,domperidone 10mg,16
Domperidone maleate,domperidone maleate,19
Donepezil,donepezil,9
Donepezil 5 mg,donepezil 5mg,13
Donnatal,donnatal,8
Donnatol,donnatol,8
Doribax,doribax,7
Doripenem,doripenem,9
Dornase Alfa,dornase alfa,12
Dorzolamide,dorzolamide,11
Dorzolamide 2% Ophth. Soln.,dorzolamide 2% . .,18
Dorzolamide 2%/Timolol 0.5% Ophth.,dorzolamide 2%/timolol 0.5% .,29
Dorzolamide-Timolol,dorzolamide-timolol,19
Dorzolamide-timolol,dorzolamide-timolol,19
Dostinex,dostinex,8
Dovato,dovato,6
Doxazosin,doxazosin,9
Doxepin HCl,doxepin hcl,11
Doxercalciferol,doxercalciferol,15
Doxycycline,doxycycline,11
Doxycycline ,doxycycline,11
Doxycycline Hyclate,doxycycline hyclate,19
Doxycycline Hyclate  20mg,doxycycline hyclate 20mg,24
Doxycycline Hyclate (Delayed-Release),doxycycline hyclate (delayed-release),37
Doxycycline Hyclate Desensitization,doxycycline hyclate desensitization,35
Doxycycline Hyclate W/ Lidocaine 1%,doxycycline hyclate w/lidocaine 1%,34
Doxycycline Monohydrate,doxycycline monohydrate,23
Doxylamine Succinate,doxylamine succinate,20
Dronabinol,dronabinol,10
Dronedarone,dronedarone,11
Droperidol,droperidol,10
Drospirenone-Ethinyl Estradiol,drospirenone-ethinyl estradiol,30
Drotrecogin Alfa (Xigris),drotrecogin alfa (xigris),25
Droxia,droxia,6
Droxidopa,droxidopa,9
DuLeek-Dp 7.5,duleek-dp 7.5,13
Dulcolax,dulcolax,8
Dulcolax (bisacodyl),dulcolax (bisacodyl),20
Dulera,dulera,6
Dulera (100mcg/5mcg),dulera (100mcg/5mcg),20
Dulera (Mometasone/formoterol),dulera (mometasone/formoterol),30
Dulera (mometasone-formoterol),dulera (mometasone-formoterol),30
Dulera (mometasone-formoterol) 200-5mcg/actuation,dulera (mometasone-formoterol) 200-5mcg/actuation,49
Dulera (mometasone/formoterol),dulera (mometasone/formoterol),30
Dulera 100mcg/5mcg,dulera 100mcg/5mcg,18
Dulera 200mcg-5mcg,dulera 200mcg-5mcg,18
Dulera 200mcg/5 mcg,dulera 200mcg/5 mcg,19
Dulera 200mcg/5mcg,dulera 200mcg/5mcg,18
Dulera MDI,dulera mdi,10
Dulera(mometasone-formoterol,dulera(mometasone-formoterol,28
Dulera100-5,dulera100-5,11
Duloxe,duloxe,6
Duloxetine,duloxetine,10
DuoDERM Hydroactive,duoderm hydroactive,19
DuoNeb,duoneb,6
DuoNeb (albuterol/ipratropium),duoneb (albuterol/ipratropium),30
Duopa,duopa,5
Duopa (carbidopa/levodopa 4.63/20mg/ml),duopa (carbidopa/levodopa 4.63/20mg/ml),39
Duopa(carbidopa-levodopa 4.63-20mg/ml),duopa(carbidopa-levodopa 4.63-20mg/ml),38
Dupixent,dupixent,8
Dupixent (dupilumab),dupixent (dupilumab),20
Dupixent Pen,dupixent pen,12
Duragesic,duragesic,9
DurezoL,durezol,7
Durezol,durezol,7
Durezol  0.05%  (difluprednate),durezol 0.05% (difluprednate),29
Durezol (difluprednate) 0.05% drops,durezol (difluprednate) 0.05%,29
Durezol 0.05%,durezol 0.05%,13
Durezol 0.05% drops,durezol 0.05%,13
Dutasteride,dutasteride,11
Dutasteride (Avodart ) 0.5mg,dutasteride (avodart) 0.5mg,27
Dutasteride (Avodart),dutasteride (avodart),21
Dutasteride 0.5mg,dutasteride 0.5mg,17
Dyazide,dyazide,7
Dymista,dymista,7
Dymista (Azelastine/Flutacasone),dymista (azelastine/flutacasone),32
DynaCirc CR,dynacirc cr,11
Dyrenium,dyrenium,8
EEMT HS,eemt hs,7
EMLA,emla,4
EMSAM,emsam,5
ENMD 2076,enmd 2076,9
ENTAcapone,entacapone,10
EPINE,epinephrine,11
EPINEPH,epinephrine,11
EPINEPHrine,epinephrine,11
EPINEPHrine ,epinephrine,11
EPINEPHrine (B 1mg/10mL 10mL SYR,epinephrine (b 1mg/10ml 10ml,28
EPINEPHrine (EpiPEN),epinephrine (epipen),20
EPINEPHrine (for dil 2mg/2mL 2mL,epinephrine ( diltiazem 2mg/2ml 2ml,35
EPINEPHrine (for dilution),epinephrine (dilution),22
EPINEPHrine 1 mg/1 mL,epinephrine 1mg/1ml,19
EPINEPHrine 1:1000,epinephrine 1:1000,18
EPINEPHrine 200mcg/25mL 25mL SYR,epinephrine 200mcg/25ml 25ml,28
EPINEPHrine Auto Injector,epinephrine auto injector,25
EPINEPHrine Emergency Syringe,epinephrine syringe,19
EPINEPHrine Kit,epinephrine kit,15
EPINEPHrine-Sodium Chloride,epinephrine-sodium chloride,27
ERYTHROMYCIN,erythromycin,12
EVAMIST estradiol 1.53mg/ spray,evamist estradiol 1.53mg/,25
Ear Drops (carbamide peroxide),ear (carbamide peroxide),24
Ear Drops Earwax Aid,ear earwax aid,14
Econazole,econazole,9
Econazole 1% Cream,econazole 1%,12
Ecotrin,ecotrin,7
Eculizumab,eculizumab,10
Edarbi,edarbi,6
Edarbyclor,edarbyclor,10
Edecrin,edecrin,7
Edoxaban,edoxaban,8
Edoxaban ,edoxaban,8
Edoxaban (Savaysa) 60mg tab,edoxaban (savaysa) 60mg,23
Edoxaban 60mg,edoxaban 60mg,13
Edoxiban,edoxiban,8
Edurant,edurant,7
Efavirenz,efavirenz,9
Efavirenz Oral Soln,efavirenz,9
Efavirenz-Emtricitabin-Tenofov,efavirenz-emtricitabin-tenofov,30
Effexor,effexor,7
Effexor XR,effexor xr,10
Effient,effient,7
Efudex,efudex,6
Eletone,eletone,7
Eletriptan,eletriptan,10
Eletriptan HBr,eletriptan hbr,14
Elidel,elidel,6
Elidel (pimecrolimus) 1% Cream,elidel (pimecrolimus) 1%,24
Elimite,elimite,7
Elmiron,elmiron,7
Elotuzumab,elotuzumab,10
Eltrombopag,eltrombopag,11
Eltrombopag (Promacta),eltrombopag (promacta),22
Eltrombopag *NF*,eltrombopag,11
EluRyng,eluryng,7
Emend,emend,5
Emgality Pen,emgality pen,12
Emla Cream,emla,4
Emoquette,emoquette,9
Empagliflozin,empagliflozin,13
Emricasan,emricasan,9
Emricasan ,emricasan,9
Emsam,emsam,5
Emsam(selegeline) patch,emsam(selegeline) patch,23
Emt,emtricitab,10
Emtrici,emtricitab,10
Emtricitabine,emtricitabine,13
Emtricitabine Oral Solution,emtricitabine,13
Emtricitabine-Tenofovir,emtricitabine-tenofovir,23
Emtricitabine-Tenofovir (Truvada),emtricitabine-tenofovir (truvada),33
Emtricitabine-Tenofovir alafen (200mg-25mg),emtricitabine-tenofovir alafen (200mg-25mg),43
Emtricitabine-Tenofovir alafen (200mg-25mg) *DESCOVY*,emtricitabine-tenofovir alafen (200mg-25mg) descovy,51
Emtricitabine-Tenofovir alafen (Descovy),emtricitabine-tenofovir alafen (descovy),40
Emtricitabine/Tenofovir Disoproxil (Truvada),emtricitabine/tenofovir disoproxil (truvada),44
Emtricitabine/rilpinivirine/tenofovir,emtricitabine/rilpinivirine/tenofovir,37
Emtricitabine/rilpivirine/tenofovir,emtricitabine/rilpivirine/tenofovir,35
Enablex,UNK,0
Enablex ,UNK,0
Enablex (Darifenacin),(darifenacin),13
Enablex (darifenacin),(darifenacin),13
Enablex (darifenacin) 15mg tab,(darifenacin) 15mg,18
Enablex (darifnacin) SR,(darifnacin) sr,15
Enalapril,enalapril,9
Enalapril Maleate,enalapril maleate,17
Enalaprilat,enalaprilat,11
Enasidenib,enasidenib,10
Enasidenib *NF*,enasidenib,10
EnbreL,enbrel,6
EnbreL SureClick,enbrel sureclick,16
Enbrel,enbrel,6
Enbrel SureClick,enbrel sureclick,16
Encorafenib,encorafenib,11
Endometrin,endometrin,10
Endometrin (Progesterone),endometrin (progesterone),25
Endometrin (proGESTerone micronized) vaginal insert,endometrin (progesterone micronized) vaginal insert,51
Endur-Acin,endur-acin,10
Enema Syringe,enema syringe,13
Enemeez,enemeez,7
Enfuvirtide,enfuvirtide,11
Engerix-B (PF),engerix-b (pf),14
Enox,enoxaparin,10
Enoxa,enoxaparin,10
Enoxap,enoxaparin,10
Enoxapa,enoxaparin,10
Enoxapar,enoxaparin,10
Enoxapari,enoxaparin,10
Enoxaparin,enoxaparin,10
Enoxaparin ,enoxaparin,10
Enoxaparin (Prophylaxis),enoxaparin (prophylaxis),24
Enoxaparin (Treatment),enoxaparin (treatment),22
Enoxaparin Sodium,enoxaparin sodium,17
Enoxaprin,enoxaprin,9
Enpresse,enpresse,8
Enskyce,enskyce,7
Ensure,ensure,6
Entacapone,entacapone,10
Entecavir,entecavir,9
Entecavir Oral Solution,entecavir,9
EnteraGam,enteragam,9
Enteric Coated Aspirin,enteric coated aspirin,22
Entocort EC,entocort ec,11
Entremed,entremed,8
Entresto,entresto,8
Entyvio,entyvio,7
Envarsus XR,envarsus xr,11
Enzalutamide,enzalutamide,12
Enzalutamide (XTANDI),enzalutamide (xtandi),21
Enzalutamide (Xtandi),enzalutamide (xtandi),21
Epclusa,epclusa,7
Epclusa (sofosbuvir-velpatasvir) ,epclusa (sofosbuvir-velpatasvir),32
Epclusa (sofosbuvir/velpatasvir),epclusa (sofosbuvir/velpatasvir),32
Epclusa 400/100mg,epclusa 400/100mg,17
Epclusa 400mg/100mg,epclusa 400mg/100mg,19
Epeleuton 500mg,epeleuton 500mg,15
Ephed,ephed,5
Ephedrin,ephedrin,8
Ephedrine,ephedrine,9
Ephedrine ,ephedrine,9
Ephedrine Sulfate,ephedrine sulfate,17
Ephedrine Sulfate (Pressors),ephedrine sulfate (pressors),28
Epi,epinephrine,11
EpiPen,epipen,6
EpiPen 2-Pak,epipen 2-,9
Epidiolex,epidiolex,9
Epiduo,epiduo,6
Epin,epinephrine,11
Epine,epinephrine,11
Epinep,epinephrine,11
Epineph,epinephrine,11
Epinephr,epinephrine,11
Epinephri,epinephrine,11
Epinephrin,epinephrine,11
Epinephrine,epinephrine,11
Epinephrine ,epinephrine,11
Epinephrine 1:1000,epinephrine 1:1000,18
Epinephrine Auto Injector,epinephrine auto injector,25
Epinephrine Base,epinephrine base,16
Epinephrine HCl,epinephrine hcl,15
Epinephrine Kit,epinephrine kit,15
Epinephrine Topical Soln,epinephrine topical,19
Epirubicin HCl,epirubicin hcl,14
Epivir,epivir,6
Eplerenone,eplerenone,10
Epo,epoetin,7
Epoe,epoetin,7
Epoet,epoetin,7
Epoetin,epoetin,7
Epoetin ,epoetin,7
Epoetin Alfa,epoetin alfa,12
Epoetin alfa-epbx (Retacrit),epoetin alfa-epbx (retacrit),28
Epogen,epogen,6
Epoprostenol,epoprostenol,12
Epoprostenol (Veletri),epoprostenol (veletri),22
Epoprostenol Sodium,epoprostenol sodium,19
Epsom Salt,epsom salt,10
Eptifibatide,eptifibatide,12
Eptifibatide 75mg BTL,eptifibatide 75mg btl,21
Epzicom,epzicom,7
Equalactin,equalactin,10
Ergocalciferol (Vitamin D2),ergocalciferol (vitamin d2),27
Ergotamine-Caffeine,ergotamine-caffeine,19
EriBULin,eribulin,8
Eribulin,eribulin,8
Erleada,erleada,7
Erlotinib,erlotinib,9
Erlotinib (Tarceva),erlotinib (tarceva),19
Errin,errin,5
Ertapenem,ertapenem,9
Ertapenem Graded Challenge,ertapenem graded challenge,26
Ertapenem Oral Solution,ertapenem,9
Ertapenem Sodium,ertapenem sodium,16
Erwinaze,erwinaze,8
Ery-Tab,ery-,4
Erythr,erythromycin,12
Erythro,erythromycin,12
Erythrom,erythromycin,12
Erythromyc,erythromycin,12
Erythromycin,erythromycin,12
Erythromycin ,erythromycin,12
Erythromycin 0.5% Ophth Oint,erythromycin 0.5%,17
Erythromycin Ethylsuccinate Suspension,erythromycin ethylsuccinate,27
Erythromycin Tpoical Gel,erythromycin tpoical gel,24
Erythromycin ethylsuccinate,erythromycin ethylsuccinate,27
Erythromycin opthalmic,erythromycin,12
Esbriet,esbriet,7
Esbriet (Pirfenidone),esbriet (pirfenidone),21
Esbriet (pirfenidone,esbriet (pirfenidone,20
Escit,escitalopram,12
Escita,escitalopram,12
Escital,escitalopram,12
Escitalopram,escitalopram,12
Escitalopram Oxalate,escitalopram oxalate,20
Esmolol,esmolol,7
Esmolol 2000mg/100mL 100mL Bag,esmolol 2000mg/100ml 100ml,26
Esomep,esomeprazole,12
Esomeprazole,esomeprazole,12
Esomeprazole (Nexium) 40mg cap,esomeprazole (nexium) 40mg,26
Esomeprazole 40mg,esomeprazole 40mg,17
Esomeprazole 40mng,esomeprazole 40mng,18
Esomeprazole Magnesium,esomeprazole magnesium,22
Esomeprazole sodium,esomeprazole sodium,19
Estarylla,estarylla,9
Estazolam,estazolam,9
Ester-C with Bioflavonoids,ester-c with bioflavonoids,26
Estra,estrace,7
Estrace,estrace,7
Estraderm,estraderm,9
Estradi,estradiol,9
Estradiol,estradiol,9
Estradiol (Vivelle dot),estradiol (vivelle dot),23
Estradiol 0.05mg/day Patch,estradiol 0.05mg/day patch,26
Estradiol 0.1 mg/day Transdermal,estradiol 0.1mg/day transdermal,31
Estradiol 0.1mg/day Patch,estradiol 0.1mg/day patch,25
Estradiol Transdermal Patch,estradiol transdermal patch,27
Estradiol-Levonorgestrel,estradiol-levonorgestrel,24
Estradiol-Norethindrone Acet,estradiol-norethindrone acetaminophen,37
Estratest,estratest,9
Estratest H.S.,estratest h.sodium.,19
EstroGel 0.06%,estrogel 0.06%,14
Estrogens,estrogens,9
Estrogens ,estrogens,9
Estrogens Conjugated,estrogens conjugated,20
Estropipate,estropipate,11
Estroven Maximum Strength,estroven maximum strength,25
Eszopiclone,eszopiclone,11
Eszopiclone (Lunesta),eszopiclone (lunesta),21
Etanercept,etanercept,10
Ethacrynate Sodium,ethacrynate sodium,18
Ethacrynic Acid,ethacrynic acid,15
Ethambutol HCl,ethambutol hcl,14
Ethanol (Ethyl Alcohol),ethanol (ethyl alcohol),23
Ethanol (Ethyl Alcohol) 70%,ethanol (ethyl alcohol) 70%,27
Ethanol 10% Catheter DWELL,ethanol 10% catheter dwell,26
Ethanol 70% Catheter DWELL,ethanol 70% catheter dwell,26
Ethanol 70% Catheter DWELL (Tunneled Access Line),ethanol 70% catheter dwell,26
Ethanol 70% Catheter Lock,ethanol 70% catheter lock,25
Ethinyl estradiol/Levonorgestrel,ethinyl estradiol/levonorgestrel,32
Ethiodol,ethiodol,8
Ethosuximide,ethosuximide,12
Ethyl Chloride,ethyl chloride,14
Ethyl Chloride 100% Spray,ethyl chloride 100%,19
Etodolac,etodolac,8
Etodolac (Lodine),etodolac (lodine),17
Etodolac (lodine),etodolac (lodine),17
Etomidate,etomidate,9
Etonogestrel (Nexplanon),etonogestrel (nexplanon),24
Etoposide,etoposide,9
Etoposide*,etoposide,9
Etravirine,etravirine,10
Etravirine 100mg tablet,etravirine 100mg,16
Eucerin,eucerin,7
Eucrisa,eucrisa,7
Everolimus,everolimus,10
Everolimus ,everolimus,10
Evista,evista,6
Evista (Raloxifene),evista (raloxifene),19
Evotaz,evotaz,6
Evotaz (atazanavir-cobicistat),evotaz (atazanavir-cobicistat),30
Evoxac,evoxac,6
Evoxac  *NF* (cevimeline) 30 mg ,evoxac (cevimeline) 30mg,24
Evoxac (cevimeline),evoxac (cevimeline),19
Evoxac (cevimeline) *NF* 30 mg ,evoxac (cevimeline) 30mg,24
Evoxac (cevimeline) 30 mg ,evoxac (cevimeline) 30mg,24
Evoxac *NF* (cevimeline) ,evoxac (cevimeline),19
Evoxac 30mg,evoxac 30mg,11
Ex-Lax (sennosides),ex-lax (sennosides),19
Ex-Lax Maximum Strength,ex-lax maximum strength,23
Exalgo ER,exalgo er,9
Excedrin Extra Strength,excedrin extra strength,23
"Excedrin Extra Strength (acetaminophen, aspirin, caffeine)",excedrin extra strength (acetaminophen aspirin caffeine),56
Excedrin Extra Strength *NF* (aspirin-acetaminophen-caffeine),excedrin extra strength (aspirin-acetaminophen-caffeine),56
Excedrin Migraine,excedrin migraine,17
Excedrin PM,excedrin pm,11
Excedrin Tension Headache,excedrin tension headache,25
Exelon,exelon,6
Exelon  4.6mg/24hr,exelon 4.6mg/24hr,17
Exelon  9.5mg/24hr,exelon 9.5mg/24hr,17
Exelon (Rivastigmine) 4.6mg,exelon (rivastigmine) 4.6mg,27
Exelon (Rivastigmine) 9.5mg,exelon (rivastigmine) 9.5mg,27
Exelon (rivastigmine),exelon (rivastigmine),21
Exelon (rivastigmine) 9.5 mg patch,exelon (rivastigmine) 9.5mg patch,33
Exelon (rivastigmine) patch ,exelon (rivastigmine) patch,27
Exelon 4.6mg/24 hour patch,exelon 4.6mg/24 hour patch,26
Exelon 4.6mg/24hr,exelon 4.6mg/24hr,17
Exelon 9.5 mg/24 hour patch,exelon 9.5mg/24 hour patch,26
Exelon Patch,exelon patch,12
Exelon Transdermal Patch,exelon transdermal patch,24
Exelon patch 9.5mg,exelon patch 9.5mg,18
Exemestane,exemestane,10
Exenatide,exenatide,9
Exenatide (Byetta),exenatide (byetta),18
Exenatide(Byetta),exenatide(byetta),17
Exforge,exforge,7
Exjade,exjade,6
Exjade (Deferaxirox),exjade (deferaxirox),20
Exjade 125mg,exjade 125mg,12
Extavia,extavia,7
Eye Drops Moisturizing,moisturizing,12
Eye Vitamin and Minerals,vitamin and minerals,20
Eye Wash,wash,4
Ezetimibe,ezetimibe,9
FIRST-Mouthwash BLM,first-mouthwash blm,19
FLAGYL,flagyl,6
FLOMAX,flomax,6
FLOmax,flomax,6
FLUC60L,fluc60l,7
FLUCONAZOLE,fluconazole,11
FLUTamide,flutamide,9
FLUoxetine,fluoxetine,10
FLUoxetine 20mg Cap,fluoxetine 20mg,15
FLUoxetine Oral Liquid,fluoxetine,10
FML S.O.P. 0.1% opth oint,fml sodium.o.p. 0.1%,20
FORMOTEROL 20mcg ,formoterol 20mcg,16
FORTICAL,fortical,8
Factor 7a recombinant ,factor 7a recombinant,21
Factor 8 recombinant,factor 8 recombinant,20
Factor 9 Complex,factor 9 complex,16
Factor 9 recombinant,factor 9 recombinant,20
Factor IX Complex,factor ix complex,17
Falmina (28),falmina,7
Famc,famciclovir,11
Famcic,famciclovir,11
Famciclovir,famciclovir,11
Famot,famotidine,10
Famotidine,famotidine,10
Famotidine (IV),famotidine,10
Famotidine (PO),famotidine (po),15
Famotidine (Self Med),famotidine,10
Famvir,famvir,6
Farxiga,farxiga,7
Fasenra Pen,fasenra pen,11
Fat Emulsion 10%,fat emulsion 10%,16
Fat Emulsion 20%,fat emulsion 20%,16
Fat Emulsion 20% (INTRAlipid),fat emulsion 20% (intralipid),29
Febuxostat,febuxostat,10
Feiba NF (Aniti inhibitor complex),feiba nf (aniti inhibitor complex),34
Felbamate,felbamate,9
Felbatol,felbatol,8
Felbatol (Felbamate),felbatol (felbamate),20
Felod,felodipine,10
Felodi,felodipine,10
Felodip,felodipine,10
Felodipine,felodipine,10
Felodipine 5mg CR,felodipine 5mg cr,17
FemARA,femara,6
Femara,femara,6
Femcon Fe,femcon fe,9
Femcon Fe 0.4mg-35mcg & 75mg,femcon fe 0.4mg-35mcg & 75mg,28
Femhrt Low Dose,femhrt low,10
Femhrt Low Dose 0.5-2.5,femhrt low 0.5-2.5,18
Femring,femring,7
Fenofibrate,fenofibrate,11
Fenofibrate 160mg Tab ,fenofibrate 160mg,17
Fenofibrate 200mg Cap,fenofibrate 200mg,17
Fenofibrate Micronized,fenofibrate micronized,22
Fenofibrate Nanocrystallized,fenofibrate nanocrystallized,28
Fenofibric Acid,fenofibric acid,15
Fenoglide,fenoglide,9
Fenoglide (Fenofibrate),fenoglide (fenofibrate),23
Fentanyl,fentanyl,8
Fentanyl ,fentanyl,8
Fentanyl  PCA,fentanyl pca,12
Fentanyl 100mcg/2mL 2mL AMP,fentanyl 100mcg/2ml 2ml amp,27
Fentanyl 2.5mg 50mL Bag,fentanyl 2.5mg 50ml,19
Fentanyl Citrate,fentanyl citrate,16
Fentanyl Citrate/Bupivacaine Hcl,fentanyl citrate/bupivacaine hcl,32
Fentanyl Infusion – Comfort Care Guidelines,fentanyl infusion – comfort care guidelines,43
Fentanyl Intradermal,fentanyl intradermal,20
Fentanyl PCA,fentanyl pca,12
Fentanyl Patch,fentanyl patch,14
Fentora,fentora,7
Feosol,feosol,6
Feosol Bifera,feosol bifera,13
Feraheme,feraheme,8
Fergon,ferocon,7
Ferocon,ferocon,7
Ferrex 150,ferrex 150,10
Ferrex 150 Forte,ferrex 150 forte,16
Ferric Citrate,ferric citrate,14
Ferric Gluconate,ferric gluconate,16
Ferric Gluconate Desensitization,ferric gluconate desensitization,32
Ferrlecit,ferrlecit,9
Ferro-Sequels (iron-vit c),ferro-sequels (iron-vit c),26
Ferrou,ferrous,7
Ferrous,ferrous,7
Ferrous ,ferrous,7
Ferrous Fumarate,ferrous fumarate,16
Ferrous GLUCONATE,ferrous gluconate,17
Ferrous Gluconate,ferrous gluconate,17
Ferrous Sulfate,ferrous sulfate,15
Ferrous Sulfate (Liquid),ferrous sulfate,15
Ferrous Sulfate (Slow FE) 45mg,ferrous sulfate (slow fe) 45mg,30
Ferrous Sulfate Dried,ferrous sulfate dried,21
Ferrous fumarate,ferrous fumarate,16
Ferrous gluconate,ferrous gluconate,17
Ferumoxytol,ferumoxytol,11
Fesoterodine (Toviaz),fesoterodine (toviaz),21
Fetzima,fetzima,7
Fetzima ER 120mg (levomilnacipran),fetzima er 120mg (levomilnacipran),34
Fexofe,fexofenadine,12
Fexofen,fexofenadine,12
Fexofenadine,fexofenadine,12
Fiasp (aspart) FlexTouch U-100 Insulin,fiasp (aspart) flextouch u-100 insulin,38
Fiasp (aspart) FlexTouch U-100 Insulin ,fiasp (aspart) flextouch u-100 insulin,38
Fiasp FlexTouch 100u/ml (3ml) ,fiasp flextouch 100u/ml (3ml),29
Fiasp FlexTouch U-100 Insulin,fiasp flextouch u-100 insulin,29
Fiasp Penfill U-100 Insulin,fiasp penfill u-100 insulin,27
Fiasp U-100 Insulin,fiasp u-100 insulin,19
Fiber,fiber,5
Fiber (psyllium husk),fiber (psyllium husk),21
Fiber Gummies,fiber,5
Fiber Therapy,fiber therapy,13
FiberCon,fibercon,8
Fidaxomicin,fidaxomicin,11
Filgrastim,filgrastim,10
Filgrastim-sndz,filgrastim-sndz,15
Finacea,finacea,7
Finacea (azelaic acid),finacea (azelaic acid),22
Finast,finasteride,11
Finaste,finasteride,11
Finasteride,finasteride,11
Fioricet,fioricet,8
Fioricet with Codeine,fioricet with codeine,21
Fioricet-Codeine,fioricet-codeine,16
Fiorinal,fiorinal,8
Firazyr,firazyr,7
Firdapse,firdapse,8
Firvanq,firvanq,7
Fish,fish,4
Fish Oil,fish oil,8
Fish Oil (Omega 3),fish oil (omega 3),18
Fish Oil (ProDHA),fish oil (prodha),17
Fish Oil Concentrate,fish oil concentrate,20
Fish oil Adult Gummies,fish oil,8
Flarex,flarex,6
Flarex (fluorometholone),flarex (fluorometholone),24
Flaxseed Oil,flaxseed oil,12
Flecainide,flecainide,10
Flecainide Acetate,flecainide acetate,18
Fleet,fleet,5
Fleet ,fleet,5
Fleet Enema,fleet enema,11
Fleet Enema (Mineral Oil),fleet enema (mineral oil),25
Fleet Enema (Saline),fleet enema (saline),20
Fleet Glycerin (Adult),fleet glycerin,14
Fleet Mineral Oil,fleet mineral oil,17
Fleet Phospho-Soda,fleet phospho-soda,18
Flexall 454 Lotion 11%,flexall 454 lotion 11%,22
Flintstones Complete,flintstones complete,20
Flintstones Complete Chew Tabs,flintstones complete chew,25
Flintstones Gummies,flintstones,11
Flintstones Multi-Vit Gummies,flintstones multi-vit,21
Flintstones Multivitamin,flintstones multivitamin,24
Flintstones plus immunity support,flintstones plus immunity support,33
Flintstones with Iron,flintstones with iron,21
Flomax,flomax,6
Flonase,flonase,7
Flonase Allergy Relief,flonase allergy,15
Floradix Iron + Herbs,floradix iron + herbs,21
Florafiber,florafiber,10
Florajen,florajen,8
Florajen3,florajen3,9
Florastor,florastor,9
Florastor (S boulardii),florastor (sodium boulardii),28
Florastor (saccharamyces),florastor (saccharamyces),25
Florastor (saccharomyces boulardi),florastor (saccharomyces boulardi),34
Florastor (saccharomyces boulardii),florastor (saccharomyces boulardii),35
Florastor 250mg Capsule,florastor 250mg,15
Florastor 250mg-Saccharomyces boulardii,florastor 250mg-saccharomyces boulardii,39
Florastor(saccharomyces boulardii),florastor(saccharomyces boulardii),34
Flovent,flovent,7
Flovent Diskus,flovent diskus,14
Flovent Diskus 50mcg,flovent diskus 50mcg,20
Flovent HFA,flovent hfa,11
Flovent HFA 220 mcg,flovent hfa 220 mcg,19
Flovent HFA 220mcg,flovent hfa 220mcg,18
Floxin,floxin,6
Fluco,fluco,5
Fluconazole,fluconazole,11
Fluconazole (Self Med),fluconazole,11
Fluconazole Desensitization,fluconazole desensitization,27
Fluconazole Suspension,fluconazole,11
Flucytos,flucytosine,11
Flucytosine,flucytosine,11
Flucytosine Suspension,flucytosine,11
Fludarabine Phosphate,fludarabine phosphate,21
Fludarabine*,fludarabine,11
Fludrocortisone,fludrocortisone,15
Fludrocortisone Acetate,fludrocortisone acetate,23
Flumazenil,flumazenil,10
Flunisolide,flunisolide,11
Flunisolide Inhaler,flunisolide,11
Fluocinolone,fluocinolone,12
Fluocinolone Acetonide 0.01% Cream,fluocinolone acetonide 0.01%,28
Fluocinolone Acetonide 0.01% Solution,fluocinolone acetonide 0.01%,28
Fluocinolone Acetonide 0.025% Cream,fluocinolone acetonide 0.025%,29
Fluocinolone Acetonide 0.025% Ointment,fluocinolone acetonide 0.025%,29
Fluocinonide,fluocinonide,12
Fluocinonide ,fluocinonide,12
Fluocinonide 0.05% Cream,fluocinonide 0.05%,18
Fluocinonide 0.05% Ointment,fluocinonide 0.05%,18
Fluorescein Sodium,fluorescein sodium,18
Fluorescein Strip,fluorescein strip,17
Fluorometholone 0.1%,fluorometholone 0.1%,20
Fluorometholone 0.1% Ophth Susp.,fluorometholone 0.1% .,22
Fluorometholone acetate,fluorometholone acetate,23
Fluorouracil,fluorouracil,12
Fluoxetine,fluoxetine,10
Fluoxetine Oral Liquid,fluoxetine,10
Fluphenazine,fluphenazine,12
Fluphenazine DECANOATE,fluphenazine decanoate,22
Fluphenazine Decanoate,fluphenazine decanoate,22
Flurazepam,flurazepam,10
Flurbiprofen 0.03%,flurbiprofen 0.03%,18
Flutamide,flutamide,9
Fluticasone,fluticasone,11
Fluticasone ,fluticasone,11
Fluticasone (Flovent),fluticasone (flovent),21
Fluticasone 44mcg/Inh,fluticasone 44mcg/,18
Fluticasone 500/ salmeterol 50mcg ( Rotacap Seroflo 50/500),fluticasone 500/salmeterol 50mcg (rotacap seroflo 50/500),57
Fluticasone Propionate 110mcg,fluticasone propionate 110mcg,29
Fluticasone Propionate NASAL,fluticasone propionate,22
Fluticasone-Salmeterol,fluticasone-salmeterol,22
Fluticasone-Salmeterol (100/50),fluticasone-salmeterol (100/50),31
Fluticasone-Salmeterol (250/50) ,fluticasone-salmeterol (250/50),31
Fluticasone-Salmeterol Diskus,fluticasone-salmeterol diskus,29
Fluticasone-Salmeterol Diskus (100/50),fluticasone-salmeterol diskus (100/50),38
Fluticasone-Salmeterol Diskus (250/50) ,fluticasone-salmeterol diskus (250/50),38
Fluticasone-Salmeterol Diskus (500/50) ,fluticasone-salmeterol diskus (500/50),38
Fluva,fluvastatin,11
Fluvastatin,fluvastatin,11
Fluvastatin Sodium,fluvastatin sodium,18
FluvoxAMINE Maleate,fluvoxamine maleate,19
Fluvoxamine,fluvoxamine,11
Fluvoxamine ,fluvoxamine,11
Fluvoxamine Maleate,fluvoxamine maleate,19
Fluzone Trival,fluzone trival,14
Fluzone Trivial/Quad Vaccine,fluzone trivial/quad vaccine,28
FoLIC,folic,5
FoLIC ,folic,5
FoLIC Acid,folic acid,10
Focalin,focalin,7
Focalin (dexmethylphenidate),focalin (dexmethylphenidate),28
Focalin XR,focalin xr,10
Focalin XR (dexmethylphenidate),focalin xr (dexmethylphenidate),31
Folbalin Plus,folbalin plus,13
Folbic,folbic,6
Folgard,folgard,7
Folgard (folic acid-vit b6-vitb12),folgard (folic acid-vit b6-vitb12),34
Folgard Rx,folgard rx,10
Folic Acid,folic acid,10
Fomepizole,fomepizole,10
Fomoterol 20 mcg,fomoterol 20 mcg,16
Fondaparin,fondaparin,10
Fondaparinux,fondaparinux,12
Fondaparinux Sodium,fondaparinux sodium,19
Foradil Aerolizer,foradil aerolizer,17
Formoterol 20 mcg,formoterol 20 mcg,17
Formoterol 20mcg,formoterol 20mcg,16
Formoterol Fumarate,formoterol fumarate,19
Formoterol Nebulization ,formoterol nebulization,23
Forteo,forteo,6
Forteo (tepiratide) 600mcg/2.4ml,forteo (tepiratide) 600mcg/2.4ml,32
Forteo (teriparatide),forteo (teriparatide),21
Forteo 600 mcg/2.4ml,forteo 600 mcg/2.4ml,20
Forteo 600mcg/2.4ml,forteo 600mcg/2.4ml,19
Fortesta,fortesta,8
Fosamax,fosamax,7
Fosamprenavir,fosamprenavir,13
Fosaprepitant,fosaprepitant,13
Foscarnet Sodium,foscarnet sodium,16
Fosfomycin Tromethamine,fosfomycin tromethamine,23
Fosinopril,fosinopril,10
Fosphenytoin,fosphenytoin,12
Fosphenytoin Sodium,fosphenytoin sodium,19
Fostamatinib 150 mg tablets,fostamatinib 150mg,18
Fragmin,fragmin,7
Fragmin (Dalteparin),fragmin (dalteparin),20
Freedavite 1.8-400 mg/mcg,freedavite 1.8-400mg/mcg,24
Frovatriptan,frovatriptan,12
Fulvestra,fulvestra,9
Fulvestrant,fulvestrant,11
Fulvestrant (Faslodex),fulvestrant (faslodex),22
Furo,furosemide,10
Furos,furosemide,10
Furosemi,furosemide,10
Furosemid,furosemide,10
Furosemide,furosemide,10
Furosemide ,furosemide,10
Furosemide (Latex Free),furosemide (latex),18
Furosemide 100mg/10mL 10mL VIAL,furosemide 100mg/10ml 10ml,26
Furosemide 20mg/2mL 2mL VIAL,furosemide 20mg/2ml 2ml,23
Furosemide 40mg/4mL 4mL VIAL,furosemide 40mg/4ml 4ml,23
Furosemide Desensitization,furosemide desensitization,26
Furosemide Rapid Oral Densitization ,furosemide rapid densitization,30
Furosemide Solution,furosemide,10
Furosemide in 0.9% Sodium Chloride,furosemide in 0.9% sodium chloride,34
Furosemide-Heart Failure,furosemide-heart failure,24
Fusidic Acid  300 mg  tab,fusidic acid 300mg,18
Fusidic Acid 300mg  tab,fusidic acid 300mg,18
Fusidic Acid 300mg tab,fusidic acid 300mg,18
Fuzeon,fuzeon,6
Fycompa,fycompa,7
GABAPENTIN,gabapentin,10
GELCLAIR,gelclair,8
GILTERITINIB,gilteritinib,12
GLUL100I,glul100i,8
GO-203-2c,go-203-2c,9
GONAL-f RFF Pen,gonal-f rff pen,15
GS9451,gs9451,6
Gaba,gabapentin,10
Gabapen,gabapentin,10
Gabapentin,gabapentin,10
Gabapentin (Liquid),gabapentin,10
Gabapentin (Neurontin Brand),gabapentin (neurontin),22
Gabitril,gabitril,8
Galantamine,galantamine,11
Galzin,galzin,6
Galzin (zinc acetate),galzin (zinc acetate),21
Gam,gam,3
Gammagard Liquid,gammagard,9
Gamunex-C,gamunex-c,9
Ganaxolone,ganaxolone,10
Ganciclovir,ganciclovir,11
Ganciclovir 0.15% Ophth Gel,ganciclovir 0.15% gel,21
Ganciclovir 500mg Caps,ganciclovir 500mg,17
Garlic,garlic,6
Garlic Oil,garlic oil,10
Gas-X,gas-x,5
Gas-X Extra Strength,gas-x extra strength,20
Gas-X Ultra-Strength,gas-x ultra-strength,20
Gastr,gastrocrom,10
Gastrocrom,gastrocrom,10
Gastrocrom  (cromolyn) 300-400 mg,gastrocrom (cromolyn) 300-400mg,31
Gastrografin,gastrografin,12
Gastroview,gastroview,10
Gastroview (Diatrizoate Meglumine & Sodium),gastroview (diatrizoate meglumine & sodium),43
Gatifloxacin,gatifloxacin,12
Gattex (teduglutide),gattex (teduglutide),20
Gattex 30- 5mg vial,gattex 30- 5mg,14
Gattex 30-Vial,gattex 30-,10
Gattex One-Vial,gattex one-,11
GaviLyte-G,gavilyte-g,10
GaviLyte-N,gavilyte-n,10
Gaviscon,gaviscon,8
Gaviscon Extra Strength,gaviscon extra strength,23
Gefitinib,gefitinib,9
Gelclair,gelclair,8
Gelfoam Sponge,gelfoam sponge,14
Gelusil,gelusil,7
Gemcitabine,gemcitabine,11
Gemcitabine*,gemcitabine,11
Gemfibrozil,gemfibrozil,11
Gemtesa,gemtesa,7
Gemtuzumab Ozogamicin,gemtuzumab ozogamicin,21
GenTeal,genteal,7
GenTeal  Mild to Moderate,genteal mild to moderate,24
GenTeal Gel,genteal gel,11
GenTeal Liquid Gel Eye Drops,genteal gel,11
GenTeal Mild Eye Drops 0.3%,genteal mild 0.3%,17
GenTeal Mod-Severe Gel Drops,genteal mod-severe gel,22
GenTeal PM,genteal pm,10
GenTeal PM Eye Ointment,genteal pm,10
GenTeal Severe,genteal severe,14
GenTeal Severe Gel,genteal severe gel,18
GenTeal Tears,genteal tears,13
GenTeal Tears Moderate,genteal tears moderate,22
GenTeal Tears Severe Gel,genteal tears severe gel,24
GenTeal eye drops,genteal,7
GenTeal ophth gel 0.3%,genteal gel 0.3%,16
Generess Fe,generess fe,11
Generlac (lactulose),generlac (lactulose),20
Generlac 10gm/15ml (lactulose),generlac 10gm/15ml (lactulose),30
Gengraf,gengraf,7
Gengraf (cycloSPORINE modified),gengraf (cyclosporine modified),31
Gengraf (cyclosporine modified),gengraf (cyclosporine modified),31
Genotropin Miniquick,genotropin miniquick,20
Genta,gentak,6
Gentak,gentak,6
Gentamicin,gentamicin,10
Gentamicin (Bulk),gentamicin,10
Gentamicin (L&D/OB),gentamicin (l&d/ob),19
Gentamicin - Dosing by pharmacy,gentamicin - dosing by pharmacy,31
Gentamicin 0.1% Cream,gentamicin 0.1%,15
Gentamicin 0.3% Ophth. Ointment,gentamicin 0.3% .,17
Gentamicin 0.3% Ophth. Soln,gentamicin 0.3% .,17
Gentamicin 2.5 mg/mL in Sodium Citrate 4%,gentamicin 2.5mg/ml in sodium citrate 4%,40
Gentamicin Antibiotic Lock,gentamicin antibiotic lock,26
Gentamicin Desensitization,gentamicin desensitization,26
Gentamicin Intraperitoneal,gentamicin intraperitoneal,26
Gentamicin Intraventricular,gentamicin intraventricular,27
Gentamicin Sulf. Ophth. Soln,gentamicin sulfate. .,21
Gentamicin Sulfate Ophth. Ointment,gentamicin sulfate .,20
Gentamicin-Heparin Lock,gentamicin-heparin lock,23
Genteal Tears (PF),genteal tears (pf),18
Genvoya,genvoya,7
Genvoya (150-150-200-10),genvoya (150-150-200-10),24
"Genvoya (elvitegravir, cobicistat, emtricitabine, tenofovir)",genvoya (elvitegravir cobicistat emtricitabine tenofovir),57
Genvoya(elviteg-cobi-emtric-tenofo ala),genvoya(elviteg-cobi-emtric-tenofo ala),39
Geodon,geodon,6
Gianvi,gianvi,6
Gianvi (28),gianvi,6
Gianvi (28) 3mg/0.02mg TAB,gianvi  3mg/0.02mg,18
Gildess,gildess,7
Gildess FE,gildess fe,10
Gildess FE 1/20 (28),gildess fe 1/20,15
Gilenya,gilenya,7
Gilteritinib,gilteritinib,12
Gilteritinib *NF*,gilteritinib,12
Giredestrant (GDC-9545) 30 mg\ 0 mg PO DAILY on Days 1-28.,giredestrant (gdc-9545) 30mg\ 0mg po on days 1-.,48
Glassia,glassia,7
Glatiramer,glatiramer,10
Glatopa,glatopa,7
Glatopa  (glatiramer) 40 mg,glatopa (glatiramer) 40mg,25
Gleevec,gleevec,7
Glimepiride,glimepiride,11
Glipi,glipizide,9
GlipiZ,glipizide,9
GlipiZID,glipizide,9
GlipiZIDE,glipizide,9
GlipiZIDE ,glipizide,9
GlipiZIDE XL,glipizide xl,12
Glipizide,glipizide,9
Gliternitib,gliternitib,11
Gluca,glucagon,8
Glucagon,glucagon,8
Glucagon Emergency,glucagon,8
Glucosamine,glucosamine,11
Glucosamine *NF* (glucosamine sulfate) ,glucosamine (glucosamine sulfate),33
Glucosamine Sulf-Chondroitin,glucosamine sulfate-chondroitin,31
Glucosamine Sulfate,glucosamine sulfate,19
Glucosamine-Chondroitin,glucosamine-chondroitin,23
Glucosamine-Chondroitin Complx,glucosamine-chondroitin complx,30
Glucose Gel,glucose gel,11
Glucose Tab,glucose,7
Glucotrol XL,glucotrol xl,12
Glulisiline Aprida,glulisiline aprida,18
Glulisine Aprida,glulisine aprida,16
Glumetza,glumetza,8
Glutamine,glutamine,9
Glutose 15,glutose 15,10
GlyBU,glyburide,9
GlyBUR,glyburide,9
GlyBURI,glyburi,7
GlyBURIDE,glyburide,9
Glyburid,glyburide,9
Glyburide,glyburide,9
Glyburide Prestab,glyburide prestab,17
Glyburide/Metformin (1.25mg-250mg),glyburide/metformin (1.25mg-250mg),34
Glyburide/Metformin (2.5mg-500mg),glyburide/metformin (2.5mg-500mg),33
Glyburide/Metformin (5mg-500mg),glyburide/metformin (5mg-500mg),31
Glycerin,glycerin,8
Glycerin Supps,glycerin,8
GlycoLax,glycolax,8
Glycophos,glycophos,9
Glycopyrrolat 0.4mg/2mL 2mL VIAL,glycopyrrolate 0.4mg/2ml 2ml,28
Glycopyrrolate,glycopyrrolate,14
Glycopyrrolate (CVICU Reversal Protocol),glycopyrrolate,14
Glyset,glyset,6
Gocovri,gocovri,7
Golytely,golytely,8
Goserelin Acetate,goserelin acetate,17
Gralise,gralise,7
Granisetron,granisetron,11
Granisetron HCl,granisetron hcl,15
Granix,granix,6
Granulex,granulex,8
Gris-PEG,gris-peg,8
Griseofulvin Ultramicrosize,griseofulvin ultramicrosize,27
Gu,guaifenesin,11
Guai,guaifenesin,11
GuaiFENesin,guaifenesin,11
GuaiFENesin ER,guaifenesin er,14
GuaiFENesin-CODEINE Phosphate,guaifenesin-codeine phosphate,29
GuaiFENesin-Dex,guaifenesin-dexamethasone,25
GuaiFENesin-Dextromethorphan,guaifenesin-dextromethorphan,28
GuaiFENesin-Dextromethorphan (Sugar Free),guaifenesin-dextromethorphan,28
Guaif,guaifenesin,11
Guaifene,guaifenesin,11
Guaifenes,guaifenesin,11
Guaifenesin,guaifenesin,11
Guaifenesin (Sugar Free),guaifenesin,11
Guaifenesin DM,guaifenesin dm,14
Guaifenesin DM table,guaifenesin dm,14
Guaifenesin ER,guaifenesin er,14
Guaifenesin-CODEINE Phosphate,guaifenesin-codeine phosphate,29
Guaifenesin-CODEINE Phosphate ,guaifenesin-codeine phosphate,29
Guaifenesin-Dextromethorphan,guaifenesin-dextromethorphan,28
Guanfacine,guanfacine,10
Gummi Bear Multivitamin,gummi bear multivitamin,23
Gummi Multivitamin,gummi multivitamin,18
Gummies Children Multivitamin,children multivitamin,21
Gummies Girls Multivitamins,girls multivitamins,19
Guppy Gummies-THC 50mg,guppy -thc 50mg,15
H1,UNK,2
HEParin,heparin,7
HYD,hydrocodone,11
HYDROcodone-Acetaminophen (5mg-325mg),hydrocodone-acetaminophen (5mg-325mg),37
HYDROcodone-acetaminophen,hydrocodone-acetaminophen,25
HYDROmo,hydromorphone,13
HYDROmorp,hydromorphone,13
HYDROmorph,hydromorphone,13
HYDROmorph 0.5mg/0.5mL 0.5mL SYR,hydromorphone 0.5mg/0.5ml 0.5ml,31
HYDROmorphon,hydromorphone,13
HYDROmorphone,hydromorphone,13
HYDROmorphone ,hydromorphone,13
HYDROmorphone (D 1mg/1mL 1mL SYR,hydromorphone (d 1mg/1ml 1ml,28
HYDROmorphone (D 2mg/1mL 1mL INJ,hydromorphone (d 2mg/1ml 1ml inj,32
HYDROmorphone (Dilaudid),hydromorphone (dilaudid),24
HYDROmorphone (PF),hydromorphone (pf),18
HYDROmorphone (PF)-0.9 % NaCl,hydromorphone (pf)-0.9% nacl,28
HYDROmorphone (i 1mg/1mL 1mL SYR,hydromorphone (i 1mg/1ml 1ml,28
HYDROmorphone Infusion – Comfort Care Guidelines,hydromorphone infusion – comfort care guidelines,48
HYDROmorphone Intrathecal,hydromorphone intrathecal,25
HYDROmorphone Oral Soln,hydromorphone,13
HYDROmorphone P 2mg/1mL 1mL Vial,hydromorphone p 2mg/1ml 1ml,27
HYDROmorphone PCA,hydromorphone pca,17
HYDROmorphone PCA (Dilaudid),hydromorphone pca (dilaudid),28
HYDROmorphone Solution,hydromorphone,13
HYDROmorphone intrathecal,hydromorphone intrathecal,25
HYDROmorphone-bupiv (PF)-NaCL,hydromorphone-bupiv (pf)-nacl,29
HYDROmorphone/Bupivacaine Intrathecal,hydromorphone/bupivacaine intrathecal,37
HYDROmorphone/Bupivacaine/CloNIDine Intrathecal,hydromorphone/bupivacaine/clonidine intrathecal,47
Haemophilus B Conj. Vaccine,haemophilus b conj. vaccine,27
Hair Formula,hair formula,12
"Hair, Skin, Nails with Biotin",hair skin nails with biotin,27
Halcion,halcion,7
Halcion 0.25 mg,halcion 0.25mg,14
Halflytely-Bisacodyl w-Flav Pk,halflytely-bisacodyl w-flav pk,30
Halls Cough Drops,halls cough,11
Halobetasol Propionate,halobetasol propionate,22
Halobetasol Propionate Oint 0.05%,halobetasol propionate 0.05%,28
Halog,halog,5
Halop,haloperidol,11
Haloper,haloper,7
Haloperi,haloperidol,11
Haloperidol,haloperidol,11
Haloperidol ,haloperidol,11
Haloperidol (Bulk),haloperidol,11
Haloperidol 5mg/1mL 1mL VIAL,haloperidol 5mg/1ml 1ml,23
Haloperidol Decanoate,haloperidol decanoate,21
Haloperidol Decanoate (long acting),haloperidol decanoate (long acting),35
Haloperidol Lactate,haloperidol lactate,19
Haloperidol TOPICAL GEL (C-AH),haloperidol topical gel (c-ah),30
Harvoni,harvoni,7
Harvoni 90-400mg,harvoni 90-400mg,16
Hecoria,hecoria,7
Hemabate,hemabate,8
Hemorrhoidal H,hemorrhoidal h,14
Hemorrhoidal Suppository,hemorrhoidal suppository,24
Hep,heparin,7
Hepa,heparin,7
Hepar,heparin,7
Hepari,heparin,7
Hepari 25000UNIT/250mL 250mL BAG,heparin 25000unit/250ml 250ml,29
Heparin,heparin,7
Heparin ,heparin,7
Heparin (CRRT Machine Priming),heparin (crrt machine priming),30
Heparin (Clot directed 1000 units/500mL),heparin (clot directed 1000 units/500ml),40
Heparin (For IP Use),heparin (ip),12
Heparin (Hemodialysis),heparin (hemodialysis),22
Heparin (IABP),heparin (iabp),14
Heparin (Impella),heparin (impella),17
Heparin (Impella) – Left ventricle,heparin (impella) – left ventricle,34
Heparin (Impella) – Right ventricle,heparin (impella) – right ventricle,35
Heparin (Lower extremity - clot directed administration),heparin (lower extremity - clot directed administration),56
Heparin (Porcine),heparin (porcine),17
Heparin (Preservative Free),heparin (preservative),22
Heparin (via Anti-Xa Monitoring),heparin (via anti-xa monitoring),32
Heparin (via side port of catheter),heparin (via side port of catheter),35
Heparin 1000UNIT/500mL 500mL BAG,heparin 1000unit/500ml 500ml,28
Heparin 1000unit/1mL 10mL VIAL,heparin 1000unit/1ml 10ml,25
Heparin CRRT,heparin crrt,12
Heparin Desensitization,heparin desensitization,23
Heparin Dwell (1000 Units/mL),heparin dwell (1000 units/ml),29
Heparin Flush,heparin flush,13
Heparin Flush ,heparin flush,13
Heparin Flush (10 Units/mL),heparin flush (10 units/ml),27
Heparin Flush (10 units/ml),heparin flush (10 units/ml),27
Heparin Flush (100 units/mL),heparin flush (100 units/ml),28
Heparin Flush (100 units/ml),heparin flush (100 units/ml),28
Heparin Flush (1000 units,heparin flush (1000 units,25
Heparin Flush (1000 units/mL),heparin flush (1000 units/ml),29
Heparin Flush (5000 Units/mL),heparin flush (5000 units/ml),29
Heparin Flush CRRT (5000 Units/mL),heparin flush crrt (5000 units/ml),34
Heparin Flush CVL  (100 units/ml),heparin flush cvl (100 units/ml),32
Heparin Flush Hickman (100 units/ml),heparin flush hickman (100 units/ml),36
Heparin Flush Midline (100 units/ml),heparin flush midline (100 units/ml),36
Heparin Flush PICC (100 units/ml),heparin flush picc (100 units/ml),33
Heparin Flush Port (10 units/mL),heparin flush port (10 units/ml),32
Heparin INTRAPERITONEAL,heparin intraperitoneal,23
Heparin LVAD,heparin lvad,12
Heparin Lock Flush,heparin lock flush,18
Heparin Sodium,heparin sodium,14
Heparin TOPICAL (100 Units/mL),heparin topical (100 units/ml),30
Hepatitis A Vaccine,hepatitis a vaccine,19
Hepatitis B ,hepatitis b,11
Hepatitis B Immun Globulin (HepaGam B),hepatitis b immun globulin (hepagam b),38
Hepatitis B Immune Globulin,hepatitis b immune globulin,27
Hepatitis B Immune Globulin (Nabi-HB),hepatitis b immune globulin (nabi-hb),37
Hepatitis B Vaccine,hepatitis b vaccine,19
Hepatitis B Vaccine (20 mcg/mL),hepatitis b vaccine (20 mcg/ml),31
Hepatitis B Vaccine (Engerix-B 20 mcg/mL),hepatitis b vaccine (engerix-b 20 mcg/ml),41
Heplisav-B (PF),heplisav-b (pf),15
Hepsera,hepsera,7
Herb-Lax,herb-lax,8
Hespan,hespan,6
Hetlioz,hetlioz,7
Hexavitamin,hexavitamin,11
Hiprex,hiprex,6
Hizentra,hizentra,8
Hizentra (immune globulin) 20%,hizentra (immune globulin) 20%,30
Hizentra 20%,hizentra 20%,12
Hizentra 20% (10gm),hizentra 20% (10gm),19
Hizentra Immune Globulin,hizentra immune globulin,24
Homatropine,homatropine,11
Homatropine  ,homatropine,11
Homatropine HBr,homatropine hbr,15
Horizant,horizant,8
HumIRA,humira,6
HumIRA Pen,humira pen,10
HumaLOG,humalog,7
HumaLOG Insulin,humalog insulin,15
HumaLOG Junior KwikPen U-100,humalog junior u-100,20
HumaLOG KwikPen,humalog,7
HumaLOG KwikPen Insulin,humalog insulin,15
HumaLOG KwikPen Insulin ,humalog insulin,15
HumaLOG KwikPen Insulin  ,humalog insulin,15
HumaLOG Mix 50-50 KwikPen,humalog mix 50-50,17
HumaLOG Mix 75-25,humalog mix 75-25,17
HumaLOG Mix 75-25 KwikPen,humalog mix 75-25,17
HumaLOG U-100 Insulin,humalog u-100 insulin,21
Humalog,humalog,7
Humalog 75/25 Pen,humalog 75/25 pen,17
Humalog Junior KwikPen,humalog junior,14
Humalog Junior KwikPen ** Non-formulary **,humalog junior,14
Humalog Junior KwikPen U-100,humalog junior u-100,20
Humalog Junior Kwikpen,humalog junior,14
Humalog KwikPen,humalog,7
Humalog KwikPen ,humalog,7
Humalog KwikPen Insulin,humalog insulin,15
Humalog Kwikpen,humalog,7
Humalog Mix 50-50 KwikPen,humalog mix 50-50,17
Humalog Mix 75-25,humalog mix 75-25,17
Humalog Mix 75-25 KwikPen,humalog mix 75-25,17
Humalog U-100 Insulin,humalog u-100 insulin,21
Humate-P,humate-p,8
HumatroPen,humatropen,10
Humatrope,humatrope,9
Humira,humira,6
Humira (Adalimumab),humira (adalimumab),19
Humira (adalimumab),humira (adalimumab),19
Humira (adalimumab) Pen 40mg/0.8mL,humira (adalimumab) pen 40mg/0.8ml,34
Humira Crohns Dis Start Pck,humira crohns dis start pck,27
Humira Pen,humira pen,10
Humira Pen 40mg/0.8ml,humira pen 40mg/0.8ml,21
Humira(CF),humira(cf),10
Humira(CF) Pen,humira(cf) pen,14
HumuLIN 70/30,humulin 70/30,13
HumuLIN N,humulin n,9
HumuLIN N KwikPen,humulin n,9
HumuLIN N NPH Insulin KwikPen,humulin n nph insulin,21
HumuLIN N NPH U-100 Insulin,humulin n nph u-100 insulin,27
HumuLIN R,humulin r,9
HumuLIN R U-500 (Conc) Insulin,humulin r u-500 (conc) insulin,30
HumuLIN R U-500 (Conc) Kwikpen,humulin r u-500 (conc),22
HumuLIN R U-500 (Concentrated),humulin r u-500,15
HumuLIN R U-500 Concentrated,humulin r u-500,15
Humulin 70/30,humulin 70/30,13
Humulin 70/30 KwikPen,humulin 70/30,13
Humulin N,humulin n,9
Humulin N KwikPen,humulin n,9
Humulin N NPH U-100 Insulin,humulin n nph u-100 insulin,27
Humulin N Pen,humulin n pen,13
Humulin R,humulin r,9
Humulin R U-500 Concentrated,humulin r u-500,15
Humulin-R Insulin (U-500),humulin-r insulin (u-500),25
Hyaluronidase,hyaluronidase,13
Hydr,hydrocodone,11
HydrALAZINE,hydralazine,11
HydrALAZINE 20mg/1mL 1mL VIAL,hydralazine 20mg/1ml 1ml,24
HydrALAzine,hydralazine,11
HydrOXYzine,hydroxyzine,11
Hydralazine,hydralazine,11
Hydrocerin,hydrocerin,10
Hydrochlorothiazide,hydrochlorothiazide,19
Hydrocodone,hydrocodone,11
Hydrocodone-Acetaminophen,hydrocodone-acetaminophen,25
Hydrocodone-Acetaminophen (5mg-325mg),hydrocodone-acetaminophen (5mg-325mg),37
Hydrocodone-Acetaminophen (5mg-500mg,hydrocodone-acetaminophen (5mg-500mg,36
Hydrocodone-Acetaminophen (5mg-500mg),hydrocodone-acetaminophen (5mg-500mg),37
Hydrocodone-Homatropine,hydrocodone-homatropine,23
Hydrocortis,hydrocortisone,14
Hydrocortisone,hydrocortisone,14
Hydrocortisone ,hydrocortisone,14
Hydrocortisone (Rectal) 2.5% Cream,hydrocortisone  2.5%,20
Hydrocortisone 100mg,hydrocortisone 100mg,20
Hydrocortisone Acetate,hydrocortisone acetate,22
Hydrocortisone Acetate 10%  Foam,hydrocortisone acetate 10% foam,31
Hydrocortisone Acetate Ointment 1%,hydrocortisone acetate 1%,25
Hydrocortisone Acetate Suppository,hydrocortisone acetate suppository,34
Hydrocortisone Cream,hydrocortisone,14
Hydrocortisone Cream 0.5%,hydrocortisone 0.5%,19
Hydrocortisone Cream 1%,hydrocortisone 1%,17
Hydrocortisone Cream 2.5%,hydrocortisone 2.5%,19
Hydrocortisone Enema,hydrocortisone enema,20
Hydrocortisone Lotion 1%,hydrocortisone lotion 1%,24
Hydrocortisone Na Succ,hydrocortisone na succ,22
Hydrocortisone Na Succ.,hydrocortisone na succ.,23
Hydrocortisone Na Succinate,hydrocortisone na succinate,27
Hydrocortisone Oint 0.5%,hydrocortisone 0.5%,19
Hydrocortisone Oint 1%,hydrocortisone 1%,17
Hydrocortisone Oint 2.5%,hydrocortisone 2.5%,19
Hydrocortisone SR,hydrocortisone sr,17
Hydrocortisone Val. Cream 0.2%,hydrocortisone val. 0.2%,24
Hydrocortisone/,hydrocortisone/,15
Hydrolatum,hydrolatum,10
Hydrolatum Petrolatum Oint,hydrolatum petrolatum,21
Hydromorphone,hydromorphone,13
Hydromorphone ,hydromorphone,13
Hydromorphone (Oral Solution) 1 mg/1 mL,hydromorphone  1mg/1ml,22
Hydromorphone (Rectal),hydromorphone,13
Hydromorphone PF 4mg/ml,hydromorphone pf 4mg/ml,23
Hydromorphone/Bupivicaine,hydromorphone/bupivicaine,25
Hydroxocobalamin,hydroxocobalamin,16
Hydroxychloroq,hydroxychloroq,14
Hydroxychloroquine,hydroxychloroquine,18
Hydroxychloroquine Sulfate,hydroxychloroquine sulfate,26
Hydroxychloroquine Sulfate(Plaquenil brand),hydroxychloroquine sulfate(plaquenil),37
Hydroxychloroquinei,hydroxychloroquinei,19
Hydroxyprogesterone Capr(Bulk),hydroxyprogesterone capr,24
Hydroxyprogesterone caproate,hydroxyprogesterone caproate,28
Hydroxypropyl Meth. 2.5% Ophth,hydroxypropyl methadone. 2.5%,29
Hydroxypropyl Methylcellulose,hydroxypropyl methylcellulose,29
Hydroxyurea,hydroxyurea,11
Hydroxyurea Suspension,hydroxyurea,11
Hydroxyzine,hydroxyzine,11
Hydroxyzine HCl,hydroxyzine hcl,15
Hyophen ,hyophen,7
Hyoscyam,hyoscyamine,11
Hyoscyamine,hyoscyamine,11
Hyoscyamine SO4 (Time Release),hyoscyamine so4 (time release),30
Hyoscyamine Sulfate,hyoscyamine sulfate,19
Hyper-Sal,hyper-sal,9
Hypromellose,hypromellose,12
Hysingla ER,hysingla er,11
Hytrin,hytrin,6
Hyzaar,hyzaar,6
I-Caps Areds,i- areds,8
I-Vite Protect,i-vite protect,14
IBgard,ibgard,6
IBgard (peppermint oil),ibgard (peppermint oil),23
ICaps,icaps,5
IDArubicin,idarubicin,10
IL2,il2,3
ILOperidone,iloperidone,11
IMIPENEM-CILASTATIN,imipenem-cilastatin,19
IMatinib,imatinib,8
IMatinib Mesylate,imatinib mesylate,17
IMatinib Mesylate (Gleevec),imatinib mesylate (gleevec),27
INFLUENZA VACCINE HIGH-DOSE QUADRIVALENT,influenza vaccine high- quadrivalent,36
INFLUENZA VACCINE QUADRIVALENT,influenza vaccine quadrivalent,30
INSU500I,insu500i,8
INV,inv,3
INV - Lenalidomide,inv - lenalidomide,18
INV Dalteparin,inv dalteparin,14
INV Enoxaparin,inv enoxaparin,14
INV Enoxaparin ,inv enoxaparin,14
INV apixaban,inv apixaban,12
INV dalteparin,inv dalteparin,14
INV enoxaparin,inv enoxaparin,14
INV enoxaparin ,inv enoxaparin,14
INV enoxaparin 40mg/ enoxaparin ,inv enoxaparin 40mg/enoxaparin,30
INV enoxaparin 75 mg/,inv enoxaparin 75mg/,20
INV- Phage  33s2,inv- phage 33s2,15
INV- Ruxolitinib,inv- ruxolitinib,16
INV-*NF*-Dalteparin,inv--dalteparin,15
INV-ABL001,inv-abl001,10
INV-ABL001 ,inv-abl001,10
INV-ABT-199,inv-abt-199,11
INV-ALKS-4230,inv-alks-4230,13
INV-ASP1235**,inv-asp1235,11
INV-Abatacept,inv-abatacept,13
INV-Alisertib,inv-alisertib,13
INV-Anakinra,inv-anakinra,12
INV-Apixaban,inv-apixaban,12
INV-Aspirin,inv-aspirin,11
INV-Atorvastatin,inv-atorvastatin,16
INV-Axitinib,inv-axitinib,12
INV-Bazedoxifene,inv-bazedoxifene,16
INV-Brequinar ,inv-brequinar,13
INV-Brincidofovir,inv-brincidofovir,17
INV-Cabozantinib (Cabozantinib),inv-cabozantinib (cabozantinib),31
INV-Cabozatinib,inv-cabozatinib,15
INV-Cethrin,inv-cethrin,11
INV-Clofazimine,inv-clofazimine,15
INV-Clopidogrel,inv-clorazepate,15
INV-CoQ10 300mg,inv-coq10 300mg,15
INV-Crizotinib,inv-crizotinib,14
INV-CycloPHOSPHAMIDE,inv-cyclophosphamide,20
INV-DUPLOJECT,inv-duploject,13
INV-Dalteparin,inv-dalteparin,14
INV-Defibrotide*,inv-defibrotide,15
INV-Dexamethasone,inv-dexamethasone,17
INV-EVICEL Fibrin Sealant (Human),inv-evicel fibrin sealant,25
INV-Edoxaban,inv-edoxaban,12
INV-Empagliflozin,inv-empagliflozin,17
INV-Emricasan,inv-emricasan,13
INV-Enalapril,inv-enalapril,13
INV-Enoxaparin,inv-enoxaparin,14
INV-Epeleuton,inv-epeleuton,13
INV-Eribulin mesylate ,inv-eribulin mesylate,21
INV-Erlotinib,inv-erlotinib,13
INV-Exenatide 0.25mg/mL or Placeb,inv-exenatide 0.25mg/ml,23
INV-Filgrastim-sndz,inv-filgrastim-sndz,19
INV-Fludarabine,inv-fludarabine,15
INV-Fluzone High Dose Trival/Fluzone Quad vaccine,inv-fluzone high trival/fluzone quad vaccine,44
INV-Fostamatinib,inv-fostamatinib,16
INV-GO-203-2c,inv-go-203-2c,13
INV-Gefitinib,inv-gefitinib,13
INV-Gilteritinib,inv-gilteritinib,16
INV-Giredestrant (GDC-9545),inv-giredestrant (gdc-9545),27
INV-H3B-8800,inv-h3b-8800,12
INV-Hydroxychloroquine,inv-hydroxychloroquine,22
INV-Indomethacin (glycerin),inv-indomethacin (glycerin),27
INV-Ipilimumab,inv-ipilimumab,14
INV-Itacitinib,inv-itacitinib,14
INV-JNJ-67571244,inv-jnj-67571244,16
INV-JNJ-67571244**,inv-jnj-67571244,16
INV-LCZ696,inv-lcz696,10
INV-Lenalidomide,inv-lenalidomide,16
INV-Lenalodomide,inv-lenalodomide,16
INV-Letermovir(Letermovir),inv-letermovir(letermovir),26
INV-Letrozole,inv-letrozole,13
INV-Letrozole  2.5 mg\ 0 mg PO 1X/DAY on Days 1-28,inv-letrozole 2.5mg\ 0mg po 1x/day on days 1-,45
INV-Lidocaine-Prilocaine Cream,inv-lidocaine-prilocaine,24
INV-Mannitol 5 % Flush,inv-mannitol 5% flush,21
INV-Maribavir,inv-maribavir,13
INV-Mavorixafor,inv-mavorixafor,15
INV-Midostaurin,inv-midostaurin,15
INV-Morphine Intrathecal,inv-morphine intrathecal,24
INV-Niacinamide,inv-niacinamide,15
INV-Nimodipine,inv-nimodipine,14
INV-Normal Saline Flush,inv-normal saline flush,23
INV-Odronextamab,inv-odronextamab,16
INV-Omeprazole,inv-omeprazole,14
INV-Osimertinib,inv-osimertinib,15
INV-PEMBROlizumab,inv-pembrolizumab,17
INV-PEN-221,inv-pen-221,11
INV-PT2977,inv-pt2977,10
INV-Palbociclib ,inv-palbociclib,15
INV-Palbociclib 125 mg PO DAILY on Days 1-21,inv-palbociclib 125mg po on days 1-,35
INV-Pancrelipase,inv-pancrelipase,16
INV-Pegvorhyaluronidase alfa,inv-pegvorhyaluronidase alfa,28
INV-Pembrolizumab,inv-pembrolizumab,17
INV-Phage 33s2,inv-phage 33s2,14
INV-Phage INF,inv-phage inf,13
INV-Phage PB,inv-phage pb,12
INV-PrednisoLONE Acetate 1% Ophth,inv-prednisolone acetate 1%,27
INV-PrednisoLONE Acetate 1% Ophth. Susp.,inv-prednisolone acetate 1% . .,31
INV-PrednisoLONE Ophthalmic 1%,inv-prednisolone ophthalmic 1%,30
INV-Preservative-Free Artifical Tears,inv-preservative- artifical tears,33
INV-REGN1979,inv-regn1979,12
INV-REGN1979 Diluent Flush,inv-regn1979 diluent flush,26
INV-Remdesivir,inv-remdesivir,14
INV-Rivaroxaban,inv-rivaroxaban,15
INV-Rucaparib,inv-rucaparib,13
INV-Ruxolitinib,inv-ruxolitinib,15
INV-Ruxolitnib,inv-ruxolitnib,14
INV-Selonsertib,inv-selonsertib,15
INV-TISSEEL Kit,inv-tisseel kit,15
INV-TTAX01,inv-ttax01,10
INV-Tecovirimat,inv-tecovirimat,15
INV-Tetrahydrozoline 0.05% Ophth,inv-tetrahydrozoline 0.05%,26
INV-Tivantinib,inv-tivantinib,14
INV-Valganciclovir,inv-valganciclovir,18
INV-Valsartan,inv-valsartan,13
INV-Vedolizumab,inv-vedolizumab,15
INV-Venetoclax,inv-venetoclax,14
INV-Venetoclax (Venetoclax),inv-venetoclax (venetoclax),27
INV-Vitamin,inv-vitamin,11
INV-Vorinostat,inv-vorinostat,14
INV-Zinc Sulfate,inv-zinc sulfate,16
INV-edoxaban,inv-edoxaban,12
INV-enoxaparin,inv-enoxaparin,14
INV-fos,inv-fos,7
INV-predniSONE,inv-prednisone,14
INV-prednisoLONE,inv-prednisolone,16
INV-ruxolitinib,inv-ruxolitinib,15
INVanz,invanz,6
IPRATROPIUM BROMIDE NEB,ipratropium bromide neb,23
IPRATROPIUM-ALBUTEROL INHALATION SPRAY,ipratropium-albuterol,21
ISOtretinoin,isotretinoin,12
IV APAP,apap,4
IV APAP/tylenol,apap/tylenol,12
IV Acetaminophen,acetaminophen,13
IV Lactated ringers w/ mvi,lactated ringers w/mvi,22
IVAPAP,ivapap,6
IVIG (Cuvitru),ivig (cuvitru),14
Iberogast Solution,iberogast,9
Ibrance,ibrance,7
Ibrutinib,ibrutinib,9
Ibrutinib (Imbruvica),ibrutinib (imbruvica),21
Ibup,ibuprofen,9
Ibupro,ibuprofen,9
Ibuprofen,ibuprofen,9
Ibuprofen Cold-Sinus,ibuprofen cold-sinus,20
Ibuprofen Suspension,ibuprofen,9
Ibutilide Fumarate,ibutilide fumarate,18
Icaps MV,icaps mv,8
Icaps MV 100 mcg-1.66 mg-0.83 mg Tab,icaps mv 100 mcg-1.66mg-0.83mg,30
Icatibant,icatibant,9
Icosapent Ethyl,icosapent ethyl,15
Icy Hot,icy hot,7
Icy Hot (lidocaine-menthol),icy hot (lidocaine-menthol),27
Icy Hot (menthol),icy hot (menthol),17
Icy Hot Pain Relieving,icy hot pain relieving,22
IdaruCIZUMAB,idarucizumab,12
Idecabtagene Vicleucel,idecabtagene vicleucel,22
Idelalisib,idelalisib,10
Idelalisib ,idelalisib,10
Idhifa (Enasidenib),idhifa (enasidenib),19
Ifosfamide,ifosfamide,10
Ifosfamide*,ifosfamide,10
Ilevro,ilevro,6
Ilevro (Nepafenac),ilevro (nepafenac),18
Ilevro (Nepafenac) 0.3%,ilevro (nepafenac) 0.3%,23
Ilevro (nepafenac)  0.3%,ilevro (nepafenac) 0.3%,23
Iloperidone,iloperidone,11
Iloprost,iloprost,8
Imatinib,imatinib,8
Imatinib ,imatinib,8
Imatinib (Gleevec),imatinib (gleevec),18
Imatinib Mesylate,imatinib mesylate,17
Imatinib Oral Suspension,imatinib,8
Imbruvica,imbruvica,9
Imbruvica (Ibrutinib),imbruvica (ibrutinib),21
Imbruvica (ibrutinib),imbruvica (ibrutinib),21
Imdu,imdur,5
Imdur,imdur,5
Imip,imipenem,8
Imipenem-Cilastatin,imipenem-cilastatin,19
Imipenem-cilastatin-relebactam,imipenem-cilastatin-relebactam,30
Imipenem-cilastatin-relebactam (Recarbrio),imipenem-cilastatin-relebactam (recarbrio),42
Imipenem-cilastatin-relebactam (Recarbrio) *NF*,imipenem-cilastatin-relebactam (recarbrio),42
Imipramine,imipramine,10
Imiquimod,imiquimod,9
Imitrex,imitrex,7
Imitrex STATdose Pen,imitrex statdose pen,20
Imitrex nasal spray,imitrex,7
Immune Globulin (Human) (IGG),immune globulin  (igg),22
Immune Globulin Intravenous (Human),immune globulin intravenous,27
Imodium,imodium,7
Imodium A-D,imodium a-d,11
Imuran,imuran,6
InFLIXimab,infliximab,10
InFLIXimab (RemiCADE),infliximab (remicade),21
InFLIXimab Desensitization,infliximab desensitization,26
InFLIXimab-abda (Renflexis),infliximab-abda (renflexis),27
InFLIXimab-dyyb (Inflectra),infliximab-dyyb (inflectra),27
Inbrija,inbrija,7
Incassia,incassia,8
Incruse (umeclidinium) Ellipta,incruse (umeclidinium) ellipta,30
Incruse Ellipta,incruse ellipta,15
Incruse Ellipta (umeclidinium),incruse ellipta (umeclidinium),30
Incruse Ellipta 62.5 mcg ,incruse ellipta 62.5 mcg,24
Incruse Ellipta 62.5 mcg Inh ,incruse ellipta 62.5 mcg,24
Incruse Ellipta 62.5 mcg/act,incruse ellipta 62.5 mcg/act,28
Incruse Ellipta 62.5mcg,incruse ellipta 62.5mcg,23
Incruse Ellipta(umeclidinium),incruse ellipta(umeclidinium),29
Indapamide,indapamide,10
Inderal LA,inderal la,10
Indigotindisulfonate Sodium,indigotindisulfonate sodium,27
Indinavir Sulfate,indinavir sulfate,17
Indocin,indocin,7
Indomethacin,indomethacin,12
Indomethacin XR,indomethacin xr,15
Infants' Tylenol (acetaminophen),infants' tylenol (acetaminophen),32
Inflectra,inflectra,9
Infliximab,infliximab,10
Infliximab Desensitization,infliximab desensitization,26
Influen,influen,7
Influenza ,influenza,9
Influenza A (H1N1) Vac 09 (PF),influenza a (h1n1) vac 09 (pf),30
Influenza A (H1N1) Vaccine,influenza a (h1n1) vaccine,26
Influenza Vaccine High-Dose Quadrivalent,influenza vaccine high- quadrivalent,36
Influenza Vaccine Quadrivalent,influenza vaccine quadrivalent,30
Influenza Virus,influenza virus,15
Influenza Virus Vaccine,influenza virus vaccine,23
Influenza Virus Vaccine *Latex Free*,influenza virus vaccine latex,29
Ingrezza,ingrezza,8
Ingrezza (valbenazine),ingrezza (valbenazine),22
Inlyta (axitinib),inlyta (axitinib),17
Ins,insulin,7
Insu,insulin,7
Insul,insulin,7
Insuli,insulin,7
Insulin,insulin,7
Insulin ,insulin,7
Insulin (Regular,insulin (,9
Insulin (Regular),insulin,7
Insulin (Regular) ,insulin,7
Insulin (Regular) Intraperitoneal,insulin  intraperitoneal,24
Insulin (Regular) for Beta Blocker Overdose,insulin  beta blocker overdose,30
Insulin (Regular) for Hyperkalemia,insulin  hyperkalemia,21
Insulin - Sliding Scale,insulin - sliding scale,23
Insulin 50/50,insulin 50/50,13
Insulin ASPART,insulin aspart,14
Insulin Asp Prt-Insulin Aspart,insulin aspirin prt-insulin aspart,34
Insulin Aspart,insulin aspart,14
Insulin Aspart *NF*,insulin aspart,14
Insulin Aspart *NF* (for Insulin PUMP),insulin aspart (insulin pump),29
Insulin Degludec,insulin degludec,16
Insulin Detemir,insulin detemir,15
Insulin Detemir (LEVEMIR),insulin detemir (levemir),25
Insulin Detemir (Levemir),insulin detemir (levemir),25
Insulin Detemir (levemir),insulin detemir (levemir),25
Insulin Detemir *NF*,insulin detemir,15
Insulin Glargine,insulin glargine,16
Insulin Glargine ,insulin glargine,16
Insulin Glargine  (CVICU Protocol),insulin glargine,16
Insulin Humalog 75/25 Pen,insulin humalog 75/25 pen,25
Insulin Human 70/30,insulin 70/30,13
Insulin Human NPH,insulin nph,11
Insulin Human Regular,insulin,7
Insulin IV Drip (OB),insulin drip (ob),17
Insulin IV Drip (OB) Trial,insulin drip (ob) trial,23
Insulin Levemir,insulin levemir,15
Insulin Levimir,insulin levimir,15
Insulin Lispro,insulin lispro,14
Insulin Lispro 75/25,insulin lispro 75/25,20
Insulin Lispro Desensitization Protocol,insulin lispro desensitization,30
Insulin NPH Human Recomb,insulin nph recomb,18
Insulin Novolog FlexPen,insulin novolog flexpen,23
Insulin Pump,insulin pump,12
Insulin Pump (Self Administering Medication),insulin pump,12
Insulin Reg Human (NovoLIN R),insulin reg (novolin r),23
Insulin Regular Hum U-500 Conc,insulin hum u-500 conc,22
Insulin Regular Human,insulin,7
Insulin Regular Human (U-500),insulin (u-500),15
Insulin Regular Human (U-500) (for Insulin PUMP),insulin (u-500) (insulin pump),30
Insulin Regular Human (U-500) - Single Dose,insulin (u-500) - single,24
Insulin Syringe U-100,insulin syringe u-100,21
Insulin Syringe U-500,insulin syringe u-500,21
Insulin TOUJEO,insulin toujeo,14
Insulin TUOJEO,insulin tuojeo,14
Insulin U-500 KwikPen,insulin u-500,13
Insulin degludec,insulin degludec,16
Insulin degludec (Tresiba),insulin degludec (tresiba),26
Insulin detemir,insulin detemir,15
Insulin detemir (Levimir),insulin detemir (levimir),25
Insulin detemir (levemir),insulin detemir (levemir),25
Insulin levemir,insulin levemir,15
Insulin levimir,insulin levimir,15
Insulin lispro,insulin lispro,14
Insulin novolog,insulin novolog,15
Insulin regular,insulin,7
Insulin-Levimir,insulin-levimir,15
Insulin-Symlin,insulin-symlin,14
Insulin-levimir,insulin-levimir,15
Insulin-symlin,insulin-symlin,14
Intal (cromolyn) MDI,intal (cromolyn) mdi,20
Integra,integra,7
Intelence,intelence,9
Intelence (etavirine,intelence (etavirine,20
Interferon Alfa 2A,interferon alfa 2a,18
Interferon Alfa-2B,interferon alfa-2b,18
Interferon Alfacon-1,interferon alfacon-1,20
Interferon Beta-1a,interferon beta-1a,18
Interferon Beta-1b,interferon beta-1b,18
Interleukin-2,interleukin-2,13
Interleukin-2  2.02million Units,interleukin-2 2.02million units,31
Intron A,intron a,8
Introvale,introvale,9
Inv-Dant,inv-dant,8
Invanz,invanz,6
Invega,invega,6
Invega Sustenna,invega sustenna,15
Invega Trinza,invega trinza,13
Invega(Paliperidone),invega(paliperidone),20
Invirase,invirase,8
Invokamet XR,invokamet xr,12
Invokana,invokana,8
Iodine Strong (Lugols),iodine strong (lugols),22
Iodosorb,iodosorb,8
Iohexol 240,iohexol 240,11
Iohexol 240 (Omnipaque 240),iohexol 240 (omnipaque 240),27
Ipilimumab,ipilimumab,10
Ipratropium,ipratropium,11
Ipratropium ,ipratropium,11
Ipratropium Br Nasal 0.06%,ipratropium br 0.06%,20
Ipratropium Bromide,ipratropium bromide,19
Ipratropium Bromide HFA,ipratropium bromide hfa,23
Ipratropium Bromide MDI,ipratropium bromide mdi,23
Ipratropium Bromide Neb,ipratropium bromide neb,23
Ipratropium Bromide Neb 1Neb,ipratropium bromide neb 1neb,28
Ipratropium bromide,ipratropium bromide,19
Ipratropium bromide Nasal Sol,ipratropium bromide,19
Ipratropium-Albuterol,ipratropium-albuterol,21
Ipratropium-Albuterol Inhal. Spray,ipratropium-albuterol .,23
Ipratropium-Albuterol Inhalation Spray,ipratropium-albuterol,21
Ipratropium-Albuterol N 1NEB NEB,ipratropium-albuterol n 1neb neb,32
Ipratropium-Albuterol Ne 3mL INH,ipratropium-albuterol ne 3ml,28
Ipratropium-Albuterol Neb,ipratropium-albuterol neb,25
Ipratropium-al,ipratropium-al,14
Iquix,iquix,5
Irbesartan,irbesartan,10
Irbesartan ,irbesartan,10
Iressa,iressa,6
Irinotecan Desensitization,irinotecan desensitization,26
Irinotecan HCl,irinotecan hcl,14
Iron (ferrous sulfate),iron (ferrous sulfate),22
Iron (slow Fe),iron (slow fe),14
Iron Chews,iron chews,10
Iron Dextran,iron dextran,12
Iron Dextran (Test Dose),iron dextran,12
Iron Plus Vitamin C,iron plus vitamin c,19
Iron Polysaccharides Complex,iron polysaccharides complex,28
Iron Sucrose,iron sucrose,12
Iron plus vitamin C,iron plus vitamin c,19
Iron-C,iron-c,6
Isavuconazonium Sulfate,isavuconazonium sulfate,23
Isentress,isentress,9
Isibloom,isibloom,8
Ismo,ismo,4
Iso,isosorbide,10
Isocarboxazid,isocarboxazid,13
Isoniazid,isoniazid,9
Isoniazid Solution USP,isoniazid usp,13
Isoproterenol,isoproterenol,13
Isordil,isordil,7
Isordil Titradose,isordil titradose,17
Isos,isosorbide,10
Isoso,isosorbide,10
Isosor,isosorbide,10
Isosorb,isosorbide,10
Isosorbi,isosorbide,10
Isosorbid,isosorbide,10
Isosorbide,isosorbide,10
Isosorbide ,isosorbide,10
Isosorbide Dini,isosorbide dinitrate,20
Isosorbide Dinitr,isosorbide dinitrate,20
Isosorbide Dinitra,isosorbide dinitrate,20
Isosorbide Dinitrat,isosorbide dinitrate,20
Isosorbide Dinitrate,isosorbide dinitrate,20
Isosorbide Dinitrate ER,isosorbide dinitrate er,23
Isosorbide Dinitrate SA,isosorbide dinitrate sa,23
Isosorbide M,isosorbide mononitrate,22
Isosorbide Mo,isosorbide mononitrate,22
Isosorbide Mon,isosorbide mononitrate,22
Isosorbide Mono,isosorbide mononitrate,22
Isosorbide Monon,isosorbide mononitrate,22
Isosorbide Mononi,isosorbide mononitrate,22
Isosorbide Mononit,isosorbide mononitrate,22
Isosorbide Mononitr,isosorbide mononitrate,22
Isosorbide Mononitra,isosorbide mononitrate,22
Isosorbide Mononitrat,isosorbide mononitrate,22
Isosorbide Mononitrate,isosorbide mononitrate,22
Isosorbide Mononitrate ,isosorbide mononitrate,22
Isosorbide Mononitrate (Extended Release),isosorbide mononitrate (extended release),41
Isosorbide din,isosorbide dinitrate,20
Isosorbide m,isosorbide mononitrate,22
Isosorbide mono,isosorbide mononitrate,22
Isradipine,isradipine,10
Isradipine ,isradipine,10
Istalol,istalol,7
Istalol 0.5%,istalol 0.5%,12
Itacitinib,itacitinib,10
Itraconazole,itraconazole,12
Itraconazole ,itraconazole,12
Itraconazole Solution,itraconazole,12
Ivermectin,ivermectin,10
Ivermectin 1 % topical cream,ivermectin 1% topical,21
Ivosidenib *NF*,ivosidenib,10
Ixabepilone,ixabepilone,11
Ixazomib,ixazomib,8
Ixazomib ,ixazomib,8
Ixazomib 4mg,ixazomib 4mg,12
JANUVIA,januvia,7
Jadenu,jadenu,6
Jadenu (Deferasixol),jadenu (deferasixol),20
Jadenu (deferasirox),jadenu (deferasirox),20
Jakafi,jakafi,6
Jakafi ,jakafi,6
Jakafi (Ruxolitinib),jakafi (ruxolitinib),20
Jakafi (ruxolinib),jakafi (ruxolinib),18
Jakafi (ruxolitinib),jakafi (ruxolitinib),20
Jakafi(Ruxolitinib),jakafi(ruxolitinib),19
Jakafi(Ruxolitinib) 10mg,jakafi(ruxolitinib) 10mg,24
Jalyn,jalyn,5
JanUMET,janumet,7
JanUVIA,januvia,7
Janssen/J&J Ad26 COVID-19 Vaccine,janssen/jelly&jelly ad26 covid-19 vaccine,41
Jantoven,jantoven,8
Janumet,janumet,7
Janumet  50mg/500mg,janumet 50mg/500mg,18
Janumet (Sitagliptin-Metformin),janumet (sitagliptin-metformin),31
Janumet (sitaliptin-metformin),janumet (sitaliptin-metformin),30
Janumet 50-500mg,janumet 50-500mg,16
Janumet XR,janumet xr,10
Janumet XR (sitagliptin/metformin),janumet xr (sitagliptin/metformin),34
Januvia,januvia,7
Januvia (Sitagliptin),januvia (sitagliptin),21
Januvia (sitaGLIPtin),januvia (sitagliptin),21
Januvia (sitagliptin),januvia (sitagliptin),21
Januvia 25mg,januvia 25mg,12
Jardiance,jardiance,9
Jardiance (Empaglifozin),jardiance (empaglifozin),24
Jardiance (empagliflozin),jardiance (empagliflozin),25
Jardiance 10mg,jardiance 10mg,14
Jardiance(empagliflozin),jardiance(empagliflozin),24
Jentadueto,jentadueto,10
Jinteli,jinteli,7
Jolessa,jolessa,7
Jolessa (levonorgestrel-ethinyl estradiol,jolessa (levonorgestrel-ethinyl estradiol,41
Jolessa 0.15-30,jolessa 0.15-30,15
Jolivette,jolivette,9
Juluca,juluca,6
Junel  Fe 1/20 ,junel fe 1/20,13
Junel 1.5/30,junel 1.5/30,12
Junel 1.5/30 (21),junel 1.5/30,12
Junel 1/20 (21),junel 1/20,10
Junel 1/20 (21) 1mg-20 mcg TAB,junel 1/20  1mg-20 mcg,22
Junel FE 1.5/30 (28),junel fe 1.5/30,15
Junel FE 1/20 (28),junel fe 1/20,13
Junel FE 1/20 (28) TAB,junel fe 1/20,13
Junel Fe 24,junel fe 24,11
K-DUR,k-dur,5
KaLETra,kaletra,7
Kalbitor,kalbitor,8
Kalbitor (ecallantide),kalbitor (ecallantide),22
Kaletra,kaletra,7
Kaopectate (BISMUTH subsalicy),kaopectate (bismuth subsalicy),30
Kaopectate (bismuth subsalicy),kaopectate (bismuth subsalicy),30
Kaopectate (docusate calcium),kaopectate (docusate calcium),29
Kapidex(dexlandoprazole),kapidex(dexlandoprazole),24
Kapidex(dexlansoprazole),kapidex(dexlansoprazole),24
Kariva,kariva,6
Kariva (28),kariva,6
Kariva(desogestrel/ Ethinyl estradiol),kariva(desogestrel/ethinyl estradiol),37
Katerzia,katerzia,8
Kay,kay,3
Kay Ciel,kay ciel,8
Kayexalate,kayexalate,10
Kcentra,kcentra,7
KePPRA,keppra,6
KePPRA XR,keppra xr,9
KePPRA XR (levetiracetam XR),keppra xr (levetiracetam xr),28
KePPRA XR (levetiracetam XR) 500mg TAB,keppra xr (levetiracetam xr) 500mg,34
Keflex,keflex,6
Kelnor 1-50 (28),kelnor 1-50,11
Kelnor 1/35 (28),kelnor 1/35,11
Keppra,keppra,6
Keppra ,keppra,6
Keppra *** Brand Name Only***,keppra,6
Keppra *Brand Name*,keppra,6
Keppra 500 mg Tab,keppra 500mg,12
Keppra 750mg,keppra 750mg,12
Keppra BRAND NAME,keppra,6
Keppra XR,keppra xr,9
Keppra XR ,keppra xr,9
Keppra XR 500mg TAB,keppra xr 500mg,15
Keppra XR 750mg,keppra xr 750mg,15
Kerendia,kerendia,8
Ket,ketamine,8
Ketam,ketamine,8
Ketamin,ketamine,8
Ketamine,ketamine,8
Ketamine ,ketamine,8
Ketamine (Bag),ketamine,8
Ketamine (For Intubation),ketamine (intubation),21
Ketamine 200mg/20mL 20mL Vial,ketamine 200mg/20ml 20ml,24
Ketamine Drug,ketamine,8
Ketamine Oral Solution,ketamine,8
Ketamine/Gabapentin/Amitriptyline,ketamine/gabapentin/amitriptyline,33
Ketmaine,ketmaine,8
Ketoconazole,ketoconazole,12
Ketoconazole ,ketoconazole,12
Ketoconazole 2% ,ketoconazole 2%,15
Ketoconazole Shampoo,ketoconazole shampoo,20
Ketorola,ketorolac,9
Ketorolac,ketorolac,9
Ketorolac 0.4% OphTHalmic,ketorolac 0.4% ophthalmic,25
Ketorolac 0.5% Ophth Soln,ketorolac 0.5%,14
Ketorolac 0.5% Opth Solution,ketorolac 0.5%,14
Ketorolac 30mg/1mL 1mL VIAL,ketorolac 30mg/1ml 1ml,22
Ketorolac TroMETHamine,ketorolac tromethamine,22
Ketorolac Tromethamine,ketorolac tromethamine,22
Ketotifen Fumarate (Bulk),ketotifen fumarate,18
Ketotifen fumarate,ketotifen fumarate,18
Kineret,kineret,7
Kionex,kionex,6
KlonoPIN,klonopin,8
Klonopin,klonopin,8
Klor-Con,klor-con,8
Klor-Con 10,klor-con 10,11
Klor-Con 8,klor-con 8,10
Klor-Con M10,klor-con m10,12
Klor-Con M20,klor-con m20,12
Kogenate FS,kogenate fs,11
Konsyl,konsyl,6
Kytril,kytril,6
L carnitine,l carnitine,11
L carnitine infusion,l carnitine infusion,20
L norgest&E estradiol-E estrad,l norgest&e estradiol-e estrad,30
L-Arginine(alpha-ketoglutarat),l-arginine(alpha-ketoglutarat),30
L-Carinitine Information,l-carinitine information,24
L-Carnitine,l-carnitine,11
L-Carnitine ,l-carnitine,11
L-Carnitine Bolus,l-carnitine bolus,17
L-Carnitine Infusion,l-carnitine infusion,20
L-Carnitine bolus,l-carnitine bolus,17
L-Carnitine bolus ,l-carnitine bolus,17
L-Carnitine infusion,l-carnitine infusion,20
L-Citrulline,l-citrulline,12
L-Lysine,l-lysine,8
L-Methylfolate,l-methylfolate,14
L-Threonine,l-threonine,11
L-carnintin bolus ,l-carnintin bolus,17
L-carnitine,l-carnitine,11
L-carnitine  bolus ,l-carnitine bolus,17
L-carnitine Bolus,l-carnitine bolus,17
L-carnitine bolus,l-carnitine bolus,17
L-carnitine drug infusion,l-carnitine infusion,20
L-carnitine infusion,l-carnitine infusion,20
L. acidophilus-L. rhamnosus,l. acidophilus-l. rhamnosus,27
LACOSamide,lacosamide,10
LACOSamide - STAT Dose,lacosamide - stat,17
LACOSamide Oral Solution,lacosamide,10
LACOsamide 200mg/100mL 100mL Bag,lacosamide 200mg/100ml 100ml,28
LCP tacrolimus,lcp tacrolimus,14
LENALIDOMIDE,lenalidomide,12
LEVE100I,leve100i,8
LEVEMIR FLEXTOUCH U-100 INSULIN,levemir flextouch u-100 insulin,31
LOPERamide,loperamide,10
LOPERamide Suspension,loperamide,10
LORAEPAM,loraepam,8
LORAZEPAM,lorazepam,9
LORa,lorazepam,9
LORazepam,lorazepam,9
LORazepam 2mg/1mL 1mL SYR,lorazepam 2mg/1ml 1ml,21
LORazepam Oral Solution,lorazepam,9
LR w/ MVI,lr w/mvi,8
LTI-01 Syringe 6ml,lti-01 syringe 6ml,18
LUMIGAN (bimatoprost),lumigan (bimatoprost),21
LaM,lamictal,8
LaMI,lamictal,8
LaMICtaL,lamictal,8
LaMICtaL XR,lamictal xr,11
LaMICtal,lamictal,8
LaMICtal (Brand Name),lamictal,8
LaMICtal (lamotrigine),lamictal (lamotrigine),22
LaMICtal 100MG TAB,lamictal 100mg,14
LaMICtal ER,lamictal er,11
LaMICtal ODT,lamictal odt,12
LaMICtal XR,lamictal xr,11
LaMICtal XR (Lamotrigine),lamictal xr (lamotrigine),25
LaMICtal XR (lamotrigine),lamictal xr (lamotrigine),25
LaMICtal XR 200mg TAB,lamictal xr 200mg,17
LaMIV,lamivudine,10
LaMIVud,lamivudine,10
LaMIVudine,lamivudine,10
LaMIVudine Oral Soln.,lamivudine .,12
LaMIVudine-Zidovudine (Combivir),lamivudine-zidovudine (combivir),32
LaMOT,lamotrigine,11
LaMOTrigine,lamotrigine,11
LaMOTrigine (Lamictal Brand) *NF*,lamotrigine (lamictal),22
LaMOTrigine ER,lamotrigine er,14
LaMOTrigine Patch for Allergy Testing,lamotrigine patch allergy testing,33
LaMOTrigine XR,lamotrigine xr,14
LaMOTrigine XR (Lamictal Brand) *NF*,lamotrigine xr (lamictal),25
LaSIX,lasix,5
Labe,labetalol,9
Labet,labetalol,9
Labetalol,labetalol,9
Labetalol 100mg/20mL 20mL VIAL,labetalol 100mg/20ml 20ml,25
Lac-Hyd,lac-hydrocodone,15
Lac-Hydrin,lac-hydrin,10
Lac-Hydrin ,lac-hydrin,10
Lac-Hydrin Five,lac-hydrin five,15
Lacosamide,lacosamide,10
Lacosamide / fosphenytoin,lacosamide/fosphenytoin,23
Lacosamide/fosphenytoin,lacosamide/fosphenytoin,23
Lactaid,lactaid,7
Lactaid (lactase),lactaid (lactase),17
"Lactaid 9,000 unit tab",lactaid 9000 unit,17
Lactaid Fast Act,lactaid fast act,16
Lactaid Fast Act 9000 unit Tab,lactaid fast act 9000 unit,26
Lactase,lactase,7
Lactase Enzyme,lactase enzyme,14
Lactase Enzyme ,lactase enzyme,14
Lactase Fast Acting,lactase fast acting,19
Lactic Acid 12% Lotion,lactic acid 12% lotion,22
Lactinex,lactinex,8
Lactobac #2-Bifido #1-S. therm,lactobac #2-bifido #1-sodium. therm,35
Lactobacillus Acidophilus,lactobacillus acidophilus,25
Lactobacillus Acidophilus-Pectin,lactobacillus acidophilus-pectin,32
Lactobacillus Rhamnosus (GG),lactobacillus rhamnosus (gg),28
Lactobacillus acidoph & bifid,lactobacillus acidoph & bifid,29
Lactobacillus acidophilus,lactobacillus acidophilus,25
Lactose Fast Acting Relief,lactose fast acting,19
Lactulose,lactulose,9
Lactulose Enema,lactulose enema,15
LamiVUDine,lamivudine,10
LamiVUDine Oral Soln.,lamivudine .,12
Lamictal,lamictal,8
Lamictal XR,lamictal xr,11
Lamictal XR 200mg TAB,lamictal xr 200mg,17
Lamictal XR 300mg Tab,lamictal xr 300mg,17
Laminaria 6 mm - Extra Large,laminaria 6 mm - extra large,28
Lamivudine,lamivudine,10
Lamivudine-Zidovudine,lamivudine-zidovudine,21
Lamo,lamotrigine,11
LamoTR,lamotrigine,11
LamoTRIg,lamotrigine,11
LamoTRIgine,lamotrigine,11
LamoTRIgine (Lamictal Brand) *NF*,lamotrigine (lamictal),22
LamoTRIgine Rectal Susp,lamotrigine,11
LamoTRIgine XR,lamotrigine xr,14
LamoTRIgine XR (Lamictal Brand) *NF*,lamotrigine xr (lamictal),25
Lamot,lamotrigine,11
Lamotrig,lamotrigine,11
Lamotrigine,lamotrigine,11
LanTUS,lantus,6
Lanacane Anti-Itch,lanacane anti-itch,18
Lanso,lansoprazole,12
Lansoprazole,lansoprazole,12
Lansoprazole ,lansoprazole,12
Lansoprazole DR,lansoprazole dr,15
Lansoprazole Oral Disintegrating Tab,lansoprazole disintegrating,27
Lansoprazole Oral Disintegrating Tab *NF*,lansoprazole disintegrating,27
Lanthanum,lanthanum,9
Lantus,lantus,6
Lantus Solo Star Pen,lantus solo star pen,20
Lantus Solostar,lantus solostar,15
Lantus Solostar U-100 Insulin,lantus solostar u-100 insulin,29
Lantus U-100 Insulin,lantus u-100 insulin,20
Lapatinib,lapatinib,9
Lapatinib RESEARCH supply,lapatinib research supply,25
Larin 1.5/30 (21),larin 1.5/30,12
Larin 24 Fe,larin 24 fe,11
Larin Fe,larin fe,8
Larin Fe 1.5/30 (28),larin fe 1.5/30,15
Larissia,larissia,8
Larotectinib,larotectinib,12
Larotectinib ,larotectinib,12
Larotrectinib,larotrectinib,13
Lasix,lasix,5
Lastacaft,lastacaft,9
Latanoprost,latanoprost,11
Latanoprost 0.005% Ophth. Soln.,latanoprost 0.005% . .,22
Latanoprostene (Vyzulta),latanoprostene (vyzulta),24
Latanoprostene bunod (Vyzulta),latanoprostene bunod (vyzulta),30
Latuda,latuda,6
Latuda (Lurasidone),latuda (lurasidone),19
Latuda (lurasidone),latuda (lurasidone),19
LeVET,levetiracetam,13
LeVETir,levetiracetam,13
LeVETiracetam,levetiracetam,13
LeVETiracetam ER,levetiracetam er,16
LeVETiracetam Oral Solution,levetiracetam,13
LeVETiracetam Solution,levetiracetam,13
Ledipasvir,ledipasvir,10
Ledipasvir 90mg- sofosbuvir 400mg,ledipasvir 90mg- sofosbuvir 400mg,33
Ledipasvir/Sofosbuvir,ledipasvir/sofosbuvir,21
Ledipasvir/Sofosbuvir *NF*,ledipasvir/sofosbuvir,21
Leflunomide,leflunomide,11
Legalon 140 mg,legalon 140mg,13
Lena25inv,lena25inv,9
Lenalidomide,lenalidomide,12
Lenalidomide (Revlimide)15mg ,lenalidomide (revlimide)15mg,28
Lenalidomide (revlimid),lenalidomide (revlimid),23
Lenalidomide Capsules,lenalidomide,12
Lenalodomide,lenalodomide,12
Lenvima,lenvima,7
Lenvima (lenvatinib),lenvima (lenvatinib),20
Lepirudin,lepirudin,9
Leronlimab,leronlimab,10
Leronlimab ,leronlimab,10
Leronlimab 700/0 MG,leronlimab 700/0mg,18
Lescol,lescol,6
Lescol XL,lescol xl,9
Lescol XL (fluvastatin XL),lescol xl (fluvastatin xl),26
Lessina (levonorgestrel-ethinyl estradiol),lessina (levonorgestrel-ethinyl estradiol),42
Letairis,letairis,8
Letairis (Ambrisentan),letairis (ambrisentan),22
Letairis (ambrisentan),letairis (ambrisentan),22
Letairis 10mg,letairis 10mg,13
Letairis 5mg,letairis 5mg,12
Letermovir,letermovir,10
Letermovir (Letermovir),letermovir (letermovir),23
Letrozole,letrozole,9
Leucovorin,leucovorin,10
Leucovorin ,leucovorin,10
Leucovorin Calcium,leucovorin calcium,18
Leucovorin Calcium (Chemo),leucovorin calcium (chemo),26
Leukeran,leukeran,8
Leupr,leuprolide,10
Leuprolide,leuprolide,10
Leuprolide ,leuprolide,10
Leuprolide (3 Month),leuprolide (3 month),20
Leuprolide Acetate,leuprolide acetate,18
Leuprolide Acetate (Eligard),leuprolide acetate (eligard),28
LevETIR,levetiracetam,13
LevETIRAce,levetiracetam,13
LevETIRAcetam,levetiracetam,13
LevETIRAcetam - STAT Dose,levetiracetam - stat,20
LevETIRAcetam Oral Solution,levetiracetam,13
LevOCARNitine,levocarnitine,13
LevSIN,levsin,6
LevSIN/SL,levsin/sl,9
Levalbuterol,levalbuterol,12
Levalbuterol HCl,levalbuterol hcl,16
Levalbuterol HCl (Bulk),levalbuterol hcl,16
Levalbuterol Neb,levalbuterol neb,16
Levalbuterol Tartrate,levalbuterol tartrate,21
Levalbuterol Tartrate HFA,levalbuterol tartrate hfa,25
Levalbuterol inhaler,levalbuterol,12
Levalbuterol tartrate,levalbuterol tartrate,21
Levatol,levatol,7
Levbid,levbid,6
Levemir,levemir,7
Levemir ,levemir,7
Levemir (Insulin Detemir),levemir (insulin detemir),25
Levemir 100 unit/ml,levemir 100 unit/ml,19
Levemir 100 units/ml,levemir 100 units/ml,20
Levemir 100 units/ml (Detemir),levemir 100 units/ml (detemir),30
Levemir Flex Pen,levemir flex pen,16
Levemir FlexTouch,levemir flextouch,17
Levemir FlexTouch U-100 Insuln,levemir flextouch u-100 insuln,30
Levemir FlexTouch U-100 pen ,levemir flextouch u-100 pen,27
Levemir Flexpen,levemir flexpen,15
Levemir Flexpen 100 unit/ml,levemir flexpen 100 unit/ml,27
Levemir Flexpen 100 units/mL,levemir flexpen 100 units/ml,28
Levemir Flexpen 100 units/ml,levemir flexpen 100 units/ml,28
"Levemir Flexpen,3ml pen, 100u/ml",levemir flexpen3ml pen 100u/ml,30
Levemir Insulin,levemir insulin,15
Levemir Insulin ,levemir insulin,15
Levemir Insulin 100 units/ml,levemir insulin 100 units/ml,28
Levemir U-100 Insulin,levemir u-100 insulin,21
Levemir flex pen,levemir flex pen,16
Levemir insulin,levemir insulin,15
Levetiracetam,levetiracetam,13
Levetiracetam  **Brand Name**,levetiracetam,13
Levetiracetam **Brand Name**,levetiracetam,13
Levetiracetam Patch for Allergy Testing,levetiracetam patch allergy testing,35
Levetiracetam XR,levetiracetam xr,16
LevoCARNitine,levocarnitine,13
LevoFLOXacin,levofloxacin,12
Levobunolol,levobunolol,11
Levobunolol 0.25%,levobunolol 0.25%,17
Levobunolol 0.5%,levobunolol 0.5%,16
Levocarnitine,levocarnitine,13
Levodopa-Benserazide (50 mg/12.5 mg),levodopa-benserazide (50mg/12.5mg),34
Levodopa-benserazide,levodopa-benserazide,20
Levodopa-benserazide 100/25,levodopa-benserazide 100/25,27
Levodopa-benserazide 50/12.5,levodopa-benserazide 50/12.5,28
Levofl,levofloxacin,12
Levofloxacin,levofloxacin,12
Levoleucovorin,levoleucovorin,14
Levonest (28),levonest,8
Levonorg-Eth Estrad Triphasic,levonorg-eth estrad triphasic,29
Levonorgestrel,levonorgestrel,14
Levonorgestrel 0.1mg/Ethinyl Estratiol 0.02mg,levonorgestrel 0.1mg/ethinyl estratiol 0.02mg,45
Levonorgestrel-Ethinyl Estrad,levonorgestrel-ethinyl estrad,29
Levonorgestrel-Ethinyl estradiol,levonorgestrel-ethinyl estradiol,32
Levonorgestrel/ethinyl estradiol,levonorgestrel/ethinyl estradiol,32
Levora 0.15/30 (28),levora 0.15/30,14
Levora-28,levora-,7
Levoth,levothyroxine,13
Levothroid,levothroid,10
Levothy,levothyroxine,13
Levothyr,levothyroxine,13
Levothyro,levothyroxine,13
Levothyrox,levothyroxine,13
Levothyroxine,levothyroxine,13
Levothyroxine (BRAND NAME),levothyroxine,13
Levothyroxine Sodium,levothyroxine sodium,20
Levothyroxine Sodium (Synthroid),levothyroxine sodium (synthroid),32
Levothyroxine Sodium 112 mcg,levothyroxine sodium 112 mcg,28
Levothyroxine Sodium 112mcg ,levothyroxine sodium 112mcg,27
LevoxyL,levoxyl,7
LevoxyL (levothyroxine) 75 mcg,levoxyl (levothyroxine) 75 mcg,30
LevoxyL 100 mcg TAB,levoxyl 100 mcg,15
LevoxyL 100 mcg Tabs,levoxyl 100 mcg,15
Levoxyl,levoxyl,7
Levoxyl ,levoxyl,7
Levoxyl (Levothyroxine),levoxyl (levothyroxine),23
Levoxyl (levothyroxine),levoxyl (levothyroxine),23
Levoxyl 75mcg,levoxyl 75mcg,13
Levsin,levsin,6
Lexapro,lexapro,7
Lexiva,lexiva,6
Lialda,lialda,6
Lialda (Mesalamine DR),lialda (mesalamine dr),22
Lialda (Mesalamine DR) Tab,lialda (mesalamine dr),22
Lialda (Mesalamine),lialda (mesalamine),19
Lialda (mesalamine),lialda (mesalamine),19
Lialda 1.2 g,lialda 1.2 g,12
Lialda 1.2 gm  (mesalamine),lialda 1.2 gm (mesalamine),26
Lialda DR ,lialda dr,9
Librax (with Clidinium),librax (with clidinium),23
Librax (with clidinium),librax (with clidinium),23
Lidex,lidex,5
Lidoc,lidocaine,9
Lidoca,lidocaine,9
Lidocai,lidocaine,9
Lidocain,lidocaine,9
Lidocaine,lidocaine,9
Lidocaine ,lidocaine,9
Lidocaine (Bristojet),lidocaine (bristojet),21
Lidocaine (Bulk),lidocaine,9
Lidocaine 0.,lidocaine 0.,12
Lidocaine 0.5,lidocaine 0.5,13
Lidocaine 0.5%,lidocaine 0.5%,14
Lidocaine 0.5% Mpf,lidocaine 0.5% mpf,18
Lidocaine 0.5%/Ep,lidocaine 0.5%/epinephrine,26
Lidocaine 0.5%/Epinephrine,lidocaine 0.5%/epinephrine,26
Lidocaine 1,lidocaine 1,11
Lidocaine 1%,lidocaine 1%,12
Lidocaine 1% ,lidocaine 1%,12
Lidocaine 1% (For PICC/Midline Insertions),lidocaine 1% (picc/midline insertions),38
Lidocaine 1% 20mL VIAL,lidocaine 1% 20ml,17
Lidocaine 1% P,lidocaine 1% p,14
Lidocaine 1% P.F.,lidocaine 1% p.f.,17
Lidocaine 1% P.F. 2mL AMP,lidocaine 1% p.f. 2ml amp,25
Lidocaine 1% P.f.,lidocaine 1% p.f.,17
Lidocaine 1% PF,lidocaine 1% pf,15
Lidocaine 1%/,lidocaine 1%/,13
Lidocaine 1%/Epi 1:1000 in LR,lidocaine 1%/epinephrine 1:1000 in lr,37
"Lidocaine 1%/Epi 1::100,000",lidocaine 1%/epinephrine 1::100000,34
Lidocaine 1%/Epinephrine,lidocaine 1%/epinephrine,24
Lidocaine 1%/Epinephrine ,lidocaine 1%/epinephrine,24
"Lidocaine 1%/Epinephrine 1:100,000",lidocaine 1%/epinephrine 1:100000,33
Lidocaine 1%/Epinephrine 1:100000,lidocaine 1%/epinephrine 1:100000,33
"Lidocaine 1%/Epinephrine 1:200,000",lidocaine 1%/epinephrine 1:200000,33
Lidocaine 1%/Epinephrine 1:200000,lidocaine 1%/epinephrine 1:200000,33
Lidocaine 1.5%/Epinephrine P.F.,lidocaine 1.5%/epinephrine p.f.,31
Lidocaine 2,lidocaine 2,11
Lidocaine 2%,lidocaine 2%,12
Lidocaine 2% ,lidocaine 2%,12
Lidocaine 2% 20mL VIAL,lidocaine 2% 20ml,17
Lidocaine 2% Oint,lidocaine 2%,12
Lidocaine 2% P.F.,lidocaine 2% p.f.,17
Lidocaine 2% P.f.,lidocaine 2% p.f.,17
"Lidocaine 2%/Epi 1:100,000",lidocaine 2%/epinephrine 1:100000,33
Lidocaine 2%/Epinephrine,lidocaine 2%/epinephrine,24
Lidocaine 2%/Epinephrine P.F.,lidocaine 2%/epinephrine p.f.,29
Lidocaine 4%,lidocaine 4%,12
Lidocaine 4% MPF,lidocaine 4% mpf,16
Lidocaine 4% w/ Amitriptyline 2% Paste,lidocaine 4% w/amitriptyline 2% paste,37
Lidocaine 5% /diltiazem oint,lidocaine 5%/diltiazem,22
Lidocaine 5% Ointment,lidocaine 5%,12
Lidocaine 5% Patch,lidocaine 5% patch,18
Lidocaine HCl,lidocaine hcl,13
Lidocaine J,lidocaine jelly,15
Lidocaine Jel,lidocaine jelly,15
Lidocaine Jell,lidocaine jelly,15
Lidocaine Jelly,lidocaine jelly,15
Lidocaine Jelly ,lidocaine jelly,15
Lidocaine Jelly 2%,lidocaine jelly 2%,18
Lidocaine Jelly 2% (Glyd 6mL SYR,lidocaine jelly 2% (glyd 6ml,28
Lidocaine Jelly 2% (Glydo),lidocaine jelly 2% (glydo),26
Lidocaine Jelly 2% (Urojet),lidocaine jelly 2% (urojet),27
Lidocaine Plus,lidocaine plus,14
Lidocaine Topical,lidocaine topical,17
Lidocaine Viscous,lidocaine viscous,17
Lidocaine Viscous 2%,lidocaine viscous 2%,20
Lidocaine jell,lidocaine jelly,15
Lidocaine jelly 2%,lidocaine jelly 2%,18
Lidocaine t,lidocaine t,11
Lidocaine-Hydrocortisone Ac,lidocaine-hydrocortisone ac,27
Lidocaine-Prilocaine,lidocaine-prilocaine,20
Lidoderm,lidoderm,8
Lillow,lillow,6
Limbitrol,limbitrol,9
Linaclotide (Linzess),linaclotide (linzess),21
Linaclotide 145mcg,linaclotide 145mcg,18
Lindane Lotion,lindane lotion,14
Lindane Shampoo,lindane shampoo,15
Linezolid,linezolid,9
Linezolid Desensitization,linezolid desensitization,25
Linezolid Suspension,linezolid,9
Linezolid-Heparin Lock,linezolid-heparin lock,22
Linzess,linzess,7
Linzess (Linaclotide),linzess (linaclotide),21
Linzess (linaCLOtide) ,linzess (linaclotide),21
Linzess (linaCLOtide) 145 mcg,linzess (linaclotide) 145 mcg,29
Linzess (linaclotide),linzess (linaclotide),21
Linzess (linaclotide) 145 mcg,linzess (linaclotide) 145 mcg,29
Linzess 145 mcg,linzess 145 mcg,15
Linzess 145mcg,linzess 145mcg,14
Linzess 290 mcg capsule,linzess 290 mcg,15
Linzess 72 mcg capsule,linzess 72 mcg,14
Linzess 72mcg,linzess 72mcg,13
Linzessc145mcg,linzessc145mcg,14
Lioresal,lioresal,8
Liothyronine,liothyronine,12
Liothyronine Sodium,liothyronine sodium,19
Liothyronine/Levothyroxine,liothyronine/levothyroxine,26
Lipiodol,lipiodol,8
Lipitor,lipitor,7
Lipoic Acid,lipoic acid,11
Liposomal Cytarabine (Depocyt),liposomal cytarabine (depocyt),30
Liposomal DAUNOrubicin-Cytarabine (Vyxeos),liposomal daunorubicin-cytarabine (vyxeos),42
Liposomal DOXOrubicin (Doxil),liposomal doxorubicin (doxil),29
Liposomal DOXOrubicin Desensitization,liposomal doxorubicin desensitization,37
Liposomal Irinotecan (Onivyde),liposomal irinotecan (onivyde),30
Liposomal Irinotecan (Onivyde) Desensitization,liposomal irinotecan (onivyde) desensitization,46
Liposomal VinCRIStine ,liposomal vincristine,21
Liposomal Vitamin D,liposomal vitamin d,19
Lipram-UL20,lipram-ul20,11
Liquitears,liquitears,10
Lisdexamfetamine (Vyvanse),lisdexamfetamine (vyvanse),26
Lisinopril,lisinopril,10
Lisocabtagene Maraleucel,lisocabtagene maraleucel,24
Lithi,lithium,7
Lithiu,lithium,7
Lithium,lithium,7
Lithium ,lithium,7
Lithium Ca,lithium carbonate,17
Lithium Car,lithium carbonate,17
Lithium Carbo,lithium carbonate,17
Lithium Carbon,lithium carbonate,17
Lithium Carbona,lithium carbonate,17
Lithium Carbonat,lithium carbonate,17
Lithium Carbonate,lithium carbonate,17
Lithium Carbonate ,lithium carbonate,17
Lithium Carbonate (Oral Soln),lithium carbonate,17
Lithium Carbonate CR (Eskalith),lithium carbonate cr (eskalith),31
Lithium Carbonate SR (Lithobid),lithium carbonate sr (lithobid),31
Lithium Citrate (Syrup),lithium citrate,15
Lithium Oral Solution,lithium,7
Lithobid,lithobid,8
Livalo,livalo,6
Livalo (pitavastatin calcium),livalo (pitavastatin calcium),29
Lo Loestrin Fe,lo loestrin fe,14
Lo Loestrin Fe (1mg-10mcg),lo loestrin fe (1mg-10mcg),26
Lo-Ovral (28),lo-ovral,8
LoSeasonique,loseasonique,12
Lodine,lodine,6
Lodosyn,lodosyn,7
Loestrin 1.5/30 (21),loestrin 1.5/30,15
Loestrin 1/20 (21),loestrin 1/20,13
Loestrin 24 Fe,loestrin 24 fe,14
Loestrin Fe 1.5/30 (28),loestrin fe 1.5/30,18
Loestrin Fe 1/10 (28),loestrin fe 1/10,16
Loestrin Fe 1/20 (28),loestrin fe 1/20,16
Lofibra,lofibra,7
Lokelma,lokelma,7
Lokelma (sodium zirconium cyclosilicate),lokelma (sodium zirconium cyclosilicate),40
Lomedia 24 Fe,lomedia 24 fe,13
Lomotil,lomotil,7
Loper,loperamide,10
Loperamide,loperamide,10
Loperamide-Simethicone,loperamide-simethicone,22
Lopinavir-Ritonavir,lopinavir-ritonavir,19
Lopinavir-Ritonavir (Oral Soln),lopinavir-ritonavir,19
Loratadine,loratadine,10
Loratadine Reditab,loratadine reditab,18
Loraz,lorazepam,9
Loraze,lorazepam,9
Lorazepam,lorazepam,9
Lorazepam 2 mg syringe,lorazepam 2mg syringe,21
Lorazepam 2 mg syringe ,lorazepam 2mg syringe,21
Lorazepam 2mg Syringe,lorazepam 2mg syringe,21
Lorazepam 2mg syringa,lorazepam 2mg syringa,21
Lorazepam 2mg syringe,lorazepam 2mg syringe,21
Lorazepam 2mg syringe ,lorazepam 2mg syringe,21
Lorazepam Topical (C-AH),lorazepam topical (c-ah),24
Loryna (28),loryna,6
Loryna (28) (drospirenone/ethinyl estradiol,loryna  (drospirenone/ethinyl estradiol,39
Losartan,losartan,8
Losartan Potassium,losartan potassium,18
Lotemax,lotemax,7
Lotemax  opth soln,lotemax,7
Lotemax (Loteprednol Etabonate),lotemax (loteprednol etabonate),31
Lotemax (loteprednol etabonate),lotemax (loteprednol etabonate),31
"Lotemax 0.5 % eye drops,suspension",lotemax 0.5%,12
Lotemax 0.5%,lotemax 0.5%,12
Lotemax 0.5% ophtalmic ointment,lotemax 0.5% ophtalmic,22
Lotemax opth ,lotemax,7
Lotemax(loteprednol etabonate ,lotemax(loteprednol etabonate,29
Lotensin,lotensin,8
Lotensin (benazepril),lotensin (benazepril),21
Loteprednol Etabonate,loteprednol etabonate,21
Loteprednol etabonate,loteprednol etabonate,21
Lotrel,lotrel,6
Lotrimin,lotrimin,8
Lotrimin AF (clotrimazole),lotrimin af (clotrimazole),26
Lotronex,lotronex,8
Lovastatin,lovastatin,10
Lovaza,lovaza,6
Lovaza 1gm,lovaza 1gm,10
Lovenox,lovenox,7
Lox,lox,3
Loxapine Succinate,loxapine succinate,18
LoxiTANE,loxitane,8
Loxitane,loxitane,8
Loxo-101,loxo-101,8
Lubiprostone,lubiprostone,12
Lubiprostone Amitiza),lubiprostone amitiza),21
Lubricant Eye,lubricant,9
Lubricant Eye Drops,lubricant,9
Lubrifresh Pm,lubrifresh pm,13
Lumigan,lumigan,7
Lumigan ,lumigan,7
Lumigan (0.01%) Bimatoprost,lumigan (0.01%) bimatoprost,27
Lumigan (BIMATOPROST),lumigan (bimatoprost),21
Lumigan (Bimatoprost),lumigan (bimatoprost),21
Lumigan (bimatoprost),lumigan (bimatoprost),21
Lumigan (bimatoprost) 0.01%,lumigan (bimatoprost) 0.01%,27
Lumigan 0.01%,lumigan 0.01%,13
Lumigan 0.01% OPHTH Solution ,lumigan 0.01%,13
Lumigan 0.01% Ophth  (*NF*),lumigan 0.01%,13
Lumigan 0.01% Ophth drops,lumigan 0.01%,13
Lumigan 0.01% eye drops,lumigan 0.01%,13
Lumigan 0.01% opth sol,lumigan 0.01%,13
Lumigan 0.03% Ophth  (*NF*),lumigan 0.03%,13
Lumigan(bimatoprost),lumigan(bimatoprost),20
Lunesta,lunesta,7
Lunesta (Eszopiclone),lunesta (eszopiclone),21
Lunesta (eszopiclone),lunesta (eszopiclone),21
Lunesta(eszopiclone),lunesta(eszopiclone),20
Lupron Depot,lupron depot,12
Luras,lurasidone,10
Lurasidone,lurasidone,10
Lurasidone (Latuda),lurasidone (latuda),19
Lurasidone *NF*,lurasidone,10
Lurbinectedin,lurbinectedin,13
Lutein,lutein,6
Lutera (28),lutera,6
Lutera (28) 0.1mg -20mcg,lutera  0.1mg -20mcg,20
Luvox CR,luvox cr,8
Lybrel,lybrel,6
Lypo-Spheric Vitamin C,lypo-spheric vitamin c,22
Lypo-Spheric Vitamin C   ,lypo-spheric vitamin c,22
Lyrica,lyrica,6
Lyrica (brand),lyrica,6
Lysine,lysine,6
M-Acetylcysteine (NAC),mononitrate-acetylcysteine (nac),32
M-Vit (Doctor's Choice Eye Formula),mononitrate-vit (doctor'sodium choice formula),46
MAXIMUM D3,maximum d3,10
MBL HCV1,mbl hcv1,8
MBL- HCV1,mbl- hcv1,9
MBL-HCV 1,mbl-hcv 1,9
MBL-HCV1,mbl-hcv1,8
MEDROL,medrol,6
MEMAntine,memantine,9
MENINGO,meningo,7
MENINGOcoccal Conj Vaccine (Menactra),meningococcal conj vaccine (menactra),37
"MENINGOcoccal Conj Vaccine (Menactra,Menveo)",meningococcal conj vaccine (menactramenveo),43
MENINGOcoccal Conj Vaccine (Menomune),meningococcal conj vaccine (menomune),37
MENINGOcoccal Poly Vaccine (Menomune),meningococcal poly vaccine (menomune),37
MEROPENEM,meropenem,9
METRONIDAZOLE,metronidazole,13
MIDRIN,midrin,6
MOD-HYDROmorphone,mod-hydromorphone,17
MOD-Oxycodone,mod-oxycodone,13
MP0420 in 50ml 0.9% NaCl,mp0420 in 50ml 0.9% nacl,24
MS Contin,ms contin,9
MVI,mvi,3
Maalox,maalox,6
Maalox Advanced,maalox advanced,15
Maalox Max Quick Dissolve,maalox max quick dissolve,25
Maalox/,maalox/,7
Maalox/Diphenhydramine/Lidocaine,maalox/diphenhydramine/lidocaine,32
Maalox/Lidocaine,maalox/lidocaine,16
Macitentan (Opsumit),macitentan (opsumit),20
Macitentan 10mg tablet (Opsumit),macitentan 10mg (opsumit),25
Macrodantin,macrodantin,11
Madopar,madopar,7
Madopar  (bulk):levodopa/benserazide,madopar :levodopa/benserazide,29
Madopar (bulk):levodopa/benserazide    ,madopar :levodopa/benserazide,29
Madopar (levodopa+benserazide),madopar (levodopa+benserazide),30
Madopar(levodopa/ benserazide),madopar(levodopa/benserazide),29
Mag-Al Plus,mag-al plus,11
Mag-G,mag-g,5
MagOx,magox,5
Magnesium,magnesium,9
Magnesium ,magnesium,9
Magnesium (oxide/AA chelate),magnesium (oxide/aa chelate),28
Magnesium Citrate,magnesium citrate,17
Magnesium Oxide,magnesium oxide,15
Magnesium Sulf 2gm/50mL 50mL BAG,magnesium sulfate 2gm/50ml 50ml,31
Magnesium Sulfate,magnesium sulfate,17
Magnesium Sulfate (L&D),magnesium sulfate (l&d),23
Magnesium Sulfate (OB),magnesium sulfate (ob),22
Magnesium Sulfate (Theraworx),magnesium sulfate (theraworx),29
Magnesium Sulfate 50 % Topical Soln,magnesium sulfate 50% topical,29
Magnesium Sulfate Replacement (Critical Care and Oncology),magnesium sulfate replacement (critical care and oncology),58
Magnesium Sulfate Replacement (Oncology),magnesium sulfate replacement (oncology),40
Magnesium Tab SR,magnesium sr,12
Magnesium Taurate,magnesium taurate,17
Magonate,magonate,8
Magtab,magtab,6
Makena,makena,6
Malarone,malarone,8
Mannitol,mannitol,8
Mannitol 20 100g/500mL 500mL BAG,mannitol 20 100g/500ml 500ml,28
Mannitol 20%,mannitol 20%,12
Maraviroc,maraviroc,9
Marcaine,marcaine,8
Maribavir,maribavir,9
Maribavir 100mg,maribavir 100mg,15
Marijuana Lollipop (loz),marijuana lollipop (loz),24
Marinol,marinol,7
Marplan,marplan,7
Mavik,mavik,5
Mavyret,mavyret,7
Mavyret (glecaprevir- pibrentasvir),mavyret (glecaprevir- pibrentasvir),35
Mavyret (glecaprevir-pibrentasvir),mavyret (glecaprevir-pibrentasvir),34
Maxair Autohaler,maxair autohaler,16
Maxalt,maxalt,6
Maxalt (rizatriptan),maxalt (rizatriptan),20
Maxalt-MLT,maxalt-mlt,10
Maxzide-25mg,maxzide-25mg,12
Maxzide-37.5 mg-25 mg tablet,maxzide-37.5mg-25mg,19
"Measles, Mumps & Rubella Vac",measles mumps & rubella vac,27
Mebaral,mebaral,7
Mebendazole,mebendazole,11
Mechlorethamine,mechlorethamine,15
Mecl,meclizine,9
Meclizine,meclizine,9
Mederma,mederma,7
Medium Chain Triglycerides,medium chain triglycerides,26
Medrol,medrol,6
Medrol (Pak),medrol,6
MedroxyPROGESTERone Acetate,medroxyprogesterone acetate,27
Medroxyprojest,medroxyprojest,14
Mega Multivitamin with Mineral,mega multivitamin with mineral,30
Megace,megace,6
Megace ES,megace es,9
Megace Oral,megace,6
Megestrol,megestrol,9
Megestrol Acetate,megestrol acetate,17
Megestrol Acetate 40mg/ml suspension,megestrol acetate 40mg/ml,25
Mekinist,mekinist,8
Mekinist (trametinib),mekinist (trametinib),21
Mektovi ((Binimetinib),mektovi ((binimetinib),22
Melatin,melatin,7
Melatonin,melatonin,9
Melatonin ,melatonin,9
Melatonin-Theanine,melatonin-theanine,18
Meloxicam,meloxicam,9
Meloxicam 15mg,meloxicam 15mg,14
Meloxicam Oral Suspension,meloxicam,9
Melphalan,melphalan,9
Memantine,memantine,9
Men's One a Day Multivitamin,men'sodium one a day multivitamin,33
Men-Phor,men-phor,8
Menest,menest,6
Menest(esterified estrogens),menest(esterified estrogens),28
"Meningococ Vac A,C,Y,W135 (PF)",meningococ vac acyw135 (pf),27
Meningococcal Group B Vaccine (Trumenba),meningococcal group b vaccine (trumenba),40
Menomune,menomune,8
Menomune - A/C/Y/W-135,menomune - a/c/y/w-135,22
Menthol-Cetylpyridinium (Cepacol),menthol-cetylpyridinium (cepacol),33
Mepe,meperidine,10
Meper,meperidine,10
Meperi,meperidine,10
Meperidine,meperidine,10
Meperidine 25mg/1mL 1mL SYR,meperidine 25mg/1ml 1ml,23
Meperidine 50mg/1mL 1mL SYR,meperidine 50mg/1ml 1ml,23
Mephobarbital,mephobarbital,13
Mephyton,mephyton,8
Mepivacaine 1%,mepivacaine 1%,14
Mepivacaine 2%,mepivacaine 2%,14
Meprobamate,meprobamate,11
Merc,mercaptopurine,14
Merca,mercaptopurine,14
Mercaptopurine,mercaptopurine,14
Meropenem,meropenem,9
Meropenem Desensitization,meropenem desensitization,25
Meropenem Graded Challenge,meropenem graded challenge,26
Mes,mesalamine,10
Mesa,mesalamine,10
Mesal,mesalamine,10
Mesala,mesalamine,10
Mesalam,mesalamine,10
Mesalami,mesalamine,10
Mesalamin,mesalamine,10
Mesalamine,mesalamine,10
Mesalamine ,mesalamine,10
Mesalamine (Apriso),mesalamine (apriso),19
Mesalamine (Apriso) ER,mesalamine (apriso) er,22
Mesalamine (Rectal),mesalamine,10
Mesalamine 500MG CAP,mesalamine 500mg,16
Mesalamine CR,mesalamine cr,13
Mesalamine CR (Apriso),mesalamine cr (apriso),22
Mesalamine DR,mesalamine dr,13
Mesalamine DR (ASACOL HD),mesalamine dr (asacol hd),25
Mesalamine DR 1.2GM,mesalamine dr 1.2gm,19
Mesalamine DR 800mg TAB,mesalamine dr 800mg,19
Mesalamine Delayed-Release,mesalamine delayed-release,26
Mesalamine Enema,mesalamine enema,16
Mesna,mesnex,6
Mesnex,mesnex,6
Mestinon,mestinon,8
Mestinon Timespan,mestinon timespan,17
Met,metamucil,9
MetFORM,metformin,9
MetFORMI,metformin,9
MetFORMIN,metformin,9
MetFORMIN ,metformin,9
MetFORMIN (Glucophage),metformin (glucophage),22
MetFORMIN XR (Glucophage XR),metformin xr (glucophage xr),28
MetFORMin,metformin,9
MetOLazone,metolazone,10
MetRONIDAZOLE,metronidazole,13
MetRONIDAZOLE (FLagyl),metronidazole (flagyl),22
Metadate CD,metadate cd,11
Metamucil,metamucil,9
Metamucil Fiber Singles,metamucil fiber singles,23
Metamucil Sugar Free,metamucil,9
Metamucil Sugar-Free (aspart),metamucil - (aspart),20
Metamucil husk 3.4 gm,metamucil husk 3.4 gm,21
Metanx (algal oil),metanx (algal oil),18
Metaproterenol,metaproterenol,14
Metaxall,metaxall,8
Metaxalone,metaxalone,10
Metformin,metformin,9
Metformin XR,metformin xr,12
Meth,methadone,9
MethIMAzole,methimazole,11
Metha,methadone,9
Methad,methadone,9
Methado,methadone,9
Methadon,methadone,9
Methadone,methadone,9
Methadone ,methadone,9
Methadone (Concentrated Oral Solution),methadone,9
Methadone (Concentrated Oral Solution) 10 mg/1 mL,methadone  10mg/1ml,19
Methadone (Dispersible Tablet),methadone (dispersible),23
Methadone (Oral Solution)  2 mg/1 mL,methadone  2mg/1ml,18
Methadone HCl (Concentrated Oral Solution),methadone hcl,13
Methadone Inj,methadone inj,13
Methadone Oral Liquid,methadone,9
Methazolamide,methazolamide,13
Methenamine Hippurate,methenamine hippurate,21
Methenamine Mandelate,methenamine mandelate,21
Methenamine hippurate,methenamine hippurate,21
Methimazole,methimazole,11
Methocarbamol,methocarbamol,13
Methotr,methotrexate,12
Methotre,methotrexate,12
Methotrexat,methotrexate,12
Methotrexate,methotrexate,12
Methotrexate Desensitization,methotrexate desensitization,28
Methotrexate Sodium,methotrexate sodium,19
Methotrexate Sodium P.F.,methotrexate sodium p.f.,24
Methotrexate*,methotrexate,12
Methyl Salicylate-Menthol,methyl salicylate-menthol,25
MethylPHENID,methylphenidate,15
MethylPHENIDATE,methylphenidate,15
MethylPHENIDATE ,methylphenidate,15
MethylPHENIDATE (Ritalin),methylphenidate (ritalin),25
MethylPRED,methylpred,10
MethylPREDNISolone,methylprednisolone,18
MethylPREDNISolone Sodium Succ,methylprednisolone sodium succ,30
Methyldopa,methyldopa,10
Methylene ,methylene,9
Methylene Blu,methylene blue,14
Methylene Blue ,methylene blue,14
Methylene Blue (Antidote),methylene blue (antidote),25
Methylene Blue 0.5%,methylene blue 0.5%,19
Methylene Blue 1%,methylene blue 1%,17
Methylergonovine Maleate,methylergonovine maleate,24
Methylin,methylnaltrexone,16
Methylnal,methylnaltrexone,16
Methylnaltrexone,methylnaltrexone,16
Methylnaltrexone (Relistor),methylnaltrexone (relistor),27
Methylnaltrexone (Relistor) ,methylnaltrexone (relistor),27
Methylp,methylphenidate,15
Methylphenidate,methylphenidate,15
Methylphenidate ER,methylphenidate er,18
Methylphenidate ER 18mg (Concerta),methylphenidate er 18mg (concerta),34
Methylphenidate ER 54mg TAB,methylphenidate er 54mg,23
Methylphenidate SR,methylphenidate sr,18
Methylprednisolone,methylprednisolone,18
Methylprednisolone ACETATE,methylprednisolone acetate,26
Methylprednisolone Acetate,methylprednisolone acetate,26
Methylprednisolone Na Succ Desensitization,methylprednisolone na succ desensitization,42
Methylprenisolone,methylprenisolone,17
Methysergide ,methysergide,12
Methysergide (Bulk),methysergide,12
Metipranolol,metipranolol,12
Metoclop,metoclop,8
Metoclopramide,metoclopramide,14
Metoclopramide (Liquid),metoclopramide,14
Metolazone,metolazone,10
Metoprol,metoprolol,10
Metoprolo,metoprolol,10
Metoprolol,metoprolol,10
Metoprolol ,metoprolol,10
Metoprolol Succinate,metoprolol succinate,20
Metoprolol Succinate XL,metoprolol succinate xl,23
Metoprolol Tart 5mg/5mL 5mL VIAL,metoprolol tart 5mg/5ml 5ml,27
Metoprolol Tartra 12.5mg HALFTAB,metoprolol tartra 12.5mg halftab,32
Metoprolol Tartrate,metoprolol tartrate,19
Metoprolol Tartrate Suspension,metoprolol tartrate,19
Metoprolol XL (Toprol XL),metoprolol xl (toprol xl),25
Metro,metrocream,10
MetroCream,metrocream,10
MetroNIDAZOLE,metronidazole,13
MetroNIDAZOLE Gel 0.75%-Vaginal,metronidazole gel 0.75%-vaginal,31
MetroNIDAZOLE Graded Challenge,metronidazole graded challenge,30
MetroNIDAZOLE Topical 1 % Gel,metronidazole topical 1% gel,28
Metrogel,metrogel,8
MetronidAZOLE Topical 1 % Gel,metronidazole topical 1% gel,28
Metronidazole Gel 0.75%-Vaginal,metronidazole gel 0.75%-vaginal,31
Mevacor,mevacor,7
Mexiletine,mexiletine,10
Mg-Plus-Protein,mg-plus-protein,15
Micafungin,micafungin,10
Micardis,micardis,8
Micardis HCT,micardis hct,12
Micardis HCT 80mg/12.5mg,micardis hct 80mg/12.5mg,24
Micardis HCT 8mg/12.5mg,micardis hct 8mg/12.5mg,23
Miconazole,miconazole,10
Miconazole 2% Cream,miconazole 2%,13
Miconazole Nitrate (Combo Pack),miconazole nitrate,18
Miconazole Nitrate Vag Cream 2%,miconazole nitrate vag 2%,25
Miconazole Powder 2%,miconazole powder 2%,20
Micro-Guard,micro-guard,11
Micro-K,micro-k,7
Microgestin 1.5/30 (21),microgestin 1.5/30,18
Microgestin 1/20  FE ,microgestin 1/20 fe,19
Microgestin 1/20 (21),microgestin 1/20,16
Microgestin FE 1/20 (28),microgestin fe 1/20,19
Microgestin Fe 1.5/30 (28),microgestin fe 1.5/30,21
Micronase,micronase,9
Midazolam,midazolam,9
Midazolam ,midazolam,9
Midazolam 100mg/100mL 100mL Bag,midazolam 100mg/100ml 100ml,27
Midazolam 2mg/2mL 2mL Vial,midazolam 2mg/2ml 2ml,21
Midazolam Intradermal,midazolam intradermal,21
Midodrine,midodrine,9
Midodrine 20 mg,midodrine 20mg,14
Midodrine 20 mg TID,midodrine 20mg tid,18
Midodrine 20mg,midodrine 20mg,14
Midodrione 20 mf,midodrione 20 mf,16
Midol Complete,midol complete,14
Midol Max St Menstrual,midol max st menstrual,22
Midostaurin,midostaurin,11
Midostaurin *NF*,midostaurin,11
Mifeprex,mifeprex,8
Migergot,migergot,8
Miglitol,miglitol,8
Migraine Formula,migraine formula,16
Migraine Relief,migraine,8
Mili,mili,4
Milk Of Magnesia,milk of magnesia,16
Milk Thistle,milk thistle,12
Milk Thistle Extract,milk thistle extract,20
Milk of Magnesia,milk of magnesia,16
Milrinone,milrinone,9
Milrinone Lactate,milrinone lactate,17
Minastrin 24 Fe,minastrin 24 fe,15
Mineral,mineral,7
Mineral Oil,mineral oil,11
Mineral Oil-Hydrophil Petrolat,mineral oil-hydrophil petrolat,30
Minocycline,minocycline,11
Minocycline 100mg tablets,minocycline 100mg,17
Minoxidil,minoxidil,9
Miralax,miralax,7
Mirapex,mirapex,7
Mirapex 0.25 mg,mirapex 0.25mg,14
Mirapex ER,mirapex er,10
Mirapex ER (pramipexole),mirapex er (pramipexole),24
Mirapex ER(pramipexole),mirapex er(pramipexole),23
Mirena,mirena,6
Mirtazapine,mirtazapine,11
Mirtazapine Soluble,mirtazapine soluble,19
Misoprostol,misoprostol,11
Mitomycin,mitomycin,9
Mitomycin (Bulk),mitomycin,9
Mitotane,mitotane,8
Mitoxantrone HCl,mitoxantrone hcl,16
Mitoxantrone*,mitoxantrone,12
Mobic,mobic,5
Moda,modafinil,9
Modafin,modafinil,9
Modafinil,modafinil,9
Moderna COVID-19 Vaccine (EUA),moderna covid-19 vaccine (eua),30
Moderna mRNA COVID-19 Vaccine (Full Dose),moderna mrna covid-19 vaccine (full),36
Moexipril,moexipril,9
Molindone HCl,molindone hcl,13
Molnupiravir,molnupiravir,12
Mometasone,mometasone,10
Mometasone (Nasonex),mometasone (nasonex),20
Mometasone 220 mcg INH (Asmanex),mometasone 220 mcg (asmanex),28
Mometasone Nasal Spray  (*NF*),mometasone,10
Monistat 1 Combo Pack,monistat 1,10
Mono-Linyah,mononitrate-linyah,18
Mononessa (28),mononessa,9
Monopril,monopril,8
Montelukast,montelukast,11
Montelukast ,montelukast,11
Montelukast Sodium,montelukast sodium,18
Morp,morphine,8
Morph,morphine,8
Morphi,morphine,8
Morphin,morphine,8
Morphine,morphine,8
Morphine ,morphine,8
Morphine (Bulk),morphine,8
Morphine (PF),morphine (pf),13
Morphine 0.2% Oral Rinse,morphine 0.2%,13
Morphine Concentrate,morphine concentrate,20
Morphine Infusion – Comfort Care Guidelines,morphine infusion – comfort care guidelines,43
Morphine Intrathecal,morphine intrathecal,20
Morphine PCA,morphine pca,12
Morphine S,morphine sodium,15
Morphine SR (MS Contin),morphine sr (ms contin),23
Morphine Su,morphine sulfate,16
Morphine Sul,morphine sulfate,16
Morphine Sulf,morphine sulfate,16
Morphine Sulfa,morphine sulfate,16
Morphine Sulfat,morphine sulfate,16
Morphine Sulfat 4mg/1mL 1mL VIAL,morphine sulfate 4mg/1ml 1ml,28
Morphine Sulfate,morphine sulfate,16
Morphine Sulfate ,morphine sulfate,16
Morphine Sulfate (,morphine sulfate (,18
Morphine Sulfate (Concentrated Oral Soln),morphine sulfate,16
Morphine Sulfate (Concentrated Oral Solution) 20 mg/mL,morphine sulfate  20mg/ml,25
Morphine Sulfate (Immediate Release),morphine sulfate (immediate release),36
Morphine Sulfate (Oral Soln.),morphine sulfate (.),20
Morphine Sulfate (Oral Solution) 2 mg/mL,morphine sulfate  2mg/ml,24
Morphine Sulfate (PF),morphine sulfate (pf),21
Morphine Sulfate (Rectal),morphine sulfate,16
Morphine Sulfate (Syringe),morphine sulfate (syringe),26
Morphine Sulfate 100mg 100mL BAG,morphine sulfate 100mg 100ml,28
Morphine Sulfate 2mg/1mL 1mL SYR,morphine sulfate 2mg/1ml 1ml,28
Morphine Sulfate For Inhalation,morphine sulfate,16
Morphine Sulfate IR,morphine sulfate ir,19
Morphine Topical Gel,morphine topical gel,20
Morphine/Bupivacaine/CloNIDine Intrathecal,morphine/bupivacaine/clonidine intrathecal,42
Motegrity,motegrity,9
Motegrity (prucalopride),motegrity (prucalopride),24
Motilium,motilium,8
Mouth,mouth,5
Mouth Care Oral Rinse,mouth care,10
Mov,movantik,8
Movantik,movantik,8
Movantik (naloxegol),movantik (naloxegol),20
Movantik 12.5mg Tab,movantik 12.5mg,15
Movantik 25mg tabs,movantik 25mg,13
MoviPrep,moviprep,8
Moxifloxacin,moxifloxacin,12
Moxifloxacin 0.5%,moxifloxacin 0.5%,17
Moxifloxacin 0.5% Ophth (*NF*),moxifloxacin 0.5%,17
Mucinex,mucinex,7
Mucinex DM,mucinex dm,10
Mucinex Fast-Max DM Max,mucinex fast-max dm max,23
Mucinex Fast-Max Severe Cold,mucinex fast-max severe cold,28
Mul,mul,3
Mult,mult,4
Multaq,multaq,6
Multaq (dronedarone),multaq (dronedarone),20
Multi,multi,5
Multi Complete with Iron,multi complete with iron,24
Multi Vitamin,multi vitamin,13
Multi-Vitamin HP/Minerals,multi-vitamin hp/minerals,25
MultiVitamins,multivitamins,13
Multigen,multigen,8
Multiple Vitamin-Minerals,multiple vitamin-minerals,25
Multiple Vitamins Liq.,multiple vitamins liq.,22
Multiv,mupirocin,9
Multivi,mupirocin,9
Multivit,mupirocin,9
Multivita,mupirocin,9
Multivitam,mupirocin,9
Multivitami,mupirocin,9
Multivitamin,multivitamin,12
Multivitamin (Infant),multivitamin (infant),21
Multivitamin Gummies,multivitamin,12
Multivitamin IV (Without Vit. K),multivitamin (without vit. k),29
Multivitamin Softgel,multivitamin softgel,20
Multivitamin VitEyes,multivitamin viteyes,20
Multivitamins,multivitamins,13
Multivitamins ,multivitamins,13
Multivitamins W/minera,multivitamins w/minera,22
Multivitamins W/mineral,multivitamins w/mineral,23
Multivitamins W/minerals,multivitamins w/minerals,24
Multivitamins W/minerals ,multivitamins w/minerals,24
Multivitamins W/minerals Chewable,multivitamins w/minerals,24
Multivitamins W/minerals Liquid,multivitamins w/minerals,24
"Multivitamins c minerals,no vit K",multivitamins c mineralsno vit k,32
Multivitamins w/.mineral,multivitamins w/.mineral,24
Multivitamins w/Minerals,multivitamins w/minerals,24
Multivitman w/ Iron,multivitman w/iron,18
Mumps Skin Test,mumps skin,10
Mupiro,mupirocin,9
Mupiroci,mupirocin,9
Mupirocin,mupirocin,9
Mupirocin ,mupirocin,9
Mupirocin Calcium,mupirocin calcium,17
Mupirocin Cream 2%,mupirocin 2%,12
Mupirocin Nasal Ointment 2%,mupirocin 2%,12
Mupirocin Ointment 2%,mupirocin 2%,12
Muro 128,muro 128,8
Muro 128 5%,muro 128 5%,11
Muro-128,muro-128,8
Muromonab-CD3,muromonab-cd3,13
Mycamine,mycamine,8
Mycoph,mycophenolate,13
Mycophen,mycophenolate,13
Mycopheno,mycophenolate,13
Mycophenol,mycophenolate,13
Mycophenolat,mycophenolate,13
Mycophenolate,mycophenolate,13
Mycophenolate ,mycophenolate,13
Mycophenolate Mofe,mycophenolate mofe,18
Mycophenolate Mofetil,mycophenolate mofetil,21
Mycophenolate Mofetil ,mycophenolate mofetil,21
Mycophenolate Mofetil (Brand) *NF*,mycophenolate mofetil,21
Mycophenolate Mofetil (Self Med),mycophenolate mofetil,21
Mycophenolate Mofetil Suspension,mycophenolate mofetil,21
Mycophenolate Sodium,mycophenolate sodium,20
Mycophenolate Sodium DR,mycophenolate sodium dr,23
Mycostatin,mycostatin,10
Myfort,myfort,6
Myfortic,myfortic,8
Mylanta,mylanta,7
Mylanta Maximum Strength,mylanta maximum strength,24
Myobloc,myobloc,7
Myoflex,myoflex,7
Myrbetriq,myrbetriq,9
Myrbetriq (Mirabergon),myrbetriq (mirabergon),22
Myrbetriq (mirabegron),myrbetriq (mirabegron),22
Myrbetriq(mirabegron,myrbetriq(mirabegron,20
Mysoline,mysoline,8
Mytesi,mytesi,6
N-Acetlycysteine (NAC),n-acetlycysteine (nac),22
N-Acetyclystiene (NAC),n-acetyclystiene (nac),22
N-Acetycysteine (NAC),n-acetycysteine (nac),21
N-Acetycystiene(NAC),n-acetycystiene(nac),20
N-Acetyl-L-Cysteine,n-acetylcysteine-l-cysteine,27
N-Acetylcystaine,n-acetylcystaine,16
N-Acetylcystein (NAC),n-acetylcysteine (nac),22
N-Acetylcysteine,n-acetylcysteine,16
N-Acetylcysteine (NAC),n-acetylcysteine (nac),22
N-Acetylcysteine (NAC) ,n-acetylcysteine (nac),22
N-Acetylcysteine (NAC) in ED Patients,n-acetylcysteine (nac) in ed patients,37
N-Acetylcysteine (NAC) in ED patients,n-acetylcysteine (nac) in ed patients,37
N-Acetylcysteine- NAC,n-acetylcysteine- nac,21
N-Acetylcystien (NAC) in ED Patients,n-acetylcystien (nac) in ed patients,36
N-Acetylcystiene (NAC),n-acetylcystiene (nac),22
N-Acetylcystine (NAC),n-acetylcystine (nac),21
N-Acetylycysteine (NAC),n-acetylycysteine (nac),23
N-acetyl cysteine (NAC),n-acetylcysteine cysteine (nac),31
N-acetyl-cysteine,n-acetylcysteine-cysteine,25
N-acetylcystein (NAC),n-acetylcysteine (nac),22
N-acetylcysteine,n-acetylcysteine,16
N-acetylcysteine ,n-acetylcysteine,16
N-acetylcysteine (NAC),n-acetylcysteine (nac),22
N-acetylcysteine NAC,n-acetylcysteine nac,20
N-acetylcysteine in ED patients,n-acetylcysteine in ed patients,31
N-acetylcystine (NAC),n-acetylcystine (nac),21
N-acetylsteine (NAC),n-acetylsteine (nac),20
NAC,nac,3
NAC ,nac,3
NAC (N-acetyl-L-cysteine,nac (n-acetylcysteine-l-cysteine,32
NAC (n-acetyl cysteine),nac (n-acetylcysteine cysteine),31
NAC in,nac in,6
"NAC,",nac,3
NAC.,nac.,4
NEORAL,neoral,6
NEUPRO,neupro,6
NEUROntin,neurontin,9
NEut,neut,4
NF-Tetrahydrozoline 0.05%,nf-tetrahydrozoline 0.05%,25
NIF,nif,3
NIFE,nife,4
NIFEd,nifed,5
NIFEdi,nifedi,6
NIFEdip,nifedip,7
NIFEdipi,nifedipi,8
NIFEdipin,nifedipin,9
NIFEdipine,nifedipine,10
NIFEdipine (Bulk),nifedipine,10
NIFEdipine (Extended Release),nifedipine (extended release),29
NIFEdipine (Immediate Release),nifedipine (immediate release),30
NIFEdipine (bulk),nifedipine,10
NIFEdipine (bulk) Ointment,nifedipine,10
NIFEdipine 0.2% Ointment,nifedipine 0.2%,15
NIFEdipine 2% Ointment,nifedipine 2%,13
NIFEdipine 2% ointment,nifedipine 2%,13
NIFEdipine CR,nifedipine cr,13
NIFEdipine cream 2%,nifedipine 2%,13
NIFEdipine oint,nifedipine,10
NIfe,nife,4
NMB (0.9% NACL 100 ML),nmb (0.9% nacl 100ml),21
NMB (0.9% NACL 100mL),nmb (0.9% nacl 100ml),21
NMB (0.9% NaCl 100 mL),nmb (0.9% nacl 100ml),21
NMB (0.9% NaCl 100 ml),nmb (0.9% nacl 100ml),21
NORTRIPTYLINE,nortriptyline,13
NORepinephri 8mg/250mL 250mL BAG,norepinephri 8mg/250ml 250ml,28
NORepinephrine,norepinephrine,14
NORepinephrine ((for dil 8mg KIT,norepinephrine (( diltiazem 8mg kit,35
NORepinephrine ((for dilution),norepinephrine (( dilution),27
NORepinephrine (in NS),norepinephrine (in ns),22
NOVOR100I,novor100i,9
NP Thyroid,np thyroid,10
NPH Insulin Human Recomb,nph insulin recomb,18
NPH insulin human recomb,nph insulin recomb,18
NUCYNTA (tapentadoL),nucynta (tapentadol),20
NYSTATIN,nystatin,8
NYSTATIN ORAL SUSPENSION,nystatin,8
Nabi-HB,nabi-hb,7
Nabumetone,nabumetone,10
Nacetylcysteine,nacetylcysteine,15
Nacetylcysteine (NAC),nacetylcysteine (nac),21
Nadolol,nadolol,7
Nafarelin,nafarelin,9
Nafcillin,nafcillin,9
Nafcillin Desensitization,nafcillin desensitization,25
Nafcillin Graded Challenge,nafcillin graded challenge,26
Naftifine,naftifine,9
Nalbuphine HCl,nalbuphine hcl,14
Naloxone,naloxone,8
Naloxone HCl,naloxone hcl,12
Naloxone Nasal Spray,naloxone,8
Naltrexone,naltrexone,10
Naltrexone Extended-release Suspension,naltrexone extended-release,27
Namenda,namenda,7
Namenda Titration Pak,namenda titration,17
Namenda XR,namenda xr,10
Namzaric,namzaric,8
Namzaric  28mg/10mg,namzaric 28mg/10mg,18
Naphazoline 0.1% Ophth,naphazoline 0.1%,16
Naphazoline-Pheniramine Ophth. Solution,naphazoline-pheniramine .,25
Naphcon-A,naphcon-a,9
Naphcon-A Eye Drops 0.025%/0.3%,naphcon-a 0.025%/0.3%,21
Naproxen,naproxen,8
Narcan,narcan,6
Nasacort,nasacort,8
Nasacort AQ,nasacort aq,11
Nascobal,nascobal,8
Nascobal (Cyancanobalmin),nascobal (cyancanobalmin),25
Nasogel,nasogel,7
Nasonex,nasonex,7
Nasonex  (*NF*),nasonex,7
Nasonex  (*NF*) Mometasone,nasonex  mometasone,19
Nasonex (Mometasone),nasonex (mometasone),20
Nasonex (mometasone),nasonex (mometasone),20
Nasonex 50mcg,nasonex 50mcg,13
Nasonex Nasal Spray,nasonex,7
Natacyn,natacyn,7
Natalizumab,natalizumab,11
Nateglinide,nateglinide,11
Natelle Plus,natelle plus,12
Natpara (parathyroid),natpara (parathyroid),21
Natural Fiber Laxative,natural fiber laxative,22
Nature-Throid,nature-throid,13
Nature-Throid (Thyroid pork),nature-throid (thyroid pork),28
NatureMade Prenatal MULTI,naturemade prenatal multi,25
Nebivolol,nebivolol,9
Nebivolol (Bystolic),nebivolol (bystolic),20
Necon 0.5/35 (28),necon 0.5/35,12
Necon 0.5/35 (28) 0.5-35mg/mcg,necon 0.5/35  0.5-35mg/mcg,26
Necon 0.5/35 Tab,necon 0.5/35,12
Necon 1/35 (28),necon 1/35,10
Necon 7/7/7 (28),necon 7/7/7,11
Nefazodon,nefazodon,9
Nefazodone,nefazodone,10
Nefazodone HCl,nefazodone hcl,14
NeilMed NasaFlo,neilmed nasaflo,15
Neilmed Sinus Rinse Complete,neilmed sinus complete,22
Nelfinavir Mesylate,nelfinavir mesylate,19
Neo-Synephrine,neomycin-synephrine,19
Neo-Synephrine (phenylephrine),neomycin-synephrine (phenylephrine),35
Neomycin,neomycin,8
Neomycin Sulfate,neomycin sulfate,16
Neomycin-Polymyxin B GU,neomycin-polymyxin b guaifenesin,32
Neomycin-Polymyxin-Bacitracin,neomycin-polymyxin-bacitracin,29
Neomycin-Polymyxin-Bacitracin Ophth. Oint,neomycin-polymyxin-bacitracin .,31
Neomycin-Polymyxin-Dexameth Ophth. Oint,neomycin-polymyxin-dexamethasone .,34
Neomycin-Polymyxin-Gramicidin,neomycin-polymyxin-gramicidin,29
Neomycin-Polymyxin-HC,neomycin-polymyxin-hc,21
Neomycin-Polymyxin-HC Otic Susp,neomycin-polymyxin-hc otic,26
Neomycin/Polymyxin B Sulfate,neomycin/polymyxin b sulfate,28
Neomycin/Polymyxin/Dexameth Ophth Susp.,neomycin/polymyxin/dexamethasone .,34
Neoral,neoral,6
Neoral ,neoral,6
Neosporin (neo-bac-polym),neosporin (neomycin-bac-polym),30
Neosporin + Pain Relief,neosporin + pain,16
Neostigmine,neostigmine,11
Neostigmine (CVICU Reversal Protocol),neostigmine,11
Nepafenac,nepafenac,9
Nephrocaps,nephrocaps,10
Nepro Carb Steady,nepro carbamazepine steady,26
Neptune Krill 1000,neptune krill 1000,18
Nesiritide,nesiritide,10
Netarsudil (rhopressa),netarsudil (rhopressa),22
Neu,neu,3
NeuLASTA,neulasta,8
NeuLumEX (Barium Sulfate 0.1% Suspension),neulumex (barium sulfate 0.1%),30
Neulasta,neulasta,8
Neupogen,neupogen,8
Neupro,neupro,6
Neupro (Rotigotine) 6mg/24hr Patch,neupro (rotigotine) 6mg/24hr patch,34
Neupro (rotigotine),neupro (rotigotine),19
Neupro (rotigotine) 8 mg PATCH ,neupro (rotigotine) 8mg patch,29
Neupro (rotigotine) 8mg/24hour,neupro (rotigotine) 8mg/24hour,30
Neupro 8mg/24hrs Patch,neupro 8mg/24hrs patch,22
Neurontin,neurontin,9
Neurontin (gabapentin),neurontin (gabapentin),22
Neut,neut,4
Neutr,neutr,5
Neutra,neutra,6
Neutra-Phos,neutra-phos,11
Nevanac,nevanac,7
Nevanac (nepafenac),nevanac (nepafenac),19
Nevanac (nepafenac) ,nevanac (nepafenac),19
Nevanac (nepafenac) 0.1%,nevanac (nepafenac) 0.1%,24
Nevirapine,nevirapine,10
NexIUM,nexium,6
NexIUM 22.3mg DR Capsules,nexium 22.3mg dr,16
NexIUM 24HR,nexium 24hr,11
NexIUM 40mg Capsule DR,nexium 40mg dr,14
NexIUM IV,nexium,6
NexIUM Packet,nexium,6
Nexavar,nexavar,7
Nexium,nexium,6
Nexium (ESOMEPRAZOLE),nexium (esomeprazole),21
Nexium (Esomeprazole),nexium (esomeprazole),21
Nexium (esomeprazole) 40mg CAP,nexium (esomeprazole) 40mg,26
Nexium 24HR,nexium 24hr,11
Nexium 40mg,nexium 40mg,11
Nexium 40mg ,nexium 40mg,11
Nexium 40mg CAP,nexium 40mg,11
Nexium 40mg capsules,nexium 40mg,11
Nexium Packet,nexium,6
Nexplanon,nexplanon,9
Ni,UNK,2
NiCARdipine,nicardipine,11
NiCARdipine 40mg/200mL 200mL BAG,nicardipine 40mg/200ml 200ml,28
NiCARdipine IV,nicardipine,11
NiMODipine,nimodipine,10
Nia,nia,3
Niac,niac,4
Niaci,niaci,5
Niacin,niacin,6
Niacin (niacinamide),niacin (niacinamide),20
Niacin Flush Free,niacin flush,12
Niacin SR,niacin sr,9
Niacin SR (OWN BRAND),niacin sr (own),15
Niacin sr,niacin sr,9
Niacinamide,niacinamide,11
Niacinamide ,niacinamide,11
"Niacinamide 1g, 3g,,",niacinamide 1g 3g,17
"Niacinamide 3g, 1g,",niacinamide 3g 1g,17
Niacinamide s,niacinamide sodium,18
Niaspan,niaspan,7
Niaspan Extended-Release,niaspan extended-release,24
Nicardipine,nicardipine,11
Nicorette,nicorette,9
Nicot,nicot,5
Nicoti,nicoti,6
Nicotin,nicotin,7
Nicotinamide Riboside and Pterostilebene,nicotinamide riboside and pterostilebene,40
Nicotine,nicotine,8
Nicotine ,nicotine,8
Nicotine Lozenge,nicotine,8
Nicotine Patch,nicotine patch,14
Nicotine Polacrilex,nicotine polacrilex,19
Nicotrol,nicotrol,8
Nicotrol NS,nicotrol ns,11
Nifed,nifed,5
Nifedical XL,nifedical xl,12
Nifedip,nifedip,7
Nifedipine,nifedipine,10
Nifedipine (Bulk),nifedipine,10
Nifedipine (Bulk) 0.2%,nifedipine  0.2%,16
Nifedipine / Lidocaine Ointment,nifedipine/lidocaine,20
Nifedipine 0.2% Oint,nifedipine 0.2%,15
Nifedipine 0.2%/Lidocaine 1% Ointment,nifedipine 0.2%/lidocaine 1%,28
Nifedipine 2% Rectal,nifedipine 2%,13
Nifedipine Cream,nifedipine,10
Nifedipine/Lidocaine,nifedipine/lidocaine,20
Niferex,niferex,7
Nikki (28),nikki,5
Nilotinib,nilotinib,9
Nilotinib *NF*,nilotinib,9
Nilotinib *NF* ,nilotinib,9
Nimodipine,nimodipine,10
Nimodipine 30mg,nimodipine 30mg,15
Nimodipine 60mg,nimodipine 60mg,15
Ninlaro,ninlaro,7
Ninlaro (ixazomib),ninlaro (ixazomib),18
Nintedanib,nintedanib,10
Nintedanib (Ofev),nintedanib (ofev),17
Niraparib,niraparib,9
Nirmatrelvir-Ritonavir (EUA),nirmatrelvir-ritonavir (eua),28
Nitazoxanide,nitazoxanide,12
Nitro,nitrofurantoin,14
Nitro-Bid,nitrofurantoin-bid,18
Nitro-Dur,nitrofurantoin-dur,18
Nitrofuran,nitrofurantoin,14
Nitrofurantoin,nitrofurantoin,14
Nitrofurantoin ,nitrofurantoin,14
Nitrofurantoin (Macrodantin),nitrofurantoin (macrodantin),28
Nitrofurantoin Macrocrystal,nitrofurantoin macrocrystal,27
Nitrofurantoin Macrocrystals,nitrofurantoin macrocrystals,28
Nitrofurantoin Macrocystals,nitrofurantoin macrocystals,27
Nitrofurantoin Monohyd (MacroBID),nitrofurantoin monohyd (macrobid),33
Nitroglyce 100mg/250mL 250mL BTL,nitroglyce 100mg/250ml 250ml btl,32
Nitroglyceri,nitroglyceri,12
Nitroglycerin,nitroglycerin,13
Nitroglycerin 0.4% Ointment,nitroglycerin 0.4%,18
Nitroglycerin Oin,nitroglycerin oin,17
Nitroglycerin Ointment ,nitroglycerin,13
Nitroglycerin Ointment  2%,nitroglycerin 2%,16
Nitroglycerin Ointment 0.2%,nitroglycerin 0.2%,18
Nitroglycerin Patch,nitroglycerin patch,19
Nitroglycerin SL,nitroglycerin sl,16
Nitroglycerin SL 0.3mg BTL,nitroglycerin sl 0.3mg btl,26
Nitroglycerin SR,nitroglycerin sr,16
Nitrolingual,nitrolingual,12
Nitrolingual (Nitroglycerin),nitrolingual (nitroglycerin),28
Nitrolingual Pumpspray,nitrolingual pumpspray,22
Nitromist,nitromist,9
Nitroprusside Sodium,nitroprusside sodium,20
Nitroprusside Sodium ,nitroprusside sodium,20
Nivolumab,nivolumab,9
Nizatidine,nizatidine,10
Noctiva nasal spray,noctiva,7
Nora-BE,nora-be,7
Norco,norco,5
Norco (hydrocodone/acetaminophen),norco (hydrocodone/acetaminophen),33
Norepinephr 800mcg/25mL 25mL SYR,norepinephr 800mcg/25ml 25ml,28
Norepinephrine,norepinephrine,14
Noreth,noreth,6
Norethindrn A-E Estradiol-Iron,norethindrn a-e estradiol-iron,30
Norethindrone,norethindrone,13
Norethindrone (Camila),norethindrone (camila),22
Norethindrone 0.35mg (Camila) Tab,norethindrone 0.35mg (camila),29
Norethindrone Acetate,norethindrone acetate,21
Norethindrone Acetate 5mg Tab,norethindrone acetate 5mg,25
Norethindrone acetate,norethindrone acetate,21
Norethindrone acetate 5mg Tab,norethindrone acetate 5mg,25
Norethindrone-Estradiol,norethindrone-estradiol,23
Norethindrone-Estradiol 1mg/0.035mg,norethindrone-estradiol 1mg/0.035mg,35
Norethindrone-Estradiol Fe 1/20,norethindrone-estradiol fe 1/20,31
Norgestrel-Ethinyl Estradiol,norgestrel-ethinyl estradiol,28
Normal Saline Flush,normal saline flush,19
Northera,northera,8
Northera (droxidopa),northera (droxidopa),20
Nortrel 0.5/35 (28),nortrel 0.5/35,14
Nortrel 1/35 (28),nortrel 1/35,12
Nortrel 7/7/7 (28),nortrel 7/7/7,13
Nortriptylin,nortriptylin,12
Nortriptyline,nortriptyline,13
Nortriptyline 50mg,nortriptyline 50mg,18
Norvasc,norvasc,7
Norvir,norvir,6
Norvir (ritonavir) 100mg Tab,norvir (ritonavir) 100mg,24
Nourianz,nourianz,8
NovoLIN N,novolin n,9
NovoLIN N NPH U-100 Insulin,novolin n nph u-100 insulin,27
NovoLIN R,novolin r,9
NovoLIN R *Latex Free*,novolin r latex,15
NovoLIN R Regular U-100 Insuln,novolin r u-100 insuln,22
NovoLOG,novolog,7
NovoLOG FLEXPEN,novolog flexpen,15
NovoLOG FlexPen U-100 Insulin,novolog flexpen u-100 insulin,29
NovoLOG Flexpen,novolog flexpen,15
NovoLOG Flexpen 100 units/ml,novolog flexpen 100 units/ml,28
NovoLOG Flexpen U-100 Insulin,novolog flexpen u-100 insulin,29
NovoLOG Mix 70-30,novolog mix 70-30,17
NovoLOG Mix 70-30 FLEXPEN,novolog mix 70-30 flexpen,25
NovoLOG Mix 70-30 FlexPen,novolog mix 70-30 flexpen,25
NovoLOG Mix 70-30 FlexPen ,novolog mix 70-30 flexpen,25
NovoLOG Mix 70-30 U-100 Insulin,novolog mix 70-30 u-100 insulin,31
NovoLOG Mix 70-30 U-100 Insuln,novolog mix 70-30 u-100 insuln,30
NovoLOG Mix 70-30FlexPen U-100,novolog mix 70-30flexpen u-100,30
NovoLOG PEN,novolog pen,11
NovoLOG PenFill,novolog penfill,15
NovoLOG U-100 Insulin aspart,novolog u-100 insulin aspart,28
NovoLOG U-100 Insulin aspart *PMTO*,novolog u-100 insulin aspart pmto,33
NovoLOG mix 70/30 pen,novolog mix 70/30 pen,21
NovoLOG pen,novolog pen,11
NovoLOG/Fiasp U-100 Insulin aspart,novolog/fiasp u-100 insulin aspart,34
NovoPen 3,novopen 3,9
NovoPen Junior,novopen junior,14
Novolin 70/30,novolin 70/30,13
Novolin 70/30 FlexPen 100 units/mL,novolin 70/30 flexpen 100 units/ml,34
Novolin R,novolin r,9
Novolog,novolog,7
Novolog Flexpen,novolog flexpen,15
Novolog Flexpen 100 unit/mL,novolog flexpen 100 unit/ml,27
Novolog Flexpen 100 units/mL,novolog flexpen 100 units/ml,28
Novolog Flexpen U-100 Insulin,novolog flexpen u-100 insulin,29
Novolog Mix 70-30 FlexPen,novolog mix 70-30 flexpen,25
Novolog Mix 70-30FlexPen U-100,novolog mix 70-30flexpen u-100,30
Novolog U-100 Insulin aspart,novolog u-100 insulin aspart,28
Novolog insulin pen,novolog insulin pen,19
Novopen Junior,novopen junior,14
Novopen Junior ,novopen junior,14
Noxafil,noxafil,7
Nozin,nozin,5
Nplate,nplate,6
Nu-Iron,nu-iron,7
Nubeqa,nubeqa,6
Nubeqa (darolutamide),nubeqa (darolutamide),21
Nucala,nucala,6
Nucynta,nucynta,7
Nucynta (Tapentadol) 75mg tab,nucynta (tapentadol) 75mg,25
Nucynta (tapentadol),nucynta (tapentadol),20
Nucynta ER,nucynta er,10
Nuedexta,nuedexta,8
Nuedexta (dextromethorphan/quinidine),nuedexta (dextromethorphan/quinidine),37
Nuplazid,nuplazid,8
Nuplazid (pimavanserin),nuplazid (pimavanserin),23
Nuplazid 34mg,nuplazid 34mg,13
Nurtec ODT,nurtec odt,10
Nurtec ODT (rimegepant),nurtec odt (rimegepant),23
NuvaRing,nuvaring,8
Nuvigil,nuvigil,7
Nuzyra,nuzyra,6
Ny,nystatin,8
Nyamyc,nyamyc,6
Nys,nystatin,8
Nyst,nystatin,8
Nysta,nystatin,8
Nystat,nystatin,8
Nystati,nystatin,8
Nystatin,nystatin,8
Nystatin ,nystatin,8
Nystatin Cream,nystatin,8
Nystatin Ointment,nystatin,8
Nystatin Oral,nystatin,8
Nystatin Oral Susp (Self Med),nystatin,8
Nystatin Oral Suspension,nystatin,8
Nystatin Powder,nystatin powder,15
"Nystatin Powder 100,000 units/gm",nystatin powder 100000 units/gm,31
Nystatin oral ,nystatin,8
Nystatin-Triamcinolone Cream,nystatin-triamcinolone,22
Nystatin-Triamcinolone Ointment,nystatin-triamcinolone,22
Nystop,nystop,6
OLA,olanzapine,10
OLAN,olanzapine,10
OLANZ,olanzapine,10
OLANZa,olanzapine,10
OLANZap,olanzapine,10
OLANZapine,olanzapine,10
OLANZapine (Disintegrating Tablet),olanzapine (disintegrating),27
OLANZapine Pamoate,olanzapine pamoate,18
OLANZapine pamoate,olanzapine pamoate,18
OLan,olanzapine,10
OSELTAMivir,oseltamivir,11
OSELTAMivir Suspension,oseltamivir,11
OTL 38,otl 38,6
OTL-38,otl-38,6
OTL38,otl38,5
OXALIiplatin,oxaliiplatin,12
OXALIplatin,oxaliplatin,11
OXALIplatin Desensitization,oxaliplatin desensitization,27
OXcar,oxcarbazepin,12
OXcarb,oxcarbazepin,12
OXcarbazepine,oxcarbazepine,13
OXcarbazepine Oral Suspension,oxcarbazepine,13
Oatmeal Bath Regular,oatmeal bath,12
Obinutuzumab,obinutuzumab,12
Ocaliva,ocaliva,7
Ocean Nasal,ocean,5
Ocella,ocella,6
Ocella (3-0.3mg),ocella (3-0.3mg),16
Ocella 3,ocella 3,8
Ocella 3 mg-0.03 mg Tab,ocella 3mg-0.03mg,17
Ocella 3mg - 0.03mg TAB,ocella 3mg - 0.03mg,19
Octreotide,octreotide,10
Octreotide ,octreotide,10
Octreotide Acetate,octreotide acetate,18
Octreotide LAR Depot,octreotide lar depot,20
OcuSoft Lid Scrub Plus,ocusoft lidocaine scrub plus,28
Ocuflox,ocuflox,7
Ocutabs,ocutabs,7
Ocuvite,ocuvite,7
Ocuvite Adult 50 Plus,ocuvite 50 plus,15
Ocuvite Eye Health,ocuvite health,14
Ocuvite Lutein,ocuvite lutein,14
Ocuvite Lutein & Zeaxanthin,ocuvite lutein & zeaxanthin,27
Ocuvite PreserVision,ocuvite preservision,20
Ocuvite with Lutein,ocuvite with lutein,19
Odefsey,odefsey,7
Odefsey  (emtricitab-rilpivir-tenofo ala) ,odefsey (emtricitab-rilpivir-tenofo ala),40
Odefsey (emtricitab-rilpivir-tenofo ala) ,odefsey (emtricitab-rilpivir-tenofo ala),40
"Odefsey (emtricitabine, rilpivirine,tenofovir alafenamide)",odefsey (emtricitabine rilpivirinetenofovir alafenamide),56
Odefsey (emtricitabine-rilpivirine-tenofovir ala),odefsey (emtricitabine-rilpivirine-tenofovir ala),49
Odefsey(emtricit.-rilpiv.-tenofovir),odefsey(emtricit.-rilpiv.-tenofovir),36
Odefsey(emtricitabine-rilpivrine-tenofovir ala),odefsey(emtricitabine-rilpivrine-tenofovir ala),47
Odomzo,odomzo,6
Ofatumumab,ofatumumab,10
Ofev,ofev,4
Ofev (Nintedanib),ofev (nintedanib),17
Ofev 100mg,ofev 100mg,10
Ofirmev,ofirmev,7
Ofloxacin,ofloxacin,9
Ogen 0.625,ogen 0.625,10
Ogestrel (28),ogestrel,8
Ola,olanzapine,10
Olanza,olanzapine,10
Olanzap,olanzapine,10
Olanzapi,olanzapine,10
Olanzapine,olanzapine,10
Olanzapine (Disintegrating Tablet),olanzapine (disintegrating),27
Olaparib,olaparib,8
Olaparib ,olaparib,8
Olaparib (Olaparib),olaparib (olaparib),19
Olmesartan,olmesartan,10
Olopatadine,olopatadine,11
Olsalazine,olsalazine,10
Olumiant,olumiant,8
Olux-E,olux-e,6
Olysio,olysio,6
Olysio (simepravir),olysio (simepravir),19
Omacetaxine,omacetaxine,11
Ombitasvir/Paritaprevir/ritonavir,ombitasvir/paritaprevir/ritonavir,33
Ombitasvir/Paritaprevir/ritonavir ,ombitasvir/paritaprevir/ritonavir,33
Ome,ome,3
Omega 3 Fish Oil,omega 3 fish oil,16
Omega 3-6-9 Complex,omega 3-6-9 complex,19
Omega XL,omega xl,8
Omega-3,omega-3,7
Omega-3 Fatty Acids,omega-3 fatty acids,19
Omega-3 Fatty Acids-Vitamin E,omega-3 fatty acids-vitamin e,29
Omega-3 Fish Oil,omega-3 fish oil,16
Omegaven 10% Emulsion,omegaven 10% emulsion,21
Omeprazole,omeprazole,10
Omeprazole Magnesium,omeprazole magnesium,20
Omeprazole-Sodium Bicarbonate,omeprazole-sodium bicarbonate,29
Omnaris,omnaris,7
Omnaris (ciclesonide),omnaris (ciclesonide),21
Omnaris 50mcg/spray,omnaris 50mcg/,14
Omnipred,omnipred,8
Ond,ondansetron,11
Onda,ondansetron,11
Ondan,ondansetron,11
Ondans,ondansetron,11
Ondanse,ondansetron,11
Ondanset,ondansetron,11
Ondansetr,ondansetron,11
Ondansetro,ondansetron,11
Ondansetron,ondansetron,11
Ondansetron ,ondansetron,11
Ondansetron 4mg/2mL 2mL VIAL,ondansetron 4mg/2ml 2ml,23
Ondansetron HCl,ondansetron hcl,15
Ondansetron ODT,ondansetron odt,15
One A Day Womens Prenatal DHA,one a day womens prenatal dha,29
One Daily Gummy Vites,one vites,9
One Daily Womens,one womens,10
One-A-Day Prenatal-1,one-a-day prenatal-1,20
One-A-Day VitaCraves,one-a-day vitacraves,20
One-A-Day Women VitaCraves,one-a-day women vitacraves,26
One-A-Day Womens Prenatal 1,one-a-day womens prenatal 1,27
One-Per-Day Omega-3,one-per-day omega-3,19
Onfi,onfi,4
Onglyza,onglyza,7
Opana ER,opana er,8
Opana ER (oxymorphone ER),opana er (oxymorphone er),25
Opana ER (oxymorphone),opana er (oxymorphone),22
Opcon-A,opcon-a,7
Opiranserin,opiranserin,11
Opium Tincture,opium tincture,14
Opium Tincture (morphine 10 mg/mL),opium tincture (morphine 10mg/ml),33
Opsumit,opsumit,7
Opsumit (Macitentan),opsumit (macitentan),20
Opsumit (macitentan),opsumit (macitentan),20
Optivar,optivar,7
Optive,optive,6
Orabase,orabase,7
Orabase w/ Benzocaine Paste,orabase w/benzocaine paste,26
Orajel 3X Mouth Sores,orajel 3x mouth sores,21
Orap,orap,4
Orencia,orencia,7
Orencia ClickJect,orencia clickject,17
Orenitram (treprostinil),orenitram (treprostinil),24
Organic Cherry Pure,organic cherry pure,19
Orkambi,orkambi,7
Ornithine phenylacetate,ornithine phenylacetate,23
Orphenadrine Citrate,orphenadrine citrate,20
Orphenadrine Compound,orphenadrine compound,21
Orphenadrine ER,orphenadrine er,15
Orsythia,orsythia,8
Orsythia ,orsythia,8
Orsythia (levonorgestrel 0.1mg & ethinyl estradiol 0.02mg,orsythia (levonorgestrel 0.1mg & ethinyl estradiol 0.02mg,57
Orsythia (levonorgestrel/ethinyl estradiol),orsythia (levonorgestrel/ethinyl estradiol),43
Ortho Evra,ortho evra,10
Ortho Evra (Xulane),ortho evra (xulane),19
Ortho TRI-Cyclen (28),ortho tri-cyclen,16
Ortho Tri-Cyclen (28),ortho tri-cyclen,16
Ortho Tri-Cyclen LO,ortho tri-cyclen lo,19
Ortho Tri-Cyclen LO (28),ortho tri-cyclen lo,19
Ortho Tri-Cyclen Lo,ortho tri-cyclen lo,19
Ortho Tri-Cyclen Lo (28),ortho tri-cyclen lo,19
Ortho-Cyclen (28),ortho-cyclen,12
Ortho-Novum 1/35 (28),ortho-novum 1/35,16
Orthopedic Solution,orthopedic,10
Os-Cal 500 + D,os-cal 500 + d,14
Os-Cal 500+D,os-cal 500+d,12
Oselt,oselt,5
Oseltam,oseltam,7
Oseltamivir,oseltamivir,11
Oseltamivir Phosphate,oseltamivir phosphate,21
Osimertinib,osimertinib,11
Osimertinib (TAGRISSO),osimertinib (tagrisso),22
Osimertinib (Tagrisso),osimertinib (tagrisso),22
OsmoPrep,osmoprep,8
OsmoPrep ,osmoprep,8
Osteo Bi-Flex,osteo bi-flex,13
Otezla,otezla,6
Otezla Starter,otezla starter,14
Ovcon-50 (28),ovcon-50,8
Oxa,oxa,3
Oxacillin,oxacillin,9
Oxaliplatin,oxaliplatin,11
Oxaliplatin Desensitization,oxaliplatin desensitization,27
Oxan,oxan,4
Oxand,oxand,5
Oxandrolone,oxandrolone,11
Oxaprozin,oxaprozin,9
Oxazepam,oxazepam,8
Oxbryta,oxbryta,7
Oxbryta 500 mg ,oxbryta 500mg,13
Oxcarba,oxcarbazepin,12
Oxcarbaz,oxcarbazepin,12
Oxcarbazepin,oxcarbazepin,12
Oxcarbazepine,oxcarbazepine,13
Oxcarbazepine (Trileptal),oxcarbazepine (trileptal),25
Oxcarbazepine Brand Name,oxcarbazepine,13
Oxcarbazepine(Trileptal),oxcarbazepine(trileptal),24
Oxervate 0.002%,oxervate 0.002%,15
Oxiconazole Nitrate,oxiconazole nitrate,19
Oxistat,oxistat,7
Oxsoralen Ultra,oxsoralen ultra,15
Oxtellar XR,oxtellar xr,11
Oxtellar XR 600mg TAB,oxtellar xr 600mg,17
OxyCO,oxycodone,9
OxyCODO,oxycodone,9
OxyCODONE,oxycodone,9
OxyCODONE (Immediate Rel 5mg TAB,oxycodone (immediate rel 5mg,28
OxyCODONE (Immediate Release),oxycodone (immediate release),29
OxyCODONE Liquid,oxycodone,9
OxyCODONE SR (OxyCONTIN),oxycodone sr (oxycontin),24
OxyCODONE SR (OxyconTIN),oxycodone sr (oxycontin),24
OxyCODONE--Acetaminophen (5mg-325mg),oxycodone--acetaminophen (5mg-325mg),36
OxyCONTIN,oxycontin,9
OxyCONTIN 15mg Tab,oxycontin 15mg,14
OxyContin,oxycontin,9
Oxyb,oxyb,4
Oxybutynin,oxybutynin,10
Oxybutynin Chloride,oxybutynin chloride,19
Oxybutynin ER,oxybutynin er,13
Oxybutynin Patch 3.9mg,oxybutynin patch 3.9mg,22
Oxybutynin XL   (*NF*) ,oxybutynin xl,13
OxycoD,oxycodone,9
OxycoDO,oxycodone,9
OxycoDON,oxycodone,9
OxycoDONE,oxycodone,9
OxycoDONE ,oxycodone,9
OxycoDONE (Concentrated Oral Soln),oxycodone,9
OxycoDONE (Immediate Release),oxycodone (immediate release),29
OxycoDONE (Immediate Release) ,oxycodone (immediate release),29
OxycoDONE Concentrate,oxycodone concentrate,21
OxycoDONE Liquid,oxycodone,9
OxycoDONE-Acetaminophen Elixir,oxycodone-acetaminophen elixir,30
Oxycodone,oxycodone,9
Oxycodone SR (OxyconTIN),oxycodone sr (oxycontin),24
Oxycodone-Acetaminophen,oxycodone-acetaminophen,23
Oxycodone-Acetaminophen ,oxycodone-acetaminophen,23
Oxycodone-Acetaminophen (5mg-325mg),oxycodone-acetaminophen (5mg-325mg),35
Oxycodone-Acetaminophen Elixir,oxycodone-acetaminophen elixir,30
Oxyme,oxymetazoline,13
Oxymetazoline,oxymetazoline,13
Oxymetazoline 0.05%,oxymetazoline 0.05%,19
Oxymetazoline HCl,oxymetazoline hcl,17
Oxymorphone,oxymorphone,11
Oxymorphone HCl,oxymorphone hcl,15
Oxytocin,oxytocin,8
Oxytrol,oxytrol,7
Oxytrol For Women,oxytrol women,13
Oyst-Cal-500,oyst-cal-500,12
OysterShell500+VitD3,oystershell500+vitd3,20
Ozempic,ozempic,7
PACLItaxel (TaxOL),paclitaxel (taxol),18
PACLItaxel Desensitization ,paclitaxel desensitization,26
PACLItaxel-Protein Bound (Abraxane),paclitaxel-protein bound (abraxane),35
PACLItaxel-Protein Bound (Abraxane)*,paclitaxel-protein bound (abraxane),35
PALIperidone ER,paliperidone er,15
PALIperidone Palmitate,paliperidone palmitate,22
PALIvizumab,palivizumab,11
PANCREAZE (lipase-protease-amylase),pancreaze (lipase-protease-amylase),35
PANItumumab,panitumumab,11
PARCOPA,parcopa,7
PARoxetine,paroxetine,10
PARoxetine ER ,paroxetine er,13
PARoxetine ER 12.5 mg,paroxetine er 12.5mg,20
PARoxetine ER 37.5 mg ,paroxetine er 37.5mg,20
PARoxetine HCL,paroxetine hcl,14
PARoxetine HCl,paroxetine hcl,14
PARoxetine mesylate,paroxetine mesylate,19
PAZOPanib,pazopanib,9
PAZOPanib (Votrient),pazopanib (votrient),20
PEMBROlizumab,pembrolizumab,13
PEMBROlizumab Desensitization,pembrolizumab desensitization,29
PEMEtrexed,pemetrexed,10
PENTObarbital Sodium,pentobarbital sodium,20
PENTobarbital Sodium,pentobarbital sodium,20
PENTobarbital sodium,pentobarbital sodium,20
PERI-COLACE,peri-colace,11
PF-07304814,pf-07304814,11
PHE,phe,3
PHEN,phen,4
PHENO,phenobarbital,13
PHENOb,phenobarbital,13
PHENOba,phenobarbital,13
PHENObar,phenobarbital,13
PHENObarb,phenobarbital,13
PHENObarbi,phenobarbital,13
PHENObarbit,phenobarbital,13
PHENObarbital,phenobarbital,13
PHENObarbital ,phenobarbital,13
PHENObarbital -  ICU Alcohol Withdrawal (Loading dose 2 and 3) FOR PHARMACY USE ONLY,phenobarbital - icu alcohol withdrawal (loading 2 and 3) pharmacy,65
PHENObarbital - ICU Alcohol Withdrawal (Initial Load / Rescue Dose),phenobarbital - icu alcohol withdrawal (initial load/rescue),60
PHENObarbital - ICU Alcohol Withdrawal (Loading Dose 1,phenobarbital - icu alcohol withdrawal (loading 1,49
PHENObarbital - ICU Alcohol Withdrawal (Loading Dose 1) ,phenobarbital - icu alcohol withdrawal (loading 1),50
PHENObarbital - ICU Alcohol Withdrawal (Loading Dose 2 and 3),phenobarbital - icu alcohol withdrawal (loading 2 and 3),56
PHENObarbital - ICU Alcohol Withdrawal (Loading dose 2 and 3),phenobarbital - icu alcohol withdrawal (loading 2 and 3),56
PHENObarbital 130mg/1mL 1mL Vial,phenobarbital 130mg/1ml 1ml,27
PHENObarbital 65mg/1mL 1mL Vial,phenobarbital 65mg/1ml 1ml,26
PHENObarbital Alcohol Withdrawal Dose Taper (Days 2-7),phenobarbital alcohol withdrawal taper (days 2-7),49
PHENObarbital Oral Soln,phenobarbital,13
PHENObarbital-ICU Alcohol Withdrawal (Loading Dose 1) (IM) (FOR CLINICIAN USE),phenobarbital-icu alcohol withdrawal (loading 1) (im) (clinician),65
PHENObarbital–ICU Alcohol Withdrawal Dose Taper”(PO) (FOR CLINICIAN USE),phenobarbital–icu alcohol withdrawal taper”(po) (clinician),59
PHENYLEPHrin 50mg/250mL 250mL NS,phenylephrin 50mg/250ml 250ml ns,32
PHENYLEPHrin 60mg/250mL 250mL NS,phenylephrin 60mg/250ml 250ml ns,32
PHENYLEPHrine,phenylephrine,13
PHENYLEPHrine (Premix),phenylephrine (premix),22
PHENYLEPHrine (QuVa),phenylephrine (quva),20
PHENYLEPHrine (for 50mg/5mL VIAL,phenylephrine ( 50mg/5ml,24
PHENYLEPHrine (for dilu 60mg/6mL,phenylephrine ( dilu 60mg/6ml,29
PHENYLEPHrine (for dilution),phenylephrine (dilution),24
PHENYLEPHrine 50mg/5mL 5mL VIAL,phenylephrine 50mg/5ml 5ml,26
PHENYLephrine,phenylephrine,13
PHENo,phenobarbital,13
PHENob,phenobarbital,13
PHENoba,phenobarbital,13
PHENobarbital,phenobarbital,13
PHENobarbital Oral Soln,phenobarbital,13
PHENobarbital Patch for Allergy Testing,phenobarbital patch allergy testing,35
PHEno,phenobarbital,13
PIRFENIDONE,pirfenidone,11
PNEUMOcocca,pneumococca,11
PNEUMOcoccal ,pneumococcal,12
PNEUMOcoccal 13-valent conjugate vaccine,pneumococcal 13-valent conjugate vaccine,40
PNEUMOcoccal 20-valent conjugate vaccine,pneumococcal 20-valent conjugate vaccine,40
PNEUMOcoccal 23-valent polysaccharide vaccine,pneumococcal 23-valent polysaccharide vaccine,45
PNEUMOcoccal Vac Polyvalent,pneumococcal vac polyvalent,27
PNV Multi + DHA,pnv multi + dha,15
PNV cmb#95-ferrous fumarate-FA,pnv cmb#95-ferrous fumarate-fa,30
PNV no.153-FA-om3-dha-epa-fish,pnv no.153-fa-om3-dha-epa-fish,30
"PNV no.63-iron,carbonyl-FA-dha",pnv no.63-ironcarbonyl-fa-dha,29
"PNV with Ca,No.72-Iron-FA",pnv with carbonateno.72-iron-fa,31
PNV- DHA,pnv- dha,8
PNV-DHA,pnv-dha,7
PNV-DHA soft gel,pnv-dha soft gel,16
PONATinib,ponatinib,9
PR Natal 400,pr natal 400,12
PRALAtrexate,pralatrexate,12
PROzac,prozac,6
PROzac Brand (fluoxetine),prozac (fluoxetine),19
PT-2977,pt-2977,7
PaXIL CR,paxil cr,8
Pacerone,pacerone,8
Paclitaxel-Protein Bound (Abraxane),paclitaxel-protein bound (abraxane),35
Palbociclib,palbociclib,11
Paliperidone,paliperidone,12
Paliperidone ER,paliperidone er,15
Paliperidone Palmitate,paliperidone palmitate,22
Palivizumab,palivizumab,11
Palonosetron,palonosetron,12
Pamidronate,pamidronate,11
Pamprin Max,pamprin max,11
Pamprin Multi-Symptom,pamprin multi-symptom,21
Panc,pancrease,9
Pancrease MT 10,pancrease mt 10,15
Pancrease MT 16,pancrease mt 16,15
Pancrease MT 20,pancrease mt 20,15
Pancreatin 4X,pancreatin 4x,13
Pancreaze,pancreaze,9
"Pancreaze 16,800-98,400-56,800",pancreaze 16800-98400-56800,27
Pancreaze DR,pancreaze dr,12
"Pancrelipase 16,000",pancrelipase 16000,18
Pancrelipase 4500,pancrelipase 4500,17
Pancrelipase 5000,pancrelipase 5000,17
Pancuronium Bromide,pancuronium bromide,19
Pange,pangestyme,10
Pangesty,pangestyme,10
Pangestym,pangestyme,10
Pangestyme EC,pangestyme ec,13
Pangestyme-EC,pangestyme-ec,13
Panhematin,panhematin,10
Panitumumab,panitumumab,11
Panobinostat *NF*,panobinostat,12
Pant,pantoprazol,11
Panto,pantoprazol,11
Pantopr,pantoprazol,11
Pantopra,pantoprazol,11
Pantoprazo,pantoprazol,11
Pantoprazol,pantoprazol,11
Pantoprazole,pantoprazole,12
Pantoprazole (Granules for DR Suspension),pantoprazole (granules dr),26
Pantoprazole (Self Med),pantoprazole,12
Papain 2.5 % Solution,papain 2.5%,11
Papain-Urea Ointment,papain-urea,11
Papain-Urea Spray,papain-urea,11
Papaverine HCl,papaverine hcl,14
Paramavir,paramavir,9
Parcopa,parcopa,7
Paregoric,paregoric,9
Parenteral Nutrition (TPN),parenteral nutrition (tpn),26
Paricalcitol,paricalcitol,12
Paricalcitol (ZEMplar) ,paricalcitol (zemplar),22
Paricalcitol Oral Syringe,paricalcitol syringe,20
Parnate,parnate,7
Paromomycin,paromomycin,11
Parox,parox,5
Paroxet,paroxet,7
Paroxetine,paroxetine,10
Paroxetine ER 12.5mg,paroxetine er 12.5mg,20
Paroxetine HCl,paroxetine hcl,14
Paroxetine Mesylate,paroxetine mesylate,19
Pataday,pataday,7
Patanase,patanase,8
Patanol,patanol,7
Patient Own Narc A,patient own narc a,18
Patient Specific Narc Drip,patient specific narc drip,26
Patient Specific Narcotic,patient specific narcotic,25
PaxiL,paxil,5
Paxil,paxil,5
Paxil CR,paxil cr,8
Paxlovid (EUA),paxlovid (eua),14
Pazeo,pazeo,5
Pazopanib,pazopanib,9
Pazopanib (Votrient),pazopanib (votrient),20
Pazopanib Non Normulary,pazopanib non normulary,23
PegIntron,pegintron,9
PegIntron Redipen,pegintron redipen,17
Pegaspargase,pegaspargase,12
Pegaspargase*,pegaspargase,12
Pegasys,pegasys,7
Pegcetacoplan,pegcetacoplan,13
Pegfilgrastim,pegfilgrastim,13
Pegfilgrastim Onpro (On Body Injector) ,pegfilgrastim onpro (on body injector),38
Pegfilgrastim-cbqv,pegfilgrastim-cbqv,18
Peginterferon ,peginterferon,13
Peginterferon Alf,peginterferon alf,17
Peginterferon Alfa-2a,peginterferon alfa-2a,21
Peginterferon alfa 2b,peginterferon alfa 2b,21
Peginterferon alfa-2b,peginterferon alfa-2b,21
Pemetrexed,pemetrexed,10
Penbutolol (Levatol),penbutolol (levatol),20
Penicillamine,penicillamine,13
Penicillamine (Cuprimine),penicillamine (cuprimine),25
Penicillin ,penicillin,10
Penicillin G Benzathine,penicillin g benzathine,23
Penicillin G K Desensitization,penicillin g k desensitization,30
Penicillin G K Graded Challenge,penicillin g k graded challenge,31
Penicillin G Potassium,penicillin g potassium,22
Penicillin V Potassium,penicillin v potassium,22
Pentamidine Inhalation,pentamidine,11
Pentamidine Isethionate,pentamidine isethionate,23
Pentamidine-Inhalation,pentamidine-,12
Pentasa,pentasa,7
Pentosan Polysulfate Sodium,pentosan polysulfate sodium,27
Pentostatin,pentostatin,11
Pentoxifylline,pentoxifylline,14
Pentoxifylline 200mg/Vit E 50IU,pentoxifylline 200mg/vit e 50iu,31
Pentoxifylline w/Vit.E,pentoxifylline w/vit.e,22
Pentoxifylline/Vit E,pentoxifylline/vit e,20
Pentoxifylline/Vit E 200mg/50 IU,pentoxifylline/vit e 200mg/50 iu,32
Pepcid,pepcid,6
Pepcid Complete,pepcid complete,15
Pepogest,pepogest,8
Pepto-Bismol,pepto-bismol,12
Peramavir,peramavir,9
Peramivir,peramivir,9
Peramivir (PF),peramivir (pf),14
Perampanel *NF*,perampanel,10
Percocet,percocet,8
Percocet 7.5 mg-325 mg ,percocet 7.5mg-325mg,20
Perforomist,perforomist,11
Perforomist (Fometerol Fumarate),perforomist (fometerol fumarate),32
Perforomist (Formoterol),perforomist (formoterol),24
Perforomist (formoterol),perforomist (formoterol),24
Perforomist 20mcg/2ml,perforomist 20mcg/2ml,21
Peridex,peridex,7
Periogard,periogard,9
Permethrin,permethrin,10
Permethrin Lice Treatment,permethrin lice treatment,25
Perphenazine,perphenazine,12
Pertuzumab,pertuzumab,10
Petroleum Jelly,petroleum jelly,15
"Petroleum Jelly, White",petroleum jelly white,21
Pfizer-BioNTech mRNA COVID-19 Vaccine,pfizer-biontech mrna covid-19 vaccine,37
Pfizer-BioNTech mRNA bivalent COVID-19 Vaccine,pfizer-biontech mrna bivalent covid-19 vaccine,46
Phazyme,phazyme,7
PhenAZOPYRIDine,phenazopyridine,15
Phenaseptic Throat Spray,phenaseptic,11
Phenazopyridine,phenazopyridine,15
Phenazopyridine HCl,phenazopyridine hcl,19
Phenelzine Sulfate,phenelzine sulfate,18
Pheno,phenobarbital,13
Phenobar,phenobarbital,13
Phenobarbital,phenobarbital,13
Phenoxybenzamine HCl,phenoxybenzamine hcl,20
Phentolamine Mesylate,phentolamine mesylate,21
Phenylephrine,phenylephrine,13
Phenylephrine  0.5% Nasal Spray,phenylephrine 0.5%,18
Phenylephrine (For Priapism),phenylephrine (priapism),24
Phenylephrine 1% Nasal Spray,phenylephrine 1%,16
Phenylephrine 10 % Ophth Soln,phenylephrine 10%,17
Phenylephrine 2.5 % Ophth Soln,phenylephrine 2.5%,18
Phenylephrine HCl in NS (PF),phenylephrine hcl in ns (pf),28
Phenyleprhine Ophth Soln 10%,phenyleprhine 10%,17
Phenytek,phenytek,8
Phenytoi,phenytoi,8
Phenytoin,phenytoin,9
Phenytoin ,phenytoin,9
Phenytoin (Suspension),phenytoin,9
Phenytoin Infatab,phenytoin infatab,17
Phenytoin Patch for Allergy Testing,phenytoin patch allergy testing,31
Phenytoin Sodium,phenytoin sodium,16
Phenytoin Sodium (IV),phenytoin sodium,16
Phenytoin Sodium Extended,phenytoin sodium extended,25
Phillips Colon Health,phillips colon health,21
Phillips Milk of Magnesia,phillips milk of magnesia,25
Phos,phos,4
PhosLo,phoslo,6
Phospha,phospha,7
Phospha 250 Neutral,phospha 250 neutral,19
Phospholine Iodide,phospholine iodide,18
Phospholine Iodide 0.125%,phospholine iodide 0.125%,25
Phosphorus,phosphorus,10
Phy,phytonadione,12
Physostigmine Salicylate,physostigmine salicylate,24
Phyt,phytonadione,12
Phyto,phytonadione,12
Phyton,phytonadione,12
Phytona,phytonadione,12
Phytonad,phytonadione,12
Phytonadi,phytonadione,12
Phytonadione,phytonadione,12
Phytonadione (Vitamin K1),phytonadione (vitamin k1),25
Phytonadione 10mg/1mL 1mL AMP,phytonadione 10mg/1ml 1ml amp,29
Phytonadione Oral Solution,phytonadione,12
Pifeltro,pifeltro,8
Pilocarpine,pilocarpine,11
Pilocarpine 0.125% Ophth Soln,pilocarpine 0.125%,18
Pilocarpine 0.5%,pilocarpine 0.5%,16
Pilocarpine 1%,pilocarpine 1%,14
Pilocarpine 2%,pilocarpine 2%,14
Pilocarpine 4%,pilocarpine 4%,14
Pilocarpine 5mg,pilocarpine 5mg,15
Pilocarpine 6%,pilocarpine 6%,14
Pilocarpine 7.5mg TAB,pilocarpine 7.5mg,17
Pilocarpine HCl,pilocarpine hcl,15
Pilocarpine Ophthalmic,pilocarpine ophthalmic,22
Pilopine HS,pilopine hs,11
Pimecrolimus,pimecrolimus,12
Pimecrolimus (Elidel),pimecrolimus (elidel),21
Pimozide,pimozide,8
Pindolol,pindolol,8
Pink Bismuth,pink bismuth,12
Pioglitazone,pioglitazone,12
Pioglitazone HCl,pioglitazone hcl,16
Pioglitazone-Metformin,pioglitazone-metformin,22
Piperacilli 4.5g/100mL 100mL Bag,piperacilli 4.5g/100ml 100ml,28
Piperacillin-Tazo Graded Challenge,piperacillin-tazo graded challenge,34
Piperacillin-Tazobactam,piperacillin-tazobactam,23
Piperacillin-Tazobactam Na,piperacillin-tazobactam na,26
Piperacillin-Tazobactam-Heparin Lock,piperacillin-tazobactam-heparin lock,36
Pirbuterol (Maxair),pirbuterol (maxair),19
Pirfenidone (ESBRIET) ,pirfenidone (esbriet),21
Pirfenidone (ESBRIET) 801 mg,pirfenidone (esbriet) 801mg,27
Pirmella,pirmella,8
Piroxicam,piroxicam,9
Pitocin,pitocin,7
Plan B,plan b,6
Plaquenil,plaquenil,9
Plaquenil (brand name),plaquenil,9
Plasma-Lyte 148,plasma-lyte 148,15
Plavix,plavix,6
PleTAL,pletal,6
Plegridy,plegridy,8
Plerixafor,plerixafor,10
Pletal,pletal,6
Pneumococcal Vac Polyvalent,pneumococcal vac polyvalent,27
Polatuzumab vedotin-piiq,polatuzumab vedotin-piiq,24
Polio Vaccine,polio vaccine,13
Poly-Iron 150 Forte,poly-iron 150 forte,19
Polyethylene Glycol,polyethylene glycol,19
Polyethylene Glycol 3350,polyethylene glycol 3350,24
Polyethylene Glycol 400 (Bulk),polyethylene glycol 400,23
Polymyxin B -Trimethoprim Ophth Soln,polymyxin b -trimethoprim,25
Polymyxin B Sul-Trimethoprim,polymyxin b sulfate-trimethoprim,32
Polymyxin B Sulfate,polymyxin b sulfate,19
Polysaccharide Iron,polysaccharide iron,19
Polysaccharide Iron Complex,polysaccharide iron complex,27
Polytrim,polytrim,8
Polytrim (trimethoprim + polymyxin B),polytrim (trimethoprim + polymyxin b),37
Polyvinyl,polyvinyl,9
Polyvinyl ,polyvinyl,9
Polyvinyl Alcohol,polyvinyl alcohol,17
Polyvinyl Alcohol-Povidone,polyvinyl alcohol-povidone,26
Pomalidomide,pomalidomide,12
Pomalyst,pomalyst,8
Pomalyst (pomalidomide),pomalyst (pomalidomide),23
Ponatinib,ponatinib,9
Porfimer Sodium,porfimer sodium,15
Portia,portia,6
Portialevonorgestrel-ethinyl estradiol,portialevonorgestrel-ethinyl estradiol,38
Posaco,posaco,6
Posaconazole,posaconazole,12
Posaconazole Delayed Release Tablet,posaconazole delayed release,28
Posaconazole Desensitization,posaconazole desensitization,28
Posaconazole Suspension,posaconazole,12
Potas,potassium,9
Potassi,potassium,9
Potassiu,potassium,9
Potassium,potassium,9
Potassium ,potassium,9
Potassium 10mEq/100mL 100mL IVPB,potassium 10meq/100ml 100ml ivpb,32
Potassium Acetate,potassium acetate,17
Potassium Bicarbonate Eff,potassium bicarbonate eff,25
Potassium C 20mEq/50mL 50mL IVPB,potassium c 20meq/50ml 50ml ivpb,32
Potassium Ch,potassium ch,12
Potassium Chl,potassium chl,13
Potassium Chloride,potassium chloride,18
Potassium Chloride ,potassium chloride,18
Potassium Chloride (Klor-conM10),potassium chloride (klor-conm10),32
Potassium Chloride (Po 20mEq PKT,potassium chloride (po 20meq,28
Potassium Chloride (Powder),potassium chloride (powder),27
Potassium Chloride (for Fetal Reduction),potassium chloride (fetal reduction),36
Potassium Chloride 10mEq TAB,potassium chloride 10meq,24
Potassium Chloride 10meq Capsules,potassium chloride 10meq,24
Potassium Chloride Oral Sol,potassium chloride,18
Potassium Chloride Oral Soln,potassium chloride,18
Potassium Chloride Replacement (Critical Care and Oncology),potassium chloride replacement (critical care and oncology),59
Potassium Chloride Replacement (Critical Care and Oncology) ,potassium chloride replacement (critical care and oncology),59
Potassium Chloride Replacement (Oncology),potassium chloride replacement (oncology),41
Potassium Citrate,potassium citrate,17
Potassium Citrate ERT 10 mEq TAB,potassium citrate ert 10 meq,28
Potassium Iodide,potassium iodide,16
Potassium Phosphate,potassium phosphate,19
Potassium Phosphate Replacement (Oncology),potassium phosphate replacement (oncology),42
Povidone,povidone,8
Povidone I,povidone i,10
Povidone Iodine,povidone iodine,15
Povidone Iodine ,povidone iodine,15
Povidone Iodine 1/2 Strength,povidone iodine 1/2 strength,28
Povidone Iodine 1/4 Strength,povidone iodine 1/4 strength,28
Povidone Iodine 1/8 Strength,povidone iodine 1/8 strength,28
Povidone Iodine 10%,povidone iodine 10%,19
Povidone Iodine 10% Ointment,povidone iodine 10%,19
Pradaxa,pradaxa,7
Pralatrexate,pralatrexate,12
Pralidoxime Chloride,pralidoxime chloride,20
Praluent Pen,praluent pen,12
Pramipexole,pramipexole,11
Pramlintide,pramlintide,11
Pramlintide (Symlin),pramlintide (symlin),20
Pramlintide(SYMLIN),pramlintide(symlin),19
Pramoxine,pramoxine,9
Pramoxine-Menthol-Petrolatum,pramoxine-menthol-petrolatum,28
Pramoxine-Mineral Oil-Zinc,pramoxine-mineral oil-zinc,26
Prandin,prandin,7
Prasterone (DHEA),prasterone (dhea),17
Prasugrel,prasugrel,9
Pravastatin,pravastatin,11
Prax,prax,4
Praziquantel,praziquantel,12
Prazosin,prazosin,8
Prazosin HCl,prazosin hcl,12
Pre,pre,3
PreNatal Gummy Vitamins,prenatal vitamins,17
Precious Gems Prenatal Gummies,precious gems prenatal,22
Precose,precose,7
Pred,pred,4
Pred Forte,pred forte,10
Pred Forte NF,pred forte nf,13
PredForte (prednisolone acetate) 1%,predforte (prednisolone acetate) 1%,35
PredForte (prednisolone) 1%,predforte (prednisolone) 1%,27
PredForte 1% eye drops,predforte 1%,12
Predn,prednisolone,12
Predni,prednisolone,12
PredniSONE,prednisone,10
PredniSONE (Self Med),prednisone,10
Prednis,prednisolone,12
Predniso,prednisolone,12
PrednisoLONE Acetate ,prednisolone acetate,20
PrednisoLONE Acetate 0.12% Ophth. Susp.,prednisolone acetate 0.12% . .,30
PrednisoLONE Acetate 1% Ophth. Susp.,prednisolone acetate 1% . .,27
PrednisoLONE Oral Solution,prednisolone,12
PrednisoLONE acetate,prednisolone acetate,20
Prednisol,prednisolone,12
Prednisolone,prednisolone,12
Prednisolone ,prednisolone,12
Prednisolone (prelone),prednisolone (prelone),22
Prednisolone Acetate,prednisolone acetate,20
Prednisolone Sodium Phosphate,prednisolone sodium phosphate,29
Prednisone,prednisone,10
Prednisone ,prednisone,10
Prednisone 40 mg/0mg,prednisone 40mg/0mg,19
Prednisone 40 mg/0mg ,prednisone 40mg/0mg,19
Prednisone Intensol,prednisone intensol,19
Prefera-OB One,prefera-ob one,14
Prefera-OB Plus DHA,prefera-ob plus dha,19
Preg,preg,4
Pregaba,pregaba,7
Pregabalin,pregabalin,10
Pregabalin (Lyrica),pregabalin (lyrica),19
Pregabalin Oral Solution,pregabalin,10
Prelone,prelone,7
Premarin,premarin,8
Prempro,prempro,7
Prempro ,prempro,7
Prempro (0.45mg/1.5mg),prempro (0.45mg/1.5mg),22
Prempro (conj estro-medroxyprog),prempro (conj estro-medroxyprog),32
Prempro (conj.estrogen/medroxyprogesterone),prempro (conj.estrogen/medroxyprogesterone),43
Prempro 0.3mg/1.5mg,prempro 0.3mg/1.5mg,19
Prena1 Chew,prena1 chew,11
Prena1 Pearl,prena1 pearl,12
PrenaPlus,prenaplus,9
Prenatabs Rx,prenatabs rx,12
Prenatal,prenatal,8
Prenatal ,prenatal,8
Prenatal + DHA,prenatal + dha,14
Prenatal 1 ,prenatal 1,10
Prenatal 19,prenatal 19,11
Prenatal Care,prenatal care,13
Prenatal Chewable Tabs,prenatal,8
Prenatal Complete,prenatal complete,17
Prenatal DHA,prenatal dha,12
Prenatal DHA & Folic Acid,prenatal dha & folic acid,25
Prenatal DHA+Complete Prenatal,prenatal dha+complete prenatal,30
Prenatal Formula,prenatal formula,16
Prenatal Formula (Smarty Pants),prenatal formula (smarty pants),31
Prenatal Formula-DHA,prenatal formula-dha,20
Prenatal Gummie vitamins,prenatal gummie vitamins,24
Prenatal Gummies,prenatal,8
"Prenatal Gummies ""NF""","prenatal ""nf""",13
Prenatal Gummies (CVS),prenatal (cvs),14
Prenatal Gummies Vitamins,prenatal vitamins,17
Prenatal Gummy,prenatal,8
Prenatal Gummy ,prenatal,8
Prenatal Gummy  (PNV62-FA-om3-dha-epa-fish oil) ,prenatal (pnv62-fa-om3-dha-epa-fish oil),40
Prenatal Gummy (Target),prenatal (target),17
Prenatal Multi,prenatal multi,14
Prenatal Multi + DHA,prenatal multi + dha,20
Prenatal Multi-DHA (algal oil),prenatal multi-dha (algal oil),30
Prenatal Multivitamin,prenatal multivitamin,21
Prenatal Multivitamin/Mineral,prenatal multivitamin/mineral,29
Prenatal Multivitamins,prenatal multivitamins,22
Prenatal Multivitamins +DHA,prenatal multivitamins +dha,27
Prenatal One,prenatal one,12
Prenatal One Daily,prenatal one,12
Prenatal Petite Mini Tab,prenatal petite mini,20
Prenatal Plus,prenatal plus,13
Prenatal Plus (calcium carb),prenatal plus (calcium carbamazepine),37
Prenatal Plus DHA,prenatal plus dha,17
Prenatal Tablet,prenatal,8
Prenatal Vit-Calcium-FA-Fe,prenatal vit-calcium-fa-fe,26
Prenatal Vit-Iron Fumarate-FA,prenatal vit-iron fumarate-fa,29
Prenatal Vitamin,prenatal vitamin,16
Prenatal Vitamin  *NF*,prenatal vitamin,16
Prenatal Vitamin (Natures Bounty),prenatal vitamin (natures bounty),33
Prenatal Vitamin (Smarty Pants),prenatal vitamin (smarty pants),31
Prenatal Vitamin 200mg DHA,prenatal vitamin 200mg dha,26
Prenatal Vitamin with Minerals,prenatal vitamin with minerals,30
Prenatal Vitamin(Wellness Essentials Pregnancy),prenatal vitamin(wellness essentials pregnancy),47
Prenatal Vitamins,prenatal vitamins,17
Prenatal Vitamins (Wellness Essentials),prenatal vitamins (wellness essentials),39
Prenatal Vitamins Low Iron,prenatal vitamins low iron,26
Prenatal Vitamins-Iron-FA,prenatal vitamins-iron-fa,25
Prenatal vit,prenatal vit,12
Prenatal vitamin,prenatal vitamin,16
Prenatal with DHA & folic acid,prenatal with dha & folic acid,30
Prenatal with iron,prenatal with iron,18
Prenatal-1,prenatal-1,10
Prenatal-DHA,prenatal-dha,12
Prenatal-Folic Acid,prenatal-folic acid,19
Prenate DHA,prenate dha,11
Prenate Elite,prenate elite,13
Prenate Elite ,prenate elite,13
Preparation H,preparation h,13
Preparation H (Witch Hazel),preparation h (witch hazel),27
Preparation H Maximum Strength,preparation h maximum strength,30
"Preparation H(pe, witch hazel)",preparation h(pe witch hazel),29
"Preparation H(pe,cb)",preparation h(pecb),19
Prepopik,prepopik,8
Prepopik(Sod.Picosulf.-Mag.Oxide-Citric acid),prepopik(sodium.picosulf.-mag.oxide-citric acid),48
Prepopik(sod picosulf-mag ox-citric acid),prepopik(sodium picosulf-mag ox-citric acid),44
PreserVision,preservision,12
PreserVision ,preservision,12
PreserVision AREDS,preservision areds,18
"PreserVision AREDS (vitamins A,C,E-zinc-copper)",preservision areds (vitamins ace-zinc-copper),45
PreserVision AREDS 2,preservision areds 2,20
PreserVision AREDS-2,preservision areds-2,20
PreserVision Areds 2    ,preservision areds 2,20
PreserVision Lutein,preservision lutein,19
PreserVision Lutein 226-200-5-0.8 mg-unit-mg-mg ,preservision lutein 226-200-5-0.8mg-unit-mg-mg,46
"PreserVision( vit A,C,E-zinc-copper)",preservision(vit ace-zinc-copper),33
Preservative -Free Artificial tears,preservative - artificial tears,31
Preservative-Free Artificial Tears,preservative- artificial tears,30
"Preservision (lutein, vit c, vit e, zinc, copper)",preservision (lutein vit c vit e zinc copper),45
PrevACID,prevacid,8
PrevACID 24Hr,prevacid 24hr,13
PrevACID SoluTab,prevacid solutab,16
PrevPAC,prevpac,7
Prevacid,prevacid,8
Prevacid 24Hr,prevacid 24hr,13
Prevacid SoluTab,prevacid solutab,16
Prevalite,prevalite,9
PreviDent 5000 Plus,prevident 5000 plus,19
Prevnar 13 (PF),prevnar 13 (pf),15
Prevpac,prevpac,7
Prezcobix,prezcobix,9
Prezcobix (darunavir-cobicistat),prezcobix (darunavir-cobicistat),32
PriLOSEC,prilosec,8
PriLOSEC OTC,prilosec otc,12
PriMAXin IV,primaxin,8
Pridopidine ,pridopidine,11
Prilolid,prilolid,8
Prilosec,prilosec,8
Prilosec OTC,prilosec otc,12
Primaquine Phosphate,primaquine phosphate,20
PrimiDONE,primidone,9
Primidone,primidone,9
Pristiq,pristiq,7
Pristiq (desvenlafaxine),pristiq (desvenlafaxine),24
Pristiq 50mg ,pristiq 50mg,12
Pristiq 50mg tab,pristiq 50mg,12
Pristiq ER,pristiq er,10
Pristiq ER (desvenlafaxine),pristiq er (desvenlafaxine),27
Pro,pro,3
ProAir HFA,proair hfa,10
ProAir HFA (Albuterol Sulf.),proair hfa (albuterol sulfate.),31
ProAir HFA (albuterol),proair hfa (albuterol),22
ProAir HFA 90 mcg,proair hfa 90 mcg,17
ProAir HFA 90mcg/actuation,proair hfa 90mcg/actuation,26
ProAir RespiClick,proair respiclick,17
ProGest,progest,7
ProSource,prosource,9
ProTONIX,protonix,8
Probenecid,probenecid,10
Probiotic,probiotic,9
Probiotic ,probiotic,9
Probiotic  ,probiotic,9
Probiotic & Acidophilus,probiotic & acidophilus,23
Probiotic (S.boulardii),probiotic (sodium.boulardii),28
Probiotic 10,probiotic 10,12
Probiotic Acidophilus,probiotic acidophilus,21
Probiotic Acidophilus Biobeads,probiotic acidophilus biobeads,30
Probiotic Blend,probiotic blend,15
Probiotic Colon Care,probiotic colon care,20
Probiotic Colon Health,probiotic colon health,22
Probiotic Formula,probiotic formula,17
Probiotic VSL#3,probiotic vsl#3,15
Probiotic-10,probiotic-10,12
Procainamide,procainamide,12
Procainamide SR,procainamide sr,15
Procarbazine HCl,procarbazine hcl,16
Procardia XL,procardia xl,12
Proch,proch,5
Prochlorperazine,prochlorperazine,16
Prochlorperazine 10mg VIAL,prochlorperazine 10mg,21
Prochlorperazine Maleate,prochlorperazine maleate,24
Procrit,procrit,7
"Procrit  20,000 units",procrit 20000 units,19
Procto,procto,6
Proctofoam HC 1%-1%,proctofoam hc 1%-1%,19
Proctosol HC,proctosol hc,12
Proctozone-HC,proctozone-hc,13
Profend,profend,7
Profilnine SD,profilnine sd,13
Proges,proges,6
Progesterone,progesterone,12
Progesterone ,progesterone,12
Progesterone Micronized,progesterone micronized,23
Progesterone in Oil,progesterone in oil,19
Progesterone micronized,progesterone micronized,23
Progesterone micronized 200mg Cap,progesterone micronized 200mg,29
Progesterone/E2/E3/DHEA/TESTOSTERONE,progesterone/e2/e3/dhea/testosterone,36
Proglycem,proglycem,9
Prograf,prograf,7
Prograf Suspension,prograf,7
Prolastin-C,prolastin-c,11
Prolensa,prolensa,8
Prolensa (Bromphenac ophtalmic),prolensa (bromphenac ophtalmic),31
Prolensa (bromfenac),prolensa (bromfenac),20
Prolensa (bromfenac) 0.07%,prolensa (bromfenac) 0.07%,26
Prolensa(Bromfenac) 0.07%,prolensa(bromfenac) 0.07%,25
Promacta,promacta,8
Promethazine,promethazine,12
Promethazine HCl,promethazine hcl,16
Prometrium,prometrium,10
Promiseb cream,promiseb,8
Prop,prop,4
Propafen,propafen,8
Propafenone,propafenone,11
Propafenone (Immediate Release),propafenone (immediate release),31
Propafenone HCl,propafenone hcl,15
Propantheline Bromide,propantheline bromide,21
Proparacaine HCl 0.5% Opth.,proparacaine hcl 0.5% .,23
Propecia,propecia,8
Propimex-2,propimex-2,10
Propofol,propofol,8
Propofol 1000mg/100mL 100mL VIAL,propofol 1000mg/100ml 100ml,27
Propofol 200mg/20mL 20mL VIAL,propofol 200mg/20ml 20ml,24
Propofol Intradermal ,propofol intradermal,20
Propoxyphene,propoxyphene,12
Propoxyphene HCl,propoxyphene hcl,16
Propoxyphene Nap.-Apap (N-100),propoxyphene nap.-apap (n-100),30
Propr,propranolol,11
Propra,propranolol,11
Propran,propranolol,11
Proprano,proprano,8
Propranol,propranolol,11
Propranolo,propranolol,11
Propranolol,propranolol,11
Propranolol ,propranolol,11
Propranolol 20mg Tab,propranolol 20mg,16
Propranolol HCl,propranolol hcl,15
Propranolol LA,propranolol la,14
Propylt,propylt,7
Propylthiouracil,propylthiouracil,16
Propylthiouracil Enema,propylthiouracil enema,22
Protamine Sulfate,protamine sulfate,17
Protein C Concentrate Human,protein c concentrate,21
Protonix,protonix,8
Protonix (Granules for DR Suspension),protonix (granules dr),22
Protopic,protopic,8
Proventil HFA,proventil hfa,13
Provera,provera,7
Provigil,provigil,8
Prozac,prozac,6
Prozac *Brand Name*,prozac,6
Prunelax,prunelax,8
Pseudoephedrine,pseudoephedrine,15
Pseudoephedrine HCl,pseudoephedrine hcl,19
Psyllium,psyllium,8
Psyllium Husk,psyllium husk,13
Psyllium Powder,psyllium powder,15
Psyllium Wafer,psyllium wafer,14
Pulmicort,pulmicort,9
Pulmicort  180mcg,pulmicort 180mcg,16
Pulmicort (Budesonide),pulmicort (budesonide),22
Pulmicort (budesonide),pulmicort (budesonide),22
Pulmicort (budesonide) ,pulmicort (budesonide),22
Pulmicort Flexhaler,pulmicort flexhaler,19
Pulmicort Flexhaler (budesonide),pulmicort flexhaler (budesonide),32
Pulmicort Flexhaler 180 mcg,pulmicort flexhaler 180 mcg,27
Pulmicort Flexhaler 180mcg,pulmicort flexhaler 180mcg,26
Pulmicort Flexhaler 180mcg/puff,pulmicort flexhaler 180mcg/puff,31
Pulmozyme,pulmozyme,9
Pylera,pylera,6
Pyrazinamide,pyrazinamide,12
Pyrid,pyrid,5
Pyridium,pyridium,8
Pyridostigmi,pyridostigmi,12
Pyridostigmine,pyridostigmine,14
Pyridostigmine ,pyridostigmine,14
Pyridostigmine Bromide,pyridostigmine bromide,22
Pyridostigmine Bromide SR,pyridostigmine bromide sr,25
Pyridostigmine Bromide Syrup,pyridostigmine bromide,22
Pyridoxine,pyridoxine,10
Pyridoxine HCl,pyridoxine hcl,14
Pyrimethamine,pyrimethamine,13
Pyrimethamine *NF*,pyrimethamine,13
Pyrimethamine 25 mg/leucovorin 10 mg,pyrimethamine 25mg/leucovorin 10mg,34
Pyrimethamine Desensitization,pyrimethamine desensitization,29
QNASL,qnasl,5
QNASL beclomethasone dipropionate,qnasl beclomethasone dipropionate,33
QUALAQUIN,qualaquin,9
QUEtiap,quetiapine,10
QUEtiapine,quetiapine,10
QUEtiapine Fumarate,quetiapine fumarate,19
QUEtiapine Fumarate 25mg TAB,quetiapine fumarate 25mg,24
QUEtiapine Fumarate 50mg TAB,quetiapine fumarate 50mg,24
QUEtiapine Oral Suspension,quetiapine,10
QUEtiapine extended-release,quetiapine extended-release,27
QVAR 40 mcg ,qvar 40 mcg,11
QVAR beclomethasone dipropionate,qvar beclomethasone dipropionate,32
Qualaquin,qualaquin,9
Quasense,quasense,8
Quasense (Levonorgestrel/Ethinyl Estradiol),quasense (levonorgestrel/ethinyl estradiol),43
Questran,questran,8
Questran Light,questran light,14
Quetiapin,quetiapine,10
Quetiapine,quetiapine,10
Quetiapine Fumarate,quetiapine fumarate,19
Quetiapine Fumarate (Seroquel),quetiapine fumarate (seroquel),30
Quetiapine Fumarate (Serroquel),quetiapine fumarate (serroquel),31
Quetiapine Oral Suspension,quetiapine,10
Quetiapine Suspension (SEROquel Brand),quetiapine (seroquel),21
Quetiapine extended-release,quetiapine extended-release,27
QuiNIDine,quinidine,9
QuiNIDine Gluconate,quinidine gluconate,19
QuiNIDine Gluconate E.R.,quinidine gluconate e.r.,24
QuiNIDine Sulfate,quinidine sulfate,17
QuiNINE Sulfate,quinine sulfate,15
Quinacrine (Bulk),quinacrine,10
Quinapril,quinapril,9
Quinidine Gluconate,quinidine gluconate,19
Quinine Sulfate,quinine sulfate,15
Quinupristin-Dalfopristin,quinupristin-dalfopristin,25
Quixin 0.5%,quixin 0.5%,11
Qvar,qvar,4
Qvar RediHaler,qvar redihaler,14
Qvar RediHaler (beclomethasone dipropionate),qvar redihaler (beclomethasone dipropionate),44
Qvar RediHaler (beclomethasone),qvar redihaler (beclomethasone),31
Qvar RediHaler 80mcg,qvar redihaler 80mcg,20
Qvar RediHaler Beclomethasone,qvar redihaler beclomethasone,29
RABEprazol,rabeprazol,10
RABEprazole,rabeprazole,11
RABEprazole (Aciphex),rabeprazole (aciphex),21
RABEprazole 20mg,rabeprazole 20mg,16
RABEprazole Sod DR,rabeprazole sodium dr,21
RABEprazole Sod Dr,rabeprazole sodium dr,21
RAW MEAL ENERGY,raw meal energy,15
RELPAX,relpax,6
RELPAX (eletriptan),relpax (eletriptan),19
RESTASIS,restasis,8
REVLIMID,revlimid,8
REVLIMID (Lenalidomide),revlimid (lenalidomide),23
REVLIMID (lenalidomide),revlimid (lenalidomide),23
REVLIMID Lenalidomide,revlimid lenalidomide,21
RISperidone,risperidone,11
RISperidone (Disintegrating Tablet),risperidone (disintegrating),28
RISperidone Long Acting Injection,risperidone long acting injection,33
RISperidone Oral Solution,risperidone,11
RITONAvir,ritonavir,9
RITUXimab,rituximab,9
RITUXimab*,rituximab,9
ROSE- Cisatracurium,rose- cisatracurium,19
RUXO5INV,ruxo5inv,8
RYTARY ER,rytary er,9
Rabeprazole,rabeprazole,11
Rabies Immune Globulin,rabies immune globulin,22
Rabies Vaccine,rabies vaccine,14
Racepinephrine,racepinephrine,14
Racepinephrine 0.5mL Neb,racepinephrine 0.5ml neb,24
Racepinephrine 2.25% Soln,racepinephrine 2.25%,20
Radiagel,radiagel,8
Raid Adminstration of Carnitine in Sepsis,raid adminstration of carnitine in sepsis,41
Raloxifene,raloxifene,10
Raltegravir,raltegravir,11
Raltegravir 400mg tablet,raltegravir 400mg,17
Ramelteon,ramelteon,9
Ramelteon (Rozerem),ramelteon (rozerem),19
Ramipril,ramipril,8
Ramucirumab,ramucirumab,11
Ranexa,ranexa,6
Ranitidin,ranitidin,9
Ranitidine,ranitidine,10
Ranitidine ,ranitidine,10
Ranitidine (Liquid),ranitidine,10
Ranitidine HCl,ranitidine hcl,14
Ranolazine,ranolazine,10
Ranolazine ER,ranolazine er,13
Rapaflo,rapaflo,7
Rapaflo (silodosin),rapaflo (silodosin),19
Rapamune,rapamune,8
Rasagiline,rasagiline,10
Rasagiline (Azilect)  1mg tab,rasagiline (azilect) 1mg,24
Rasagiline 1mg,rasagiline 1mg,14
Rasburicase,rasburicase,11
Rayos,rayos,5
Razadyne,razadyne,8
Razadyne ER,razadyne er,11
Readi-Cat,readi-cat,9
Readi-Cat 2,readi-cat 2,11
Readi-Cat 2 (Barium Sulfate 2% Suspension),readi-cat 2 (barium sulfate 2%),31
Rebif,rebif,5
Rebif (with albumin),rebif (with albumin),20
Rebif Titration Pack,rebif titration,15
Reclast,reclast,7
Reclipsen,reclipsen,9
Rectiv,rectiv,6
Rectiv (nitroglycerin) 0.4%,rectiv (nitroglycerin) 0.4%,27
Redmond RealSalt,redmond realsalt,16
Refresh,refresh,7
Refresh Artifical Tears,refresh artifical tears,23
Refresh Celluvisc,refresh celluvisc,17
Refresh Liquigel,refresh liquigel,16
Refresh Optive,refresh optive,14
Refresh Optive Advanced (PF),refresh optive advanced (pf),28
Refresh Optive Mega-3 (PF),refresh optive mega-3 (pf),26
Refresh P.M.,refresh p.mononitrate.,22
Refresh Plus,refresh plus,12
Refresh Tears,refresh tears,13
Reglan,reglan,6
Reguloid (psyllium husk),reguloid (psyllium husk),24
Relenza Diskhaler,relenza diskhaler,17
Relistor,relistor,8
Relpax,relpax,6
Relpax (eletriptan),relpax (eletriptan),19
Remdesevir,remdesevir,10
Remdesivir,remdesivir,10
Remeron,remeron,7
Remeron SolTab,remeron soltab,14
RemiCADE,remicade,8
Remodulin,remodulin,9
Renacidin,renacidin,9
Renacidin Irrigation,renacidin,9
Renagel,renagel,7
Renflexis,renflexis,9
Renvela,renvela,7
Reopro,reopro,6
Repaglinide,repaglinide,11
Repatha SureClick,repatha sureclick,17
Repliva 21/7 (New Formulation),repliva/7 (new formulation),27
Requip,requip,6
Requip ER,requip er,9
Requip XL,requip xl,9
Requip XL (ropinirole),requip xl (ropinirole),22
Requip XL 12mg,requip xl 12mg,14
Requip XL 4mg,requip xl 4mg,13
Rescula,rescula,7
Reserpine,reserpine,9
Restasis,restasis,8
Restasis 0.05% Opthalmic Soln,restasis 0.05%,14
Restasis MultiDose,restasis multidose,18
Restore PM,restore pm,10
Retacrit,retacrit,8
Retaine MGD (PF),retaine mgd (pf),16
Retevmo (selpercatinib),retevmo (selpercatinib),23
Revatio,revatio,7
Revatio (Sildenafil),revatio (sildenafil),20
Revatio (sildenafil citrate),revatio (sildenafil citrate),28
Revatio (sildenafil),revatio (sildenafil),20
Revlimid,revlimid,8
Revlimid (Lenalidomide),revlimid (lenalidomide),23
Revlimid (lenalidomide),revlimid (lenalidomide),23
Revlimid (lenanilomide),revlimid (lenanilomide),23
Revlimid 25 mg,revlimid 25mg,13
Revlimid 5mg capsule,revlimid 5mg,12
Rexulti,rexulti,7
Rexulti (brexpiprazole),rexulti (brexpiprazole),23
Rexulti 2mg,rexulti 2mg,11
Rexulti(Brexipiprazole),rexulti(brexipiprazole),23
Reyataz,reyataz,7
Rezurock,rezurock,8
Rezurock (  Belumosudil  ),rezurock (belumosudil),22
Rhinocort Allergy,rhinocort allergy,17
Rhinocort Aqua,rhinocort aqua,14
Rhinocort Nasal Inhaler,rhinocort,9
RhoGam Ultra-Filtered,rhogam ultra-filtered,21
Rhopressa,rhopressa,9
Rhopressa (netarsudil),rhopressa (netarsudil),22
Rhopressa (netarsudil) 0.02%,rhopressa (netarsudil) 0.02%,28
Rhopressa (netarsusil),rhopressa (netarsusil),22
Rhopressa (netarsusil) 0.02%,rhopressa (netarsusil) 0.02%,28
Rhopressa *NF* (netarsudiL) 0.02 % ,rhopressa (netarsudil) 0.02%,28
Rhopressa 0.02%,rhopressa 0.02%,15
RiTONAvir,ritonavir,9
Ribasphere,ribasphere,10
Ribavirin,ribavirin,9
Riboflavin,riboflavin,10
Riboflavin (Vitamin B-2),riboflavin (vitamin b-2),24
Ridaura,ridaura,7
Rif,rif,3
RifAMPin,rifampin,8
Rifabutin,rifabutin,9
Rifam,rifam,5
Rifamp,rifamp,6
Rifampin,rifampin,8
Rifampin  Susp.,rifampin .,10
Rifampin 150mg capsules,rifampin 150mg,14
Rifampin Desensitization,rifampin desensitization,24
Rifaximin,rifaximin,9
Rilpivirine,rilpivirine,11
Rilutek,rilutek,7
Riluzole,riluzole,8
Rimantadine,rimantadine,11
Rimexolone,rimexolone,10
Rinvoq,rinvoq,6
Riociguat (Adempas),riociguat (adempas),19
RisPERDal,risperdal,9
Risedronate,risedronate,11
RisperDAL,risperdal,9
RisperDAL Consta,risperdal consta,16
Risperdal,risperdal,9
RisperiDONE,risperidone,11
RisperiDONE (Disintegrating Tablet),risperidone (disintegrating),28
RisperiDONE Long Acting Injection,risperidone long acting injection,33
RisperiDONE Oral Solution,risperidone,11
Risperidone,risperidone,11
Risperidone (Disintegrating Tablet),risperidone (disintegrating),28
Risperidone Long Acting Injection,risperidone long acting injection,33
Risperidone Microspheres,risperidone microspheres,24
Risperidone Oral Solution,risperidone,11
Ritalin,ritalin,7
Ritalin LA,ritalin la,10
Ritonavir,ritonavir,9
Ritonavir (Oral Solution),ritonavir,9
Ritual Essential for Women Prenatal ,ritual essential women prenatal,31
Rituximab,rituximab,9
Rituximab Desensitization,rituximab desensitization,25
Rivar,rivar,5
Rivaro,rivaro,6
Rivaroxa,rivaroxa,8
Rivaroxaban,rivaroxaban,11
Rivastigmine,rivastigmine,12
Rivastigmine (Exelon),rivastigmine (exelon),21
Rivastigmine 3mg capsules,rivastigmine 3mg,16
Rizatriptan,rizatriptan,11
Rizatriptan 10mg ODT,rizatriptan 10mg odt,20
Robaxin-750,robaxin-750,11
Robinul,robinul,7
Robitussin Chest Congestion,robitussin chest congestion,27
Robitussin Cough & Cold CF,robitussin cough & cold cf,26
Robitussin Cough-Chest Cong DM,robitussin cough-chest cong dm,30
Robitussin-DM,robitussin-dm,13
Rocaltrol,rocaltrol,9
Rocklatan,rocklatan,9
Rocklatan (netarsudil-latanoprost),rocklatan (netarsudil-latanoprost),34
Rocuronium,rocuronium,10
Roflumilast,roflumilast,11
Rogaine,rogaine,7
Rolaids,rolaids,7
Rolaids Advanced,rolaids advanced,16
RomiPLOstim,romiplostim,11
Romiplostim,romiplostim,11
Ropinirole,ropinirole,10
Ropinirole Extended-release,ropinirole extended-release,27
Ropinirole HCl,ropinirole hcl,14
Ropinirole SR,ropinirole sr,13
Ropinirole XL,ropinirole xl,13
Ropinirole(Requip XL 6mg tablet),ropinirole(requip xl 6mg),25
Ropinirole(Requip XL),ropinirole(requip xl),21
Ropinirole(Ropinirole XL),ropinirole(ropinirole xl),25
Ropinirole(Ropinirole) XL 6mg,ropinirole(ropinirole) xl 6mg,29
Ropivacaine 0.2%,ropivacaine 0.2%,16
Ropivacaine 0.5%,ropivacaine 0.5%,16
Ropivacaine in NS (PF),ropivacaine in ns (pf),22
Rosiglitazone Maleate,rosiglitazone maleate,21
Rosuvastati,rosuvastati,11
Rosuvastatin,rosuvastatin,12
Rosuvastatin Calcium,rosuvastatin calcium,20
Rotigotine,rotigotine,10
Rotigotine 6 mg/24hr (Neupro),rotigotine 6mg/24hr (neupro),28
Roxicet,roxicet,7
RozEREM (ramelteon),rozerem (ramelteon),19
Rozerem,rozerem,7
Rozerem 8mg tab,rozerem 8mg,11
Ru,UNK,2
Rubella Virus Vaccine,rubella virus vaccine,21
Rubraca,rubraca,7
Rufinamide,rufinamide,10
Ruxolinitib 5mg ,ruxolinitib 5mg,15
Ruxolitinib,ruxolitinib,11
Ruxolitinib ,ruxolitinib,11
Ruxolitinib (Crushed Tab),ruxolitinib (crushed),21
Ruxolitinib (Jakafi),ruxolitinib (jakafi),20
Ruxolitinib (jakafi),ruxolitinib (jakafi),20
Rytary,rytary,6
Rytary (Carbidopa-Levodopa),rytary (carbidopa-levodopa),27
Rytary (Carbidopa/Levodopa),rytary (carbidopa/levodopa),27
Rytary (carbidopa-levodopa),rytary (carbidopa-levodopa),27
Rytary (carbidopa-levodopa) ,rytary (carbidopa-levodopa),27
Rytary (carbidopa-levodopa) 61.25-245mg,rytary (carbidopa-levodopa) 61.25-245mg,39
Rytary (carbidopa/levodopa,rytary (carbidopa/levodopa,26
Rytary (carbidopa/levodopa),rytary (carbidopa/levodopa),27
Rytary 36.25 mg-145 mg,rytary 36.25mg-145mg,20
"Rytary 36.25 mg-145 mg capsule,extended release",rytary 36.25mg-145mg extended release,37
Rytary 48.75 mg-195 mg,rytary 48.75mg-195mg,20
Rytary ER,rytary er,9
Rytary(carbidopa-levodopa),rytary(carbidopa-levodopa),26
Rythmol,rythmol,7
Rythmol (brand name),rythmol,7
Rythmol SR,rythmol sr,10
SEROquel,seroquel,8
SEROquel XR,seroquel xr,11
SIMBRINZA(brinzolamide-brimonidine),simbrinza(brinzolamide-brimonidine),35
SITagliptin,sitagliptin,11
SITagliptin 100mg,sitagliptin 100mg,17
SITagliptin-metformin,sitagliptin-metformin,21
SITagliptin-metformin (Janumet XR),sitagliptin-metformin (janumet xr),34
SImvastatin,simvastatin,11
SMOFlipid,smoflipid,9
SMOFlipid 20% Emulsion,smoflipid 20% emulsion,22
SOF/Ledipasvir FDC tablets 400mg/90mg,sof/ledipasvir fdc 400mg/90mg,29
SOLU-MedroL,solu-medrol,11
SORAfenib,sorafenib,9
SUMAtriptan,sumatriptan,11
SUMAtriptan  20 mg Nasal Spray,sumatriptan 20mg,16
SUMAtriptan Injection USP,sumatriptan injection usp,25
SUMAtriptan Nasal Powder,sumatriptan powder,18
SUMAtriptan Nasal Spray,sumatriptan,11
SUMAtriptan succinate,sumatriptan succinate,21
SUNItinib,sunitinib,9
Saccharomyces BOULARDII,saccharomyces boulardii,23
Sacubitril,sacubitril,10
Sacubitril-Valsartan,sacubitril-valsartan,20
Sacubitril-Valsartan ,sacubitril-valsartan,20
Sacubitril-Valsartan (24mg-26mg),sacubitril-valsartan (24mg-26mg),32
Sacubitril-Valsartan (49mg-51mg),sacubitril-valsartan (49mg-51mg),32
Sacubitril-Valsartan (97mg-103mg),sacubitril-valsartan (97mg-103mg),33
Salagen,salagen,7
Salagen (pilocarpine),salagen (pilocarpine),21
Salex,salex,5
Salicylic Acid-Sulfur,salicylic acid-sulfur,21
Saline,saline,6
Saline Mist,saline mist,11
Saline Nasal Gel,saline gel,10
Saline Nasal Mist,saline mist,11
Saliva Substitute,saliva substitute,17
Saliva Substitution Combo No.5,saliva substitution no.5,24
Salmeterol Xinafoate Diskus (50 mcg),salmeterol xinafoate diskus (50 mcg),36
Salonpas,salonpas,8
Salonpas-Hot,salonpas-hot,12
Salsalate,salsalate,9
Sanctura,sanctura,8
Sanctura XR,sanctura xr,11
Sancuso,sancuso,7
SandIMMUNE,sandimmune,10
SandoSTATIN LAR Depot,sandostatin lar depot,21
Sandostatin LAR Depot,sandostatin lar depot,21
Santyl,santyl,6
Saquinavir (Invirase) Cap,saquinavir (invirase),21
Saquinavir (Invirase) tab,saquinavir (invirase),21
Sargramostim,sargramostim,12
Sarilumab 400 mg,sarilumab 400mg,15
Sarilumab 400mg,sarilumab 400mg,15
Sarilumab 400mg/200mg,sarilumab 400mg/200mg,21
Sarilumab 400mg/200mg/placeb,sarilumab 400mg/200mg/,22
Sarilumab 800mg,sarilumab 800mg,15
Sarilumab 800mg/placeb,sarilumab 800mg/,16
Sarna Anti-Itch,sarna anti-itch,15
Sarna Lotion,sarna lotion,12
Sarna Sensitive,sarna sensitive,15
Savaysa,savaysa,7
Savella,savella,7
Savella (Milnacipran),savella (milnacipran),21
Savella (milnacipran),savella (milnacipran),21
Savella 50mg Tab,savella 50mg,12
Saw Palmetto,saw palmetto,12
Saxenda,saxenda,7
Scopolamine 0.25% Ophth Soln,scopolamine 0.25%,17
Scopolamine Base,scopolamine base,16
Scopolamine HBr,scopolamine hbr,15
Scopolamine Hydrobromide,scopolamine hydrobromide,24
Scopolamine Patch,scopolamine patch,17
Scot-Tussin Expectorant,scot-tussin expectorant,23
Seasonale,seasonale,9
Seasonique,seasonique,10
Seasonique 0.15mg-30mcg,seasonique 0.15mg-30mcg,23
Seasonique(Levonorgestrel/ethinyl estradiol 0.15mg-0.03mg&ethinyl estradiol 0.01mg),seasonique(levonorgestrel/ethinyl estradiol 0.15mg-0.03mg&ethinyl estradiol 0.01mg),83
Sebex,sebex,5
Secretin,secretin,8
Sedaconda ACD-S Inhaled Isoflurane,sedaconda acd-sodium isoflurane,31
Selegiline,selegiline,10
Selegiline 6mg/24hr,selegiline 6mg/24hr,19
Selegiline HCl,selegiline hcl,14
Selenious Acid,selenious acid,14
Selenium Sulfide,selenium sulfide,16
Selexipag,selexipag,9
Selexipag (Uptravi),selexipag (uptravi),19
Selonsertib,selonsertib,11
Selzentry,selzentry,9
Semprex-D,semprex-d,9
Sen,sen,3
Senna,senna,5
Senna Lax,senna lax,9
Senna Laxative,senna laxative,14
Senna Plus,senna plus,10
Senna Plus (8.6-50mg),senna plus (8.6-50mg),21
Senna Syrup,senna,5
Senna with Docusate Sodium,senna with docusate sodium,26
Senna-S,senna-sodium,12
Sennalax-S,sennalax-sodium,15
Sensipar,sensipar,8
Seretide (25/250mcg),seretide (25/250mcg),20
Serevent Diskus,serevent diskus,15
Seroquel,seroquel,8
Seroquel 300mg,seroquel 300mg,14
Sertraline,sertraline,10
Sertraline ,sertraline,10
Serum Tears 20%,serum tears 20%,15
Serum base tear drop,serum base tears drop,21
Sevelamer,sevelamer,9
Sevelamer HCl,sevelamer hcl,13
Sevelamer carbonate (Renvela),sevelamer carbonate (renvela),29
Shark Liver Oil,shark liver oil,15
Sharobel,sharobel,8
Shingrix (PF),shingrix (pf),13
Silden,silden,6
Sildenaf,sildenaf,8
Sildenafil,sildenafil,10
Sildenafil Citrate,sildenafil citrate,18
Silenor (Doxepin),silenor (doxepin),17
Silibinin,silibinin,9
Silibinin (legalon),silibinin (legalon),19
Silodosin,silodosin,9
SilvaSorb,silvasorb,9
Silvadene,silvadene,9
Silver Nitrate Applicator,silver nitrate applicator,25
Silver Sulfadiazine 1% Cream,silver sulfadiazine 1%,22
Silymarin,silymarin,9
Simbrinza,simbrinza,9
Simbrinza (brinzolamide-brimondine),simbrinza (brinzolamide-brimondine),35
Simbrinza (brinzolamide-brimonidine),simbrinza (brinzolamide-brimonidine),36
Simbrinza (brinzolamide/brimonidine),simbrinza (brinzolamide/brimonidine),36
Simbrinza 1%-0.2%,simbrinza 1%-0.2%,17
Simbrinza 1- 0.2%,simbrinza 1- 0.2%,17
Simbrinza 1-0.2%,simbrinza 1-0.2%,16
Simbrinzabrinzolamide-brimonidine,simbrinzabrinzolamide-brimonidine,33
Simeprevir 150mg tab,simeprevir 150mg,16
Simethicone,simethicone,11
Simethicone 80mg TAB,simethicone 80mg,16
Simply One Multivitamin with Minerals,simply one multivitamin with minerals,37
Simponi (golimumab),simponi (golimumab),19
Simvastatin,simvastatin,11
Simvastatin ,simvastatin,11
Simvastatin 40 mg,simvastatin 40mg,16
Simvastin,simvastin,9
Sincalide,sincalide,9
Sinemet,sinemet,7
Sinemet (carbidopa-levodopa) 25-100,sinemet (carbidopa-levodopa) 25-100,35
Sinemet CR,sinemet cr,10
Singulair,singulair,9
Sirolimus,sirolimus,9
Sirolimus ,sirolimus,9
Sitagliptin,sitagliptin,11
Sitagliptin-Metformin,sitagliptin-metformin,21
Skelaxin,skelaxin,8
Skyrizi,skyrizi,7
Skyrizi (risankizumab)  150mg/ml,skyrizi (risankizumab) 150mg/ml,31
Slow Fe,slow fe,7
Slow Fe tablets (45mg iron),slow fe (45mg iron),19
Slow Iron,slow iron,9
Slow Release Iron,slow release iron,17
Slow-Mag,slow-mag,8
Slow-Mag 71.5mg,slow-mag 71.5mg,15
Slynd,slynd,5
"Smallpox,monkeypox live vac",smallpoxmonkeypox live vac,26
Smarty Pants Prenatal  Gummies,smarty pants prenatal,21
Sod,sodium,6
Sodium,sodium,6
Sodium ,sodium,6
Sodium Acetate,sodium acetate,14
Sodium Bic,sodium bicalutamide,19
Sodium Bica 50mEq/50mL 50mL VIAL,sodium bicalutamide 50meq/50ml 50ml,35
Sodium Bicarbo,sodium bicarbo,14
Sodium Bicarbonat 50mEq/50mL SYR,sodium bicarbonat 50meq/50ml,28
Sodium Bicarbonate,sodium bicarbonate,18
Sodium Bicarbonate 4 %,sodium bicarbonate 4%,21
Sodium Bicarbonate 8.4%,sodium bicarbonate 8.4%,23
Sodium Bicarbonate 8.4% (Nephron),sodium bicarbonate 8.4% (nephron),33
Sodium CITRATE 4%,sodium citrate 4%,17
Sodium Chloride,sodium chloride,15
Sodium Chloride ,sodium chloride,15
Sodium Chloride  (Mini Bag Plus),sodium chloride (mini plus),27
Sodium Chloride (23.4%),sodium chloride (23.4%),23
Sodium Chloride (23.4%) Kit,sodium chloride (23.4%) kit,27
Sodium Chloride 0.45% Flush,sodium chloride 0.45% flush,27
Sodium Chloride 0.9 % INHALED,sodium chloride 0.9%,20
Sodium Chloride 0.9%,sodium chloride 0.9%,20
Sodium Chloride 0.9%  (Mini Bag Plus),sodium chloride 0.9% (mini plus),32
Sodium Chloride 0.9%  Flush,sodium chloride 0.9% flush,26
Sodium Chloride 0.9%  Flush for CRRT,sodium chloride 0.9% flush crrt,31
Sodium Chloride 0.9% (P.F.),sodium chloride 0.9% (p.f.),27
Sodium Chloride 0.9% (Sterile),sodium chloride 0.9% (sterile),30
Sodium Chloride 23.4%,sodium chloride 23.4%,21
Sodium Chloride 3% (Hy 500mL BAG,sodium chloride 3% (hy 500ml,28
Sodium Chloride 3% (Hypertonic),sodium chloride 3% (hypertonic),31
Sodium Chloride 3% Inhalation Soln,sodium chloride 3%,18
Sodium Chloride 3% nebulizer,sodium chloride 3% nebulizer,28
Sodium Chloride 5 %,sodium chloride 5%,18
Sodium Chloride 7 % Neb Solution,sodium chloride 7% neb,22
Sodium Chloride 7%,sodium chloride 7%,18
Sodium Chloride Nasal,sodium chloride,15
Sodium Citrate,sodium citrate,14
Sodium Citrate 4%,sodium citrate 4%,17
Sodium Fluoride (Dental Gel),sodium fluoride (dental gel),28
Sodium Fluoride 1.1% (Dental Gel),sodium fluoride 1.1% (dental gel),33
Sodium Glycerophosphate,sodium glycerophosphate,23
Sodium Hyaluronate,sodium hyaluronate,18
Sodium Oxybate (Xyrem) Oral Sol,sodium oxybate (xyrem),22
Sodium Phosphate,sodium phosphate,16
Sodium Polystyrene,sodium polystyrene,18
Sodium Polystyrene ,sodium polystyrene,18
Sodium Polystyrene Sulfonate,sodium polystyrene sulfonate,28
Sodium Tetradecyl Sulfate 1%,sodium tetradecyl sulfate 1%,28
Sodium Tetradecyl Sulfate 3%,sodium tetradecyl sulfate 3%,28
Sodium Thiosulfate,sodium thiosulfate,18
Sodium Zirconium Cyclosilicate,sodium zirconium cyclosilicate,30
Sodium chloride 0.9%,sodium chloride 0.9%,20
Sofosbuvir,sofosbuvir,10
Sofosbuvir-Velpatasvir 400 mg-100 mg tablet,sofosbuvir-velpatasvir 400mg-100mg,34
Sofosbuvir/Ledipasvir,sofosbuvir/ledipasvir,21
Sofosbuvir/Ledipasvir FDC,sofosbuvir/ledipasvir fdc,25
Sofosbuvir/Velpatasvir,sofosbuvir/velpatasvir,22
Solaraze,solaraze,8
Solifenacin,solifenacin,11
Soliqua 100/33,soliqua 100/33,14
Soma,soma,4
Soma 250mg,soma 250mg,10
Somatropin,somatropin,10
Sonata,sonata,6
Soothe Hydration,soothe hydration,16
Soothe Lubricant,soothe lubricant,16
Soothe Lubricant (white petrolatum),soothe lubricant (white petrolatum),35
Soothe XP,soothe xp,9
Sorafenib,sorafenib,9
Sorafenib 200mg ,sorafenib 200mg,15
Sorbitol,sorbitol,8
Sorbitol-Saccharin,sorbitol-saccharin,18
Soriatane,soriatane,9
Soriatane ,soriatane,9
Soriatane (Acitretin),soriatane (acitretin),21
Soriatane CK,soriatane ck,12
Sotalol,sotalol,7
Sotalol 120 mg,sotalol 120mg,13
Sotalol 120mg,sotalol 120mg,13
Sotalol AF,sotalol af,10
Sotrovimab (EUA),sotrovimab (eua),16
Sovaldi,sovaldi,7
Spanish black radish (OTC supplement),spanish black radish (otc supplement),37
Spectazole,spectazole,10
Spectazole (Econazole),spectazole (econazole),22
Spectravite Adult,spectravite,11
Spectravite Adult 50+,spectravite 50+,15
Spectravite Plus,spectravite plus,16
Spectravite Ultra Women,spectravite ultra women,23
Spiriva Respimat,spiriva respimat,16
Spiriva Respimat  (tiotropium bromide) 2.5 mcg/actuation ,spiriva respimat (tiotropium bromide) 2.5 mcg/actuation,55
Spiriva Respimat (tiotropium),spiriva respimat (tiotropium),29
Spiriva Respimat 1.25 mcg,spiriva respimat 1.25 mcg,25
Spiriva Respimat 2.5mcg/act,spiriva respimat 2.5mcg/act,27
Spiriva Respimat 2.5mcg/actuation,spiriva respimat 2.5mcg/actuation,33
Spiriva with HandiHaler,spiriva with handihaler,23
Spironolacton-Hydrochlorothiaz,spironolacton-hydrochlorothiaz,30
Spironolactone,spironolactone,14
Sportscreme,sportscreme,11
Sprintec (28),sprintec,8
Sprintec (28) 0.25mg/35mcg,sprintec  0.25mg/35mcg,22
Sprycel,sprycel,7
Squalamax Shark Liver Oil,squalamax shark liver oil,25
Sronyx,sronyx,6
Sronyx 0.1mg/20 mcg Tab,sronyx 0.1mg/20 mcg,19
Stalevo ,stalevo,7
Stalevo 100,stalevo 100,11
Stalevo 125,stalevo 125,11
Stalevo 150,stalevo 150,11
Stalevo 200,stalevo 200,11
Stalevo 200-150-37.5,stalevo 200-150-37.5,20
Stalevo 50,stalevo 50,10
Stalevo 75,stalevo 75,10
Stalevo 75 (carbidoba-levodpa-entacapone),stalevo 75 (carbidoba-levodpa-entacapone),41
Starlix,starlix,7
Stavudine,stavudine,9
Steglatro,steglatro,9
Steglatro 5mg Tab,steglatro 5mg,13
Stelara,stelara,7
Stelara 90mg/ml,stelara 90mg/ml,15
Stimate,stimate,7
Stiolto Respimat,stiolto respimat,16
Stiolto Respimat ,stiolto respimat,16
Stiolto Respimat  (tiotropium-olodateroL) ,stiolto respimat (tiotropium-olodaterol),40
Stiolto Respimat (Tiotropium Br/Olodaterol),stiolto respimat (tiotropium br/olodaterol),43
Stiolto Respimat 2.5 mcg/25mcg,stiolto respimat 2.5 mcg/25mcg,30
Strattera,strattera,9
Strattera (atomoxetine),strattera (atomoxetine),23
Streptomycin Sulfate,streptomycin sulfate,20
Streptozocin,streptozocin,12
Stribild,stribild,8
Stye Lubricant,stye lubricant,14
Suboxone,suboxone,8
Suboxone(Buprenorphine-Naloxone),suboxone(buprenorphine-naloxone),32
Succinylcholine,succinylcholine,15
Sucr,sucralfate,10
Sucra,sucralfate,10
Sucral,sucralfate,10
Sucralf,sucralfate,10
Sucralfate,sucralfate,10
Sucralfate ,sucralfate,10
Sucralfate (Carafate) 100/ml,sucralfate (carafate) 100/ml,28
Sucralfate Enema,sucralfate enema,16
Sucralfate Liquid 100mg/ml,sucralfate 100mg/ml,19
Sucralfate suspension,sucralfate,10
Sudafed,sudafed,7
Sugammadex,sugammadex,10
Sular,sular,5
Sulf,sulfate,7
SulfADIAZINE,sulfadiazine,12
SulfADIAzine,sulfadiazine,12
Sulfa,sulfate,7
SulfaSALAz,sulfasalaz,10
SulfaSALAzi,sulfasalazi,11
SulfaSALAzine,sulfasalazine,13
SulfaSALAzine DR,sulfasalazine dr,16
SulfaSALAzine_,sulfasalazine_,14
Sulfacetamide 10% Ophth Soln.,sulfacetamide 10% .,19
Sulfacetamide-Prednisolone Ophth. Oint.,sulfacetamide-prednisolone . .,30
Sulfacetamide-Prednisolone Ophth. Susp.,sulfacetamide-prednisolone . .,30
Sulfam,sulfameth/trimethoprim,22
Sulfame,sulfameth/trimethoprim,22
Sulfamet,sulfameth/trimethoprim,22
Sulfameth,sulfameth,9
Sulfameth/Trim,sulfameth/trimethoprim,22
Sulfameth/Trimeth SS (Self Med),sulfameth/trimethoprim ss,25
Sulfameth/Trimetho,sulfameth/trimethoprim,22
Sulfameth/Trimethopr,sulfameth/trimethoprim,22
Sulfameth/Trimethopri,sulfameth/trimethoprim,22
Sulfameth/Trimethoprim,sulfameth/trimethoprim,22
Sulfameth/Trimethoprim ,sulfameth/trimethoprim,22
Sulfameth/Trimethoprim DS,sulfameth/trimethoprim ds,25
Sulfameth/Trimethoprim SS,sulfameth/trimethoprim ss,25
Sulfameth/Trimethoprim Suspension,sulfameth/trimethoprim,22
Sulfamethoxazole-Trimethoprim,sulfamethoxazole-trimethoprim,29
Sulfamethoxazole-Trimethoprim Graded Challenge,sulfamethoxazole-trimethoprim graded challenge,46
Sulfamylon,sulfamylon,10
Sulfas,sulfas,6
Sulfasalazine,sulfasalazine,13
Sulfazine EC,sulfazine ec,12
Sulindac,sulindac,8
Sumatriptan,sumatriptan,11
Sumatriptan Succinate,sumatriptan succinate,21
Sumatriptan nasal spray,sumatriptan,11
Sunitinib,sunitinib,9
Super B Complex + C,super b complex + c,19
Super B Complex-Vitamin C,super b complex-vitamin c,25
Superior Digestive Enzyme,superior digestive enzyme,25
Suprep Bowel Prep Kit,suprep bowel prep kit,21
Surmontil,surmontil,9
Sustiva,sustiva,7
Sutent,sutent,6
Suvorexant,suvorexant,10
Suvorexant (MK-4305),suvorexant (mk-4305),20
Suvurexant,suvurexant,10
Symax Duotab,symax duotab,12
Symbicort,symbicort,9
Symbicort ,symbicort,9
Symbicort  (budesonide-formoterol) ,symbicort (budesonide-formoterol),33
Symbicort  160/4.5,symbicort 160/4.5,17
Symbicort  160/4.5 mcg,symbicort 160/4.5 mcg,21
Symbicort (160/4.5),symbicort (160/4.5),19
Symbicort (budesonide 160mcg-formoterol 4.5mcg),symbicort (budesonide 160mcg-formoterol 4.5mcg),47
Symbicort (budesonide-formeterl),symbicort (budesonide-formeterl),32
Symbicort (budesonide-formeterol),symbicort (budesonide-formeterol),33
Symbicort (budesonide-formoterol),symbicort (budesonide-formoterol),33
Symbicort (budesonide-formoterol) 160-4.5 mcg,symbicort (budesonide-formoterol) 160-4.5 mcg,45
Symbicort (budesonide-formoterol) 160-4.5 mcg/actuation,symbicort (budesonide-formoterol) 160-4.5 mcg/actuation,55
Symbicort (budesonide/formeterol),symbicort (budesonide/formeterol),33
Symbicort (budesonide/formoterol),symbicort (budesonide/formoterol),33
Symbicort *NF* (budesonide-formoterol) 160-4.5 mcg/actuation,symbicort (budesonide-formoterol) 160-4.5 mcg/actuation,55
Symbicort *NF* 160/4.5,symbicort 160/4.5,17
Symbicort 160 mcg-4.5 mcg/,symbicort 160 mcg-4.5 mcg/,26
Symbicort 160 mcg-4.5 mcg/actuation,symbicort 160 mcg-4.5 mcg/actuation,35
Symbicort 160 mcg/4.5 mcg Inhaler,symbicort 160 mcg/4.5 mcg,25
Symbicort 160-4.5,symbicort 160-4.5,17
Symbicort 160-4.5 mcg,symbicort 160-4.5 mcg,21
Symbicort 160-4.5 mcg Inhaler,symbicort 160-4.5 mcg,21
Symbicort 160-4.5 mcg/actuation ,symbicort 160-4.5 mcg/actuation,31
Symbicort 160-4.5 mcg/inhalation,symbicort 160-4.5 mcg/,22
Symbicort 160-4.5mcg,symbicort 160-4.5mcg,20
Symbicort 160/4.5,symbicort 160/4.5,17
Symbicort 160/4.5 mcg,symbicort 160/4.5 mcg,21
Symbicort 160/4.5mcg,symbicort 160/4.5mcg,20
Symbicort 160mcg-4.5mcg Inhaler,symbicort 160mcg-4.5mcg,23
Symbicort 160mcg/4.5mcg,symbicort 160mcg/4.5mcg,23
Symbicort 160mcg/4.5mcg Inhaler,symbicort 160mcg/4.5mcg,23
Symbicort 160mcg/45mcg,symbicort 160mcg/45mcg,22
Symbicort 80-4.5 mcgHFA Inhaler,symbicort 80-4.5 mcghfa,23
Symbicort 80/4.5 mcg/inhalation,symbicort 80/4.5 mcg/,21
Symbicort160/4.5,symbicort160/4.5,16
Symbicortbudesonide-formoterol,symbicortbudesonide-formoterol,30
Symlin,symlin,6
Symlin (pramlintide acetate),symlin (pramlintide acetate),28
Symlin (pramlintide acetate) ,symlin (pramlintide acetate),28
SymlinPen 120,symlinpen 120,13
SymlinPen 60,symlinpen 60,12
SymlinPen 60 (Pramlintide),symlinpen 60 (pramlintide),26
Symtuza,symtuza,7
Symtuza (darunavir-cobi-emtri-tenof ala),symtuza (darunavir-cobi-emtricitab-tenof ala),45
Synjardy XR,synjardy xr,11
Synthroid,synthroid,9
Synthroid (Levothyroxine),synthroid (levothyroxine),25
Synthroid (levothyroxine),synthroid (levothyroxine),25
Synthroid 112mcg,synthroid 112mcg,16
Synthroid 75 mcg,synthroid 75 mcg,16
Synthroid 75 mcg Tab,synthroid 75 mcg,16
Syprine,syprine,7
Systane,systane,7
Systane (PF),systane (pf),12
Systane (propylene glycol),systane (propylene glycol),26
Systane Balance,systane balance,15
Systane Complete,systane complete,16
Systane Eye Drops,systane,7
Systane Gel,systane gel,11
Systane Gel*NF* (artificial tears(hypromellose,systane gel (artificial tears(hypromellose,42
Systane Nighttime,systane nighttime,17
Systane Nighttime (white petrolatum-mineral oiL),systane nighttime (white petrolatum-mineral oil),48
Systane Nighttime (white petrolatum-mineral oil),systane nighttime (white petrolatum-mineral oil),48
Systane Nighttime opth oint,systane nighttime,17
Systane Ultra,systane ultra,13
Systane Ultra ,systane ultra,13
Systane Ultra (PF),systane ultra (pf),18
Systane Ultra Eye Drops,systane ultra,13
Systane Ultra Eye Drops 0.4%/0.3%,systane ultra 0.4%/0.3%,23
Systane Ultra eye drops,systane ultra,13
Systane( Polyethylene Glycol 400 0.4% and Propylene Glycol 0.3% ),systane(polyethylene glycol 400 0.4% and propylene glycol 0.3%),63
T,UNK,1
TEGretol,tegretol,8
TEGretol XR,tegretol xr,11
TEGretol XR (carbamazepine),tegretol xr (carbamazepine),27
TEMOZOLOMIDE,temozolomide,12
THALIDomide,thalidomide,11
THiamine,thiamine,8
TRADJENTA (linagliptin) 5mg tab,tradjenta (linagliptin) 5mg,27
TRAVATAN Z,travatan z,10
TRIAzolam,triazolam,9
TRV027 300 mg,trv027 300mg,12
TRV027 300mg,trv027 300mg,12
TXA127,txa127,6
TYSABRI,tysabri,7
Tabrecta (Capmatinib),tabrecta (capmatinib),21
Taclonex,taclonex,8
Tacr,tacrolimus,10
Tacro,tacrolimus,10
Tacrol,tacrolimus,10
Tacroli,tacrolimus,10
Tacrolimus,tacrolimus,10
Tacrolimus ,tacrolimus,10
Tacrolimus (Brand) *NF*,tacrolimus,10
Tacrolimus (Dr.Reddy's) *NF*,tacrolimus (dr.reddy'sodium),28
Tacrolimus (Extended Release),tacrolimus (extended release),29
Tacrolimus (Prograf Brand) *NF*,tacrolimus (prograf),20
Tacrolimus (Prograf Brand) Suspension,tacrolimus (prograf),20
Tacrolimus (Self Med),tacrolimus,10
Tacrolimus Extended Release (Envarsus XR),tacrolimus extended release (envarsus xr),41
Tacrolimus Suspension,tacrolimus,10
Tadalafil,tadalafil,9
Tadalafil 40mg tablet,tadalafil 40mg,14
Tafamidis (Vyndamax),tafamidis (vyndamax),20
Tafinlar,tafinlar,8
Tafinlar (Dabrafenib),tafinlar (dabrafenib),21
Tagrisso,tagrisso,8
Tagrisso (Osimertinib),tagrisso (osimertinib),22
Tagrisso (Osimetrinib),tagrisso (osimetrinib),22
Tagrisso (osimertinib),tagrisso (osimertinib),22
Takhzyro,takhzyro,8
Talc,talc,4
Talc (Sterile),talc (sterile),14
Talc (Sterile) + Lidocaine 1%,talc (sterile) + lidocaine 1%,29
Taltz Syringe,taltz syringe,13
Tamiflu,tamiflu,7
Tamoxifen Citrate,tamoxifen citrate,17
Tamsulosin,tamsulosin,10
Tamsulosin HCl,tamsulosin hcl,14
Tanzeum,tanzeum,7
Tarceva,tarceva,7
Tarceva (erlotinib),tarceva (erlotinib),19
Targretin 1% gel,targretin 1% gel,16
Tarka,tarka,5
Tasigna,tasigna,7
Tasigna (nilotinib),tasigna (nilotinib),19
Tasmar,tasmar,6
Tazorac,tazorac,7
Taztia XT,taztia xt,9
Teargen,teargen,7
Tecfidera,tecfidera,9
Tecfidera  240mg CAP(dimethyl fumarate),tecfidera 240mg (dimethyl fumarate),35
Tecfidera (Dimethyl Fumurate),tecfidera (dimethyl fumurate),29
Tecfidera (Dimethyl fumarate),tecfidera (dimethyl fumarate),29
Tecfidera (dimethyl fumarate),tecfidera (dimethyl fumarate),29
Tecfidera (dimethyl fumarate) 240 mg,tecfidera (dimethyl fumarate) 240mg,35
Tecfidera *NF* (dimethyl fumarate) 240 mg,tecfidera (dimethyl fumarate) 240mg,35
Tecfidera ER (Dimethyl Fumarate),tecfidera er (dimethyl fumarate),32
Tecovirimat,tecovirimat,11
Tecovirimat (Expanded Access),tecovirimat (expanded),22
Tegrel XR ,tegrel xr,9
Tegretol,tegretol,8
Tegretol XR,tegretol xr,11
Tekturna,tekturna,8
Telaprevir,telaprevir,10
Telaprevir ,telaprevir,10
Telaprevir 375mg tablets,telaprevir 375mg,16
Telbivudine,telbivudine,11
Telmisartan,telmisartan,11
Telmisartan-Hydrochlorothiazid,telmisartan-hydrochlorothiazid,30
Telmisartan-Hydrochlorothiazide,telmisartan-hydrochlorothiazide,31
Temazep,temazep,7
Temazepam,temazepam,9
Temodar,temodar,7
Temodar 140mg,temodar 140mg,13
Temozolo,temozolo,8
Temozolomide,temozolomide,12
Temozolomide Suspension,temozolomide,12
Temsirolimus,temsirolimus,12
Tenecteplase,tenecteplase,12
Tenofov,tenofov,7
Tenofovi,tenofovi,8
Tenofovir,tenofovir,9
Tenofovir Disoproxil,tenofovir disoproxil,20
Tenofovir Disoproxil (Viread),tenofovir disoproxil (viread),29
Tenofovir Disoproxil (Viread) Powder,tenofovir disoproxil (viread) powder,36
Tenofovir Disoproxil Fum.,tenofovir disoproxil fum.,25
Tenofovir Disoproxil Fumarate,tenofovir disoproxil fumarate,29
Tenormin,tenormin,8
Terazosin,terazosin,9
Terbin,terbin,6
Terbinafine,terbinafine,11
Terbinafine 1% Cream,terbinafine 1%,14
Terbinafine 1% Soln,terbinafine 1%,14
Terbinafine 1% Spray,terbinafine 1%,14
Terbutaline Sulfate,terbutaline sulfate,19
Terconazole 0.4% Vag. Cream,terconazole 0.4% vag.,21
Terconazole 80mg Vag. Supp,terconazole 80mg vag.,21
Teriparatide,teriparatide,12
Teriparatide 20 mcg/dose,teriparatide 20 mcg/,20
Terlipresin Bolus Dose,terlipresin bolus,17
Terlipressin,terlipressin,12
Terlipressin ,terlipressin,12
Terlipressin 2mg/100mL,terlipressin 2mg/100ml,22
Terlipressin 2mg/100ml,terlipressin 2mg/100ml,22
Terlipressin 2mg/100ml ,terlipressin 2mg/100ml,22
Terlipressin 2mg/100ml 0.9% NaCl,terlipressin 2mg/100ml 0.9% nacl,32
Terlipressin 2mg/100ml in 0.9% NaCl ,terlipressin 2mg/100ml in 0.9% nacl,35
Terlipressin 4 mg/100mL,terlipressin 4mg/100ml,22
Terlipressin 4 mg/100mL 0.9% NaCl,terlipressin 4mg/100ml 0.9% nacl,32
Terlipressin 4mg/100mL,terlipressin 4mg/100ml,22
Terlipressin 4mg/100ml ,terlipressin 4mg/100ml,22
Terlipressin 6 mg/150mL 0.9% NaCl,terlipressin 6mg/150ml 0.9% nacl,32
Terlipressin 6mg/150mL,terlipressin 6mg/150ml,22
Terlipressin 6mg/150ml ,terlipressin 6mg/150ml,22
Terlipressin 6mg/150ml 0.9% NaCL,terlipressin 6mg/150ml 0.9% nacl,32
Terlipressin 8mg/200ml ,terlipressin 8mg/200ml,22
Terlipressin Bolus Dose,terlipressin bolus,18
Terlipressin Bolus Dose 0.5 mg,terlipressin bolus 0.5mg,24
Terlipressin ication,terlipressin ication,20
Terlipressing 4 mg/100mL 0.9% NaCl,terlipressing 4mg/100ml 0.9% nacl,33
Terlpressin,terlpressin,11
Tessa,tessalon,8
Tessal,tessal,6
Tessalon,tessalon,8
Tessalon ,tessalon,8
Tessalon Perles,tessalon perles,15
Test,UNK,0
Testim,testim,6
Testim (testosterone gel) 1%,testim (testosterone gel) 1%,28
Testim 1%,testim 1%,9
Testos,testos,6
Testost,testost,7
Testoste,testoste,8
Testoster,testoster,9
Testosteron,testosteron,11
Testosterone,testosterone,12
Testosterone ,testosterone,12
Testosterone 2 mg,testosterone 2mg,16
Testosterone 2 mg Patch,testosterone 2mg patch,22
Testosterone 2.5mg Patch,testosterone 2.5mg patch,24
Testosterone 30mg/1.5ml,testosterone 30mg/1.5ml,23
Testosterone 4 mg Patch,testosterone 4mg patch,22
Testosterone 5% gel,testosterone 5% gel,19
Testosterone 5mg Patch,testosterone 5mg patch,22
Testosterone Cream 2%,testosterone 2%,15
Testosterone Cypionate,testosterone cypionate,22
Testosterone Gel (40.5mg/ 2.5g),testosterone gel (40.5mg/2.5g),30
Testosterone Gel 1%,testosterone gel 1%,19
Testosterone Gel 1% (50mg),testosterone gel 1% (50mg),26
Testosterone Gel 1% (50mg/5g tube),testosterone gel 1% (50mg/5g tube),34
Testosterone Propionate,testosterone propionate,23
Tetanu,tetanu,6
Tetanus Immune Globulin,tetanus immune globulin,23
Tetanus Toxoid Adsorbed,tetanus toxoid adsorbed,23
Tetanus-DiphTox-Acellular Pertuss (Adacel),tetanus-diphtox-acellular pertuss (adacel),42
Tetanus-DiphTox-Acellular Pertuss (Tdap),tetanus-diphtox-acellular pertuss (tdap),40
Tetanus-Diphtheria Tox (DECAVAC),tetanus-diphtheria tox (decavac),32
Tetanus-Diphtheria Tox (TENIVAC),tetanus-diphtheria tox (tenivac),32
Tetanus-Diphtheria Toxoids-Td,tetanus-diphtheria toxoids-td,29
Tetrabenazine,tetrabenazine,13
Tetrabenazine (Xenazine),tetrabenazine (xenazine),24
Tetracaine 0.5% Ophth Soln,tetracaine 0.5%,15
Tetracaine HCl,tetracaine hcl,14
Tetracycline,tetracycline,12
Tetracycline HCl,tetracycline hcl,16
Tetrahydrozoline,tetrahydrozoline,16
Tetrahydrozoline 0.05% Eye Drops,tetrahydrozoline 0.05%,22
Tetrahydrozoline 0.05% Eye Drops ,tetrahydrozoline 0.05%,22
Thaimine,thaimine,8
Thalidomide,thalidomide,11
Thalomid,thalomid,8
The Magic Bullet,the magic bullet,16
Theo-24,theo-24,7
Theop,theop,5
Theophy,theophy,7
Theophyllin,theophyllin,11
Theophylline,theophylline,12
Theophylline ,theophylline,12
Theophylline (Oral Solution),theophylline,12
Theophylline ER,theophylline er,15
Theophylline ER (Uniphyl),theophylline er (uniphyl),25
Theophylline SR,theophylline sr,15
Thera Tears,thera tears,11
Thera Tears Nutrition,thera tears nutrition,21
TheraTears,theratears,10
TheraTears Gel 1%,theratears gel 1%,17
Theragran-M,theragran-mononitrate,21
Thermacare Neck/Shoulder/Arm,thermacare neck/shoulder/arm,28
Thermotabs,thermotabs,10
Thiamine,thiamine,8
Thiamine ,thiamine,8
Thiamine 100mg,thiamine 100mg,14
Thiamine 2,thiamine 2,10
Thiamine HCl,thiamine hcl,12
Thiamine of,thiamine of,11
Thiamine vs.,thiamine vs.,12
Thioguanine,thioguanine,11
Thiopental Sodium,thiopental sodium,17
Thioridazine HCl,thioridazine hcl,16
Thiotepa,thiotepa,8
Thiothixene,thiothixene,11
Throm,throm,5
Thromb,thromb,6
Thrombin,thrombin,8
Thrombin Topical,thrombin topical,16
ThyroSafe,thyrosafe,9
Thyrogen,thyrogen,8
Thyroid,thyroid,7
Thyroid SR,thyroid sr,10
Thyrosol,thyrosol,8
TiCAGRELOR,ticagrelor,10
TiCLOPIDINE,ticlopidine,11
Tiadylt ER,tiadylt er,10
Tiadylt ER (diltiazem HCl) ,tiadylt er (diltiazem hcl),26
Tiagabine,tiagabine,9
Tiagabine HCl,tiagabine hcl,13
Tiazac,tiazac,6
Ticlopidine HCl,ticlopidine hcl,15
Tigan,tigan,5
Tigan (trimethobenzamide),tigan (trimethobenzamide),25
Tigecycline,tigecycline,11
Tiger Balm,tiger balm,10
Tilia Fe,tilia fe,8
Timolol,timolol,7
Timolol ,timolol,7
Timolol  0.5% Gel Forming Sol,timolol 0.5% gel forming,24
Timolol Maleate,timolol maleate,15
Timolol Maleate 0.25%,timolol maleate 0.25%,21
Timolol Maleate 0.5%,timolol maleate 0.5%,20
Timolol Maleate 0.5% GFS,timolol maleate 0.5% gfs,24
Timolol Maleate 0.5% gel,timolol maleate 0.5% gel,24
Timolol maleate,timolol maleate,15
Timoptic,timoptic,8
Timoptic 0.5% PF,timoptic 0.5% pf,16
Timoptic-XE,timoptic-xe,11
Timoptic-XE(Timolol maleate-XE),timoptic-xe(timolol maleate-xe),31
Tinactin,tinactin,8
Tinidazole,tinidazole,10
Tiotropium Bromide,tiotropium bromide,18
Tiotropium bromide,tiotropium bromide,18
Tipranavir,tipranavir,10
Tirofiban,tirofiban,9
Tirosint,tirosint,8
Tirosint (Levothyroxine),tirosint (levothyroxine),24
Tirosint(Levothyroxine) 75mcg,tirosint(levothyroxine) 75mcg,29
Titralac,titralac,8
Tivicay,tivicay,7
Tixagevimab (EUA),tixagevimab (eua),17
Tizanidine,tizanidine,10
Tizanidine HCl,tizanidine hcl,14
ToPAMax,topamax,7
TobraDEX,tobradex,8
TobraDex,tobradex,8
Tobradex,tobradex,8
Tobradex Opth Susp 0.3%/0.1%,tobradex 0.3%/0.1%,18
Tobramycin,tobramycin,10
Tobramycin - Dosing by pharmacy,tobramycin - dosing by pharmacy,31
Tobramycin 0.3% Ophth Ointment,tobramycin 0.3%,15
Tobramycin 0.3% Ophth Soln,tobramycin 0.3%,15
Tobramycin 2.5 mg/mL in Sodium Citrate 4%,tobramycin 2.5mg/ml in sodium citrate 4%,40
Tobramycin Fortified Ophth. Soln.,tobramycin fortified . .,24
Tobramycin Inhalation Soln,tobramycin,10
Tobramycin-Dexamethasone Ophth Oint,tobramycin-dexamethasone,24
Tobramycin-Dexamethasone Ophth Susp,tobramycin-dexamethasone,24
Tocilizumab,tocilizumab,11
Toclizumab (Actemra),toclizumab (actemra),20
Tofacitinib,tofacitinib,11
Tofacitinib (Xeljanz),tofacitinib (xeljanz),21
Tolcapone,tolcapone,9
Tolnaftate,tolnaftate,10
Tolterodine,tolterodine,11
Tolvaptan,tolvaptan,9
Top,top,3
Topamax,topamax,7
Topiramate,topiramate,10
Topiramate ,topiramate,10
Topiramate (Topamax),topiramate (topamax),20
Topotecan Desensitization,topotecan desensitization,25
Topotecan HCl,topotecan hcl,13
Toprol XL,toprol xl,9
Torsemide,torsemide,9
Toujeo,toujeo,6
Toujeo (glargine insulin) 300 units/ml,toujeo (glargine insulin) 300 units/ml,38
Toujeo Max SoloStar,toujeo max solostar,19
Toujeo Max U-300 SoloStar,toujeo max u-300 solostar,25
Toujeo Max U-300 SoloStar (glargine),toujeo max u-300 solostar (glargine),36
Toujeo Max U-300 glargine,toujeo max u-300 glargine,25
Toujeo SoloStar,toujeo solostar,15
Toujeo SoloStar U-300 Insulin,toujeo solostar u-300 insulin,29
Toviaz,toviaz,6
Toviaz (fesoterodine fumarate),toviaz (fesoterodine fumarate),30
Toviaz (fesoterodine),toviaz (fesoterodine),21
Toviaz extended release,toviaz extended release,23
Toviaz extended release tablet,toviaz extended release,23
Tra,tra,3
TraM,tramadol,8
TraMA,tramadol,8
TraMADOL,tramadol,8
TraMADOL (Ultram),tramadol (ultram),17
TraMADol,tramadol,8
TraMADol  ER,tramadol er,11
TraMADol (Ultram),tramadol (ultram),17
TraZODone,trazodone,9
TraZODone 25mg HALFTAB,trazodone 25mg halftab,22
Trace Minerals Cr-Cu-Mn-Se-Zn,trace minerals cr-cu-mn-se-zn,29
Tracleer,tracleer,8
Tracleer (Bosentan),tracleer (bosentan),19
Tradjenta,tradjenta,9
Tradjenta (linaGLIPtin),tradjenta (linagliptin),23
Tradjenta (linagliptin),tradjenta (linagliptin),23
Tramadol,tramadol,8
Tramadol 100mg Ext Release tab,tramadol 100mg ext release,26
Trametinib,trametinib,10
Trametinib ,trametinib,10
Trametinib (Mekinist),trametinib (mekinist),21
Trametinib *NF*,trametinib,10
Trametinib 2mg,trametinib 2mg,14
Trametinib(Mekinist) 2mg,trametinib(mekinist) 2mg,24
Trandolapril,trandolapril,12
Tranexa,tranexa,7
Tranexami,tranexami,9
Tranexamic,tranexamic,10
Tranexamic ,tranexamic,10
Tranexamic Acid,tranexamic acid,15
Tranexamic Acid Oral Solution,tranexamic acid,15
Transplant Self Medication Program,transplant program,18
Tranxene T-Tab,tranxene t-,11
Tranylcypromine Sulfate,tranylcypromine sulfate,23
Trastuzumab,trastuzumab,11
Trastuzumab-anns (Kanjinti),trastuzumab-anns (kanjinti),27
Travatan,travatan,8
Travatan (Travoprost 0.004%),travatan (travoprost 0.004%),28
Travatan 0.004% (*NF*),travatan 0.004%,15
Travatan 0.004% Ophth Soln  (*NF*),travatan 0.004%,15
Travatan Z,travatan z,10
Travatan Z (travoprost),travatan z (travoprost),23
Travatan Z 0.004%,travatan z 0.004%,17
Travatan Z 0.004% Eye Drops,travatan z 0.004%,17
Travatan Z 0.004% opthalmic,travatan z 0.004%,17
Travoprost,travoprost,10
Travoprost ,travoprost,10
Travoprost (Benzalkonium),travoprost (benzalkonium),25
Travoprost (benzalkonium),travoprost (benzalkonium),25
Travoprost 0.004 % Ophth Soln  (*NF*),travoprost 0.004%,17
Trelegy Ellipta,trelegy ellipta,15
Trelegy Ellipta  (fluticasone-umeclidin-vilanter) ,trelegy ellipta (fluticasone-umeclidin-vilanter),48
"Trelegy Ellipta (fluticasone, umeclidinium, vilanterol)",trelegy ellipta (fluticasone umeclidinium vilanterol),53
Trelegy Ellipta (fluticasone-umeclidin-vilanter),trelegy ellipta (fluticasone-umeclidin-vilanter),48
Trelipressin,trelipressin,12
Treprostinil Sodium,treprostinil sodium,19
Treprostinil Sodium  - Patient Own Pump,treprostinil sodium - patient own pump,38
Treprostinil Sodium - Patient Own CADD Pump,treprostinil sodium - patient own cadd pump,43
Tresiba,tresiba,7
Tresiba ,tresiba,7
Tresiba (Insulin Degludec),tresiba (insulin degludec),26
Tresiba (Insulin degludec),tresiba (insulin degludec),26
Tresiba (degludec) FlexTouch U-100,tresiba (degludec) flextouch u-100,34
Tresiba 100 units/ml (insulin deglutec),tresiba 100 units/ml (insulin deglutec),39
Tresiba 30 Units,tresiba 30 units,16
Tresiba FlexTouch Pen,tresiba flextouch pen,21
Tresiba FlexTouch U-100,tresiba flextouch u-100,23
Tresiba FlexTouch U-100    ** Non-Formulary **,tresiba flextouch u-100,23
Tresiba FlexTouch U-100 (degludec),tresiba flextouch u-100 (degludec),34
Tresiba FlexTouch U-100 *NF* (insulin degludec) ,tresiba flextouch u-100 (insulin degludec),42
Tresiba FlexTouch U-100 NF,tresiba flextouch u-100 nf,26
Tresiba FlexTouch U-200,tresiba flextouch u-200,23
Tresiba U-100 Insulin,tresiba u-100 insulin,21
Tretinoin,tretinoin,9
Tretinoin ,tretinoin,9
"Tretinoin (ATRA, All-Transretinoic Acid)",tretinoin (atra all-transretinoic acid),39
Tretinoin (ATRA-All Transretinoic Acid),tretinoin (atra-all transretinoic acid),39
Tretinoin (Chemotherapy),tretinoin (chemotherapy),24
Tretinoin 0.025% Cream,tretinoin 0.025%,16
Tretinoin 0.025% Gel,tretinoin 0.025% gel,20
Tretinoin 0.05% Cream,tretinoin 0.05%,15
Tretinoin 0.1% Cream,tretinoin 0.1%,14
Tretinoin 0.1% Gel,tretinoin 0.1% gel,18
Tretinoin 0.25% Gel,tretinoin 0.25% gel,19
Tretinoin Suspension,tretinoin,9
Tri-Estarylla,tri-estarylla,13
Tri-Linyah,tri-linyah,10
Tri-Lo-Sprintec,tri-lo-sprintec,15
Tri-Previfem (28),tri-previfem,12
Tri-Sprintec (28),tri-sprintec,12
TriLyte With Flavor Packets,trilyte with flavor packets,27
TriNessa (28),trinessa,8
Triamcinolone,triamcinolone,13
Triamcinolone ,triamcinolone,13
Triamcinolone Acetonide,triamcinolone acetonide,23
Triamcinolone Acetonide 0.025% Cream,triamcinolone acetonide 0.025%,30
Triamcinolone Acetonide 0.025% Ointment,triamcinolone acetonide 0.025%,30
Triamcinolone Acetonide 0.1% Cream,triamcinolone acetonide 0.1%,28
Triamcinolone Acetonide 0.1% Ointment,triamcinolone acetonide 0.1%,28
Triamcinolone Acetonide 24 HR,triamcinolone acetonide 24 hr,29
Triamcinolone Acetonide Inj,triamcinolone acetonide inj,27
Triamcinolone Acetonide(Inhal),triamcinolone acetonide,23
Triamcinolone Dental Paste,triamcinolone dental paste,26
Triamterene,triamterene,11
Triamterene-HCTZ (37.5/25),triamterene-hctz (37.5/25),26
Triamterene-Hydrochlorothiazid,triamterene-hydrochlorothiazid,30
Triamterene-Hydrochlorothiazide,triamterene-hydrochlorothiazide,31
Triamterene-Hydrochlorothiazide (37.5/25),triamterene-hydrochlorothiazide (37.5/25),41
Triazolam,triazolam,9
Tribenzor,tribenzor,9
Tricor,tricor,6
Trifluoperazine HCl,trifluoperazine hcl,19
Trifluridine 1% Ophth Soln.,trifluridine 1% .,17
Trihexyphenidyl,trihexyphenidyl,15
Trihexyphenidyl HCl,trihexyphenidyl hcl,19
Trikafta,trikafta,8
TrileptaL,trileptal,9
Trileptal,trileptal,9
Trileptal (oxcarbazepine) 150mg tab,trileptal (oxcarbazepine) 150mg,31
Trilipix,trilipix,8
Trimethobenzamide,trimethobenzamide,17
Trimethoprim,trimethoprim,12
Trimethoprim-Sulfamethoxazole,trimethoprim-sulfamethoxazole,29
Trimipramine,trimipramine,12
Trimipramine (Surmontil),trimipramine (surmontil),24
Trintellix,trintellix,10
Trintellix (Vortioxetine),trintellix (vortioxetine),25
Trintellix (vortioxetine),trintellix (vortioxetine),25
Trintellix 10mg Tabs,trintellix 10mg,15
Triple Omega 3-6-9,triple omega 3-6-9,18
Triple Paste,triple paste,12
Trisiba Flex touch U-100,trisiba flex touch u-100,24
Triumeq,triumeq,7
Triumeq ,triumeq,7
Triumeq  (abacavir-dolutegravir-lamivud),triumeq (abacavir-dolutegravir-lamivudine),42
Triumeq (600-50-300),triumeq (600-50-300),20
"Triumeq (abacavir, dolutegravir, lamivudine)",triumeq (abacavir dolutegravir lamivudine),42
"Triumeq (abacavir,dolutegravir,lamivudine",triumeq (abacavirdolutegravirlamivudine,39
Triumeq (abacavir/dolutegravir/lamivudine),triumeq (abacavir/dolutegravir/lamivudine),42
Triumeq 600mg/50mg/300mg,triumeq 600mg/50mg/300mg,24
Triumeq(abacavir-dolutegravir-lamivud),triumeq(abacavir-dolutegravir-lamivudine),41
Triumeqabacavir-dolutegravir-lamivud,triumeqabacavir-dolutegravir-lamivudine,39
Trivora (28),trivora,7
Trivora-28,trivora-,8
Trizivir,trizivir,8
Trokendi XR,trokendi xr,11
Tromethamine,tromethamine,12
Tropicamide 0.5%,tropicamide 0.5%,16
Tropicamide 0.5% Ophth Soln,tropicamide 0.5%,16
Tropicamide 1 %,tropicamide 1%,14
Trospium 20mg Tablet,trospium 20mg,13
Trospium ER,trospium er,11
TruNatal soluble fiber,trunatal soluble fiber,22
True Omega -3 Fish Oil 409mg cap,true omega -3 fish oil 409mg,28
Trulance,trulance,8
Trulance (plecanatide),trulance (plecanatide),22
Trulance 3mg Tab (Plecanatide),trulance 3mg (plecanatide),26
Trulicity,trulicity,9
Trulicity (dulaglutide),trulicity (dulaglutide),23
Trulicity (dulaglutide) ,trulicity (dulaglutide),23
Trusopt,trusopt,7
Truvada,truvada,7
Tuberculin PPD,tuberculin ppd,14
Tuberculin Protein,tuberculin protein,18
Tucks,tucks,5
Tucks Hemorrhoidal Oint 1%,tucks hemorrhoidal 1%,21
Tudorza (aclidinium bromide),tudorza (aclidinium bromide),28
Tudorza Pressair,tudorza pressair,16
Tujeo Solostar 300 ,tujeo solostar 300,18
Tujeo solostart ,tujeo solostart,15
Tums,tums,4
Tums (calcium carbonate),tums (calcium carbonate),24
Tums E-X,tums e-x,8
Tums Extra Strength Smoothies,tums extra strength smoothies,29
Tums Ultra,tums ultra,10
Tums ultra strength,tums ultra strength,19
Tussin,tussin,6
Twinrix (PF),twinrix (pf),12
Tykerb,tykerb,6
Tykerb 250mg tab,tykerb 250mg,12
Tylenol,tylenol,7
Tylenol 8 Hour,tylenol 8 hour,14
Tylenol Arthritis,tylenol arthritis,17
Tylenol Arthritis Pain,tylenol arthritis pain,22
Tylenol Extra Strength,tylenol extra strength,22
Tylenol PM Extra Strength,tylenol pm extra strength,25
Tylenol-Codeine #3,tylenol-codeine #3,18
Tylenol-Codeine #4,tylenol-codeine #4,18
Tymlos,tymlos,6
Tymlos 3120mcg/1.56ml,tymlos 3120mcg/1.56ml,21
Tysabri,tysabri,7
Tyvaso,tyvaso,6
Tyvaso 1.74mg/2.9 ml,tyvaso 1.74mg/2.9ml,19
Tyzeka,tyzeka,6
Tyzeka (Telbivudine),tyzeka (telbivudine),20
URSO Forte,urso forte,10
Ubiquinol CoQ10 (300mg),ubiquinol coq10 (300mg),23
Ubrelvy,ubrelvy,7
Uceris,uceris,6
Uceris (Budesonide) ER,uceris (budesonide) er,22
Uceris ER,uceris er,9
Udenyca,udenyca,7
Ulipristal,ulipristal,10
Uloric,uloric,6
Ultimate Omega-D3 1000 mg,ultimate omega-d3 1000mg,24
Ultra B-100 Complex,ultra b-100 complex,19
Ultra Flora Plus,ultra flora plus,16
UltraFlora Spectrum,ultraflora spectrum,19
Ultram,ultram,6
Ultrase MT 12,ultrase mt 12,13
Ultrase MT 20,ultrase mt 20,13
Ultravate (halobetasol) cream,ultravate (halobetasol),23
Umbralisib,umbralisib,10
Umeclidinium 62.5mcg,umeclidinium 62.5mcg,20
Unasyn,unasyn,6
UniFiber,unifiber,8
Unisom,unisom,6
Unisom (doxylamine),unisom (doxylamine),19
Unithroid,unithroid,9
Univasc,univasc,7
Unsulin detemir,unsulin detemir,15
Uptravi,uptravi,7
Uptravi (SELEXIPAG),uptravi (selexipag),19
Uptravi (selexipag),uptravi (selexipag),19
Uptravi(selexipag),uptravi(selexipag),18
Ure,ure,3
Urea,urea,4
Urea-C40,urea-c40,8
Ureacin-10,ureacin-10,10
Ureacin-20,ureacin-20,10
Urelle,urelle,6
Urex,urex,4
Uridine triacetate,uridine triacetate,18
Urocit-K 10,urocit-k 10,11
Urocit-K 5,urocit-k 5,10
Uroqid-Acid No.2,uroqid-acid no.2,16
UroxaTRAL,uroxatral,9
Uroxatral,uroxatral,9
Uroxatral (Alfuzosin) 10mg ER tab,uroxatral (alfuzosin) 10mg er,29
Ursodiol,ursodiol,8
Ursodiol Oral Suspension,ursodiol,8
Ustekinumab,ustekinumab,11
V-C Forte,v-c forte,9
VALACYCLOVIR,valacyclovir,12
VALTREX,valtrex,7
VANCOMYCIN,vancomycin,10
VESIcare,vesicare,8
VICOdin,vicodin,7
VICOdin (HYDROcodone-acetaminophen),vicodin (hydrocodone-acetaminophen),35
VICOdin (hydrocodone-acetaminophen),vicodin (hydrocodone-acetaminophen),35
VICOdin 10-300,vicodin 10-300,14
VICOdin HP,vicodin hp,10
VIT D/PCB 4000/400/0 IU,vit d/pcb 4000/400/0 iu,23
VITRON-C,vitron-c,8
VORINOSTAT,vorinostat,10
VSL#3,vsl#3,5
VSL#3 450 Billion Packet,vsl#3 450 billion,17
VSL#3 450 Billion Pkt,vsl#3 450 billion,17
VSL#3 DS,vsl#3 ds,8
VSL#3 DS 900 Billion Pkt Probiotic,vsl#3 ds 900 billion probiotic,30
VSL#3 DS 900 Billion Probiotic PKT,vsl#3 ds 900 billion probiotic,30
VSL#3 DS packet,vsl#3 ds,8
Vaccine Book,vaccine book,12
Vagifem,vagifem,7
Vagifem (estradiol),vagifem (estradiol),19
Val,val,3
ValACY,valacy,6
ValACYclovir,valacyclovir,12
ValGA,valganciclovir,14
ValGANC,valganciclovir,14
ValGANCI,valganciclovir,14
ValGANCIc,valganciclovir,14
ValGANCIcl,valganciclovir,14
ValGANCIclo,valganciclovir,14
ValGANCIclov,valganciclovir,14
ValGANCIclovi,valganciclovir,14
ValGANCIclovir,valganciclovir,14
ValGANCIclovir ,valganciclovir,14
ValGANCIclovir (Self Med),valganciclovir,14
ValGANCIclovir Oral Solution,valganciclovir,14
ValGANCIclovir Suspension,valganciclovir,14
Valacyclovir,valacyclovir,12
Valacyclovir 1 gm,valacyclovir 1 gm,17
Valcyte,valcyte,7
Valganc,valganciclovir,14
Valganciclovir,valganciclovir,14
Validol,validol,7
Valium,valium,6
Valium (diazepam),valium (diazepam),17
Valproate Sodium,valproate sodium,16
Valproic,valproic,8
Valproic ,valproic,8
Valproic Acid,valproic acid,13
Valproic Acid (as Sodium salt),valproic acid (as sodium salt),30
Valproic Acid Solution,valproic acid,13
Valproic acid (Depakene brand),valproic acid (depakene),24
Valsart,valsart,7
Valsarta,valsarta,8
Valsartan,valsartan,9
Valsartan-HCTZ,valsartan-hctz,14
Valtrex,valtrex,7
Vancocin,vancocin,8
Vancocin (vancomycin),vancocin (vancomycin),21
Vancomycin,vancomycin,10
Vancomycin ,vancomycin,10
Vancomycin (0.5 mg/mL)-Heparin (100 units/mL) Lock,vancomycin (0.5mg/ml)-heparin (100 units/ml) lock,49
Vancomycin (2 mg/mL)-Heparin (10 units/mL) Lock *STANDARD*,vancomycin (2mg/ml)-heparin (10 units/ml) lock standard,55
"Vancomycin (2.5 mg/mL)-Heparin (2,500 units/mL) Lock (For HD/Pheresis Catheters)",vancomycin (2.5mg/ml)-heparin (2500 units/ml) lock (hd/pheresis catheters),74
Vancomycin 125mg Cap,vancomycin 125mg,16
Vancomycin 14mg/mL Ophth Soln,vancomycin 14mg/ml,18
Vancomycin 1mg/0.1mL,vancomycin 1mg/0.1ml,20
Vancomycin 250 mg,vancomycin 250mg,16
Vancomycin 250mg,vancomycin 250mg,16
Vancomycin 25mg/mL Ear Drops,vancomycin 25mg/ml ear,22
Vancomycin 25mg/mL Ophth Soln,vancomycin 25mg/ml,18
Vancomycin 50mg/mL Ophth Soln,vancomycin 50mg/ml,18
Vancomycin Antibiotic Lock,vancomycin antibiotic lock,26
Vancomycin Desensitization,vancomycin desensitization,26
Vancomycin Enema,vancomycin enema,16
Vancomycin Intrathecal,vancomycin intrathecal,22
Vancomycin Intraventricular,vancomycin intraventricular,27
Vancomycin Ora,vancomycin ora,14
Vancomycin Oral Liquid,vancomycin,10
Vancomycin capsule,vancomycin,10
"Vancomycin in Sodium Citrate 4%, ",vancomycin in sodium citrate 4%,31
Vancomycin – Pharmacy to Dose (ID Consult ONLY),vancomycin – pharmacy to (id consult),37
Vancomycin – Pharmacy to Dose (ID Consult or ICU ONLY),vancomycin – pharmacy to (id consult icu),41
Vancomycin-Heparin Lock,vancomycin-heparin lock,23
Vancomycin-Heparin Lock (For HD/Pheresis Catheters),vancomycin-heparin lock (hd/pheresis catheters),47
Vandazole,vandazole,9
Vaniqa,vaniqa,6
Varenicline,varenicline,11
Varenicline(Chantix),varenicline(chantix),20
Varicella ,varicella,9
Varicella Virus,varicella virus,15
Varicella Virus Vaccine,varicella virus vaccine,23
Varicella-Zoster Immune Glob,varicella-zoster immune glob,28
Vascepa,vascepa,7
Vascepa (icosapent ethyl),vascepa (icosapent ethyl),25
Vaseline,vaseline,8
Vaseline White Petroleum,vaseline white petroleum,24
Vasopressin,vasopressin,11
Vasopressin (for 40units/2mL 2mL,vasopressin ( 40units/2ml 2ml,29
Vasopressin (for dilution),vasopressin (dilution),22
Vasotec,vasotec,7
Vasotec (enalapril),vasotec (enalapril),19
Vazalore,vazalore,8
Vecuronium Bromide,vecuronium bromide,18
Veletri,veletri,7
Velivet,velivet,7
Velivet 0.1/0.125/0.15 mg-25 mcg,velivet 0.1/0.125/0.15mg-25 mcg,31
Velivet 0.1/0.125/0.15 mg-25 mcg ,velivet 0.1/0.125/0.15mg-25 mcg,31
Velivet Triphasic Regimen (28),velivet triphasic regimen,25
Velpatasvir/Sofosbuvir,velpatasvir/sofosbuvir,22
Velphoro,velphoro,8
Velphoro (sucroferric oxyhydroxide),velphoro (sucroferric oxyhydroxide),35
Veltassa,veltassa,8
Vemlidy,vemlidy,7
Vemlidy  (tenofovir alafenamide),vemlidy (tenofovir alafenamide),31
Vemurafenib,vemurafenib,11
Vemurafenib (Vemurafenib),vemurafenib (vemurafenib),25
Venclexta,venclexta,9
Venclexta Starting Pack,venclexta starting,18
Venetoclax,venetoclax,10
Venetoclax 10 mg tablet ,venetoclax 10mg,15
Venetoclax 50 mg tablet ,venetoclax 50mg,15
Venl,venlafaxine,11
Venlaf,venlafaxine,11
Venlafa,venlafaxine,11
Venlafax,venlafaxine,11
Venlafaxi,venlafaxine,11
Venlafaxin,venlafaxine,11
Venlafaxine,venlafaxine,11
Venlafaxine ,venlafaxine,11
Venlafaxine (Effexor),venlafaxine (effexor),21
Venlafaxine XR,venlafaxine xr,14
Venofer,venofer,7
Ventavis,ventavis,8
Ventavis (iloprost),ventavis (iloprost),19
Ventolin ,ventolin,8
Ventolin CFC,ventolin cfc,12
Ventolin HFA,ventolin hfa,12
Ver,ver,3
Vera,vera,4
Veramyst,veramyst,8
Verap,verap,5
Verapa,verapa,6
Verapam,verapam,7
Verapami,verapami,8
Verapamil,verapamil,9
Verapamil HCl,verapamil hcl,13
Verapamil SR,verapamil sr,12
Verelan,verelan,7
Verelan PM,verelan pm,10
Veridperstat,veridperstat,12
Verzenio,verzenio,8
Vesicare,vesicare,8
Vexol,vexol,5
Viactiv,viactiv,7
Viactivcalcium-vitamin D3-vitamin K),viactivcalcium-vitamin d3-vitamin k),36
Viagra,viagra,6
Vica Forte,vica forte,10
Vicks Vapor Inhaler,vicks vapor,11
Vicks Vaporub,vicks vaporub,13
Vicodin ,vicodin,7
Vicodin (hydrocodone/APAP),vicodin (hydrocodone/apap),26
Vicodin ES,vicodin es,10
Vicodin HP,vicodin hp,10
Vicon Forte,vicon forte,11
Victoz,victoz,6
Victoza,victoza,7
Victoza  6mg/ml (liraglutide),victoza 6mg/ml (liraglutide),28
Victoza (LIRAGLUTIDE),victoza (liraglutide),21
Victoza (Litaglutide) ,victoza (litaglutide),21
Victoza 1.8mg (Liraglutide),victoza 1.8mg (liraglutide),27
Victoza 2-Pak,victoza 2-,10
Victoza 2-Pak ,victoza 2-,10
Victoza 3-Pak,victoza 3-,10
Victrelis,victrelis,9
Viekira Pak,viekira,7
Vienva,vienva,6
Vienva (levonorgestrel-ethinyl estradiol),vienva (levonorgestrel-ethinyl estradiol),41
Vigabatrin,vigabatrin,10
Vigamox,vigamox,7
Vigamox 0.5% Ophth (*NF* ),vigamox 0.5%,12
Viibryd,viibryd,7
Viibryd (Vilazodone),viibryd (vilazodone),20
Viibryd (Vilazodone) 40mg tab,viibryd (vilazodone) 40mg,25
Viibryd (vilazodone),viibryd (vilazodone),20
Vimpat,vimpat,6
VinBLAStine (Velban),vinblastine (velban),20
VinCRIStine (Oncovin),vincristine (oncovin),21
VinCRIStine*,vincristine,11
VinORELbine (Navelbine),vinorelbine (navelbine),23
Vinate AZ,vinate az,9
Viokace,viokace,7
Viokace (lipase protease-amylase),viokace (lipase protease-amylase),33
Viokace (pancrelipase),viokace (pancrelipase),22
Viokace 20,viokace 20,10
"Viokace 20,880/78/300",viokace 20880/78/300,20
"Viokace 20880, 78300, 78300",viokace 20880 78300 78300,25
"Viokace 20880,78300,78300",viokace 208807830078300,23
Viokase 16,viokase 16,10
Viokase 8,viokase 8,9
Viokase-8,viokase-8,9
Viorele (28),viorele,7
Viorelle ,viorelle,8
Viracept,viracept,8
Viramune,viramune,8
Viramune XR,viramune xr,11
Visbiome,visbiome,8
Visine,visine,6
Visine-AC,visine-ac,9
Vision Plus Lutein,vision plus lutein,18
Vit eyes,vit eyes,8
VitD/PCB 4000/400/0IU,vitd/pcb 4000/400/0iu,21
VitEyes Macular Support Vitamin,viteyes macular support vitamin,31
Vitam,vitam,5
Vitamin ,vitamin,7
Vitamin A,vitamin a,9
Vitamin A Palmitate,vitamin a palmitate,19
Vitamin B Complex,vitamin b complex,17
Vitamin B Complex w/C,vitamin b complex w/c,21
Vitamin B-1,vitamin b-1,11
Vitamin B-100 Complex,vitamin b-100 complex,21
Vitamin B-12,vitamin b-12,12
Vitamin B-12 (cyanocobalamin),vitamin b-12 (cyanocobalamin),29
Vitamin B-12 Spray,vitamin b-12,12
Vitamin B-12 w/ Folic Acid Sublingual,vitamin b-12 w/folic acid sublingual,36
Vitamin B-6,vitamin b-6,11
Vitamin B12-Folic Acid,vitamin b12-folic acid,22
Vitamin C,vitamin c,9
Vitamin C With Rose Hips,vitamin c with rose hips,24
Vitamin Cocktail ,vitamin cocktail,16
Vitamin Cocktail Capsule,vitamin cocktail,16
Vitamin D,vitamin d,9
Vitamin D (25 mcg),vitamin d (25 mcg),18
"Vitamin D 20,000units",vitamin d 20000units,20
Vitamin D 3 ,vitamin d 3,11
"Vitamin D 3 540,000 ",vitamin d 3 540000,18
Vitamin D 4000 units,vitamin d 4000 units,20
"Vitamin D 540,000",vitamin d 540000,16
Vitamin D Oral Liquid,vitamin d,9
Vitamin D-3,vitamin d-3,11
Vitamin D2,vitamin d2,10
Vitamin D2 (Ergocalciferol),vitamin d2 (ergocalciferol),27
Vitamin D3,vitamin d3,10
Vitamin D3 ,vitamin d3,10
Vitamin D3 (Cholecalciferol),vitamin d3 (cholecalciferol),28
Vitamin D3 (cholecalciferol),vitamin d3 (cholecalciferol),28
Vitamin E,vitamin e,9
Vitamin E Drops,vitamin e,9
Vitamin K 1 ,vitamin k 1,11
Vitamin K-1,vitamin k-1,11
Vitamin K-1 (100mcg),vitamin k-1 (100mcg),20
Vitamin K1,vitamin k1,10
Vitamin ad,vitamin ad,10
Vitamin d3,vitamin d3,10
VitaminD 3  ,vitamind 3,10
VitaminD3  ,vitamind3,9
Vitamins and Minerals,vitamins and minerals,21
Vitiamin D 3  ,vitiamin d 3,12
"Vitma,in D3",vitmain d3,10
Vitron-C,vitron-c,8
Vivactil,vivactil,8
Vivelle,vivelle,7
Vivelle-Dot,vivelle-dot,11
Vivelle-Dot 0.0375 mg/24 hr patch,vivelle-dot 0.0375mg/24 hr patch,32
Vivitrol,vivitrol,8
Vivitrol (naltrexone microspheres),vivitrol (naltrexone microspheres),34
Volnea (28),volnea,6
Voltaren,voltaren,8
Voltaren  (diclofenac sodium) 1 % TOPICAL ,voltaren (diclofenac sodium) 1% topical,39
Voltaren (diclofenac gel 1%),voltaren (diclofenac gel 1%),28
Voltaren (diclofenac gel),voltaren (diclofenac gel),25
Voltaren (diclofenac sodium),voltaren (diclofenac sodium),28
Voltaren (diclofenac),voltaren (diclofenac),21
Voltaren 1% gel,voltaren 1% gel,15
Voltaren Arthritis Pain,voltaren arthritis pain,23
Voltaren Gel,voltaren gel,12
Voltaren Gel 1%,voltaren gel 1%,15
Voltaren gel 1%,voltaren gel 1%,15
Voltaren gel 1% (diclofenac),voltaren gel 1% (diclofenac),28
Voltaren-XR,voltaren-xr,11
Volumen (Barium Sulfate 0.1% Suspension),volumen (barium sulfate 0.1%),29
Volumen (barium 0.1%),volumen (barium 0.1%),21
Von Willebrand factor,von willebrand factor,21
Von Willebrand factor (Humate-P),von willebrand factor (humate-p),32
Vorico,vorico,6
Voricona,voricona,8
Voriconazole,voriconazole,12
Voriconazole 1% Ophth. Soln,voriconazole 1% .,17
Voriconazole crush tab,voriconazole crush,18
Vorinostat,vorinostat,10
Vortioxentine (Brintellix),vortioxentine (brintellix),26
Vortioxetine 10MG,vortioxetine 10mg,17
Vosevi,vosevi,6
Votrient,votrient,8
Votrient (pazopanib),votrient (pazopanib),20
Votrient/Pazopanib,votrient/pazopanib,18
Voxtalisib,voxtalisib,10
Vraylar,vraylar,7
Vraylar (cariprazine),vraylar (cariprazine),21
Vraylar 3 mg ,vraylar 3mg,11
Vy vanse,vy vanse,8
Vyndamax,vyndamax,8
Vytorin 10-10,vytorin 10-10,13
Vytorin 10-20,vytorin 10-20,13
Vytorin 10-40,vytorin 10-40,13
Vytorin 10-80,vytorin 10-80,13
Vyvanse,vyvanse,7
Vyvanse (lisdexamfetamine dimesylate),vyvanse (lisdexamfetamine dimesylate),37
Vyvanse (lisdexamfetamine),vyvanse (lisdexamfetamine),26
Vyvanse 30 mg,vyvanse 30mg,12
Vyvanse 60mg Capsule,vyvanse 60mg,12
Vyvanse(lisdexamfetamine dimesylate),vyvanse(lisdexamfetamine dimesylate),36
Vyzulta,vyzulta,7
WP Thyroid,wp thyroid,10
WP Thyroid 48.75mg tab,wp thyroid 48.75mg,18
Wal-Tussin DM,wal-tussin dm,13
Warf,warf,4
Warfar,warfar,6
Warfarin,warfarin,8
Wegovy,wegovy,6
WelChoL,welchol,7
WelChol,welchol,7
Wellbutrin,wellbutrin,10
Wellbutrin ,wellbutrin,10
Wellbutrin SR,wellbutrin sr,13
Wellbutrin SR (Brand Name),wellbutrin sr,13
Wellbutrin XL,wellbutrin xl,13
Wellbutrin XL (buproprion),wellbutrin xl (buproprion),26
Westcort,westcort,8
Westhroid,westhroid,9
Whey Protein Concentrate,whey protein concentrate,24
White Petrolatum-Mineral Oil,white petrolatum-mineral oil,28
Willard Water Clear Concentrate,willard water clear concentrate,31
Witch Hazel 50% Pad,witch hazel 50% pad,19
Wixela Inhub,wixela inhub,12
Wixela Inhub (250/50),wixela inhub (250/50),21
Womens One Daily,womens one,10
Womens Prenatal + DHA,womens prenatal + dha,21
X-VIATE,x-viate,7
XIBROM,xibrom,6
XIBROM (BROMFENAC),xibrom (bromfenac),18
XIBROM (Bromfenac) 0.09%,xibrom (bromfenac) 0.09%,24
XIBROM 0.09% drops,xibrom 0.09%,12
XTANDI (enzalutamide),xtandi (enzalutamide),21
Xalatan,xalatan,7
Xalatan (Latanoprost),xalatan (latanoprost),21
Xalatan 0.005%,xalatan 0.005%,14
Xalatan 0.05%,xalatan 0.05%,13
Xanax,xanax,5
Xanax XR,xanax xr,8
Xanax XR 1mg ,xanax xr 1mg,12
Xarelto,xarelto,7
Xeljanz,xeljanz,7
Xeljanz ,xeljanz,7
Xeljanz (Tofacitinib),xeljanz (tofacitinib),21
Xeljanz (Tofacitinib) Tab,xeljanz (tofacitinib),21
Xeljanz (tofacitinib),xeljanz (tofacitinib),21
Xeljanz 5mg,xeljanz 5mg,11
Xeljanz XR,xeljanz xr,10
Xeloda,xeloda,6
Xenazine,xenazine,8
Xenazine 25mg,xenazine 25mg,13
Xgeva,xgeva,5
Xifaxan,xifaxan,7
Xiidra,xiidra,6
Xiidra (lifitegrast),xiidra (lifitegrast),20
Xiidra 5% Opthalmic Solution,xiidra 5%,9
Xolair,xolair,6
Xopenex,xopenex,7
Xopenex Concentrate,xopenex concentrate,19
Xopenex HFA,xopenex hfa,11
Xopenex HFA (levalbuterol tartrate),xopenex hfa (levalbuterol tartrate),35
Xopenex HFA 45 mcg,xopenex hfa 45 mcg,18
Xopenex Neb,xopenex neb,11
Xopenex inhaler,xopenex,7
Xtampza ER,xtampza er,10
Xtandi,xtandi,6
Xtandi (Enzalutamide),xtandi (enzalutamide),21
Xtandi (enzalutamide),xtandi (enzalutamide),21
Xulane,xulane,6
Xulane (norelgestromin-ethin.estradioL) 150-35 mcg/24 hr,xulane (norelgestromin-ethin.estradiol) 150-35 mcg/24 hr,56
XyliMelts (xylitol),xylimelts (xylitol),19
Xylimelts,xylimelts,9
Xylimelts (xylitoL) ,xylimelts (xylitol),19
Xylimelts (xylitol),xylimelts (xylitol),19
Xylitol Sinus Care Spray,xylitol sinus care,18
Xylocaine,xylocaine,9
Xyrem,xyrem,5
Xyrem (sodium oxybate),xyrem (sodium oxybate),22
Xyrem 500mg/ml,xyrem 500mg/ml,14
Xyzal,xyzal,5
Xyzal (levocetirizine),xyzal (levocetirizine),22
YAZ (28),yaz,3
YAZ 28,yaz,3
YAZ 28    3-20mcg,yaz 3-20mcg,11
YAZ 28  3-20,yaz 3-20,8
Yasmin ,yasmin,6
Yasmin (28),yasmin,6
Yasmin 28,yasmin,6
Yaz (28),yaz,3
Yohimbine,yohimbine,9
Yupelri,yupelri,7
Yupelri (REVEFENACIN),yupelri (revefenacin),21
Yuvafem,yuvafem,7
Yuvafem vaginal tablet suppository,yuvafem vaginal suppository,27
ZANtac,zantac,6
ZEMplar,zemplar,7
ZIPRASidone Hydrochloride,ziprasidone hydrochloride,25
ZIPRASidone Mesylate,ziprasidone mesylate,20
ZOFRAN ODT,zofran odt,10
ZOLMitriptan,zolmitriptan,12
ZOLMitriptan 5mg,zolmitriptan 5mg,16
ZYRtec,zyrtec,6
ZYRtec (Cetirizine),zyrtec (cetirizine),19
ZYRtec (cetirizine),zyrtec (cetirizine),19
ZZ,UNK,2
ZZ* Cobimetinib,zz cobimetinib,14
ZZ* Ipatasertib,zz ipatasertib,14
ZZ-Abemaciclib,zz-abemaciclib,14
ZZPimasertibZZ,zzpimasertibzz,14
ZZVoxtalisib,zzvoxtalisib,12
Zaditor,zaditor,7
Zaditor (Ketotifen fumarate),zaditor (ketotifen fumarate),28
Zaditor (Ketotifen),zaditor (ketotifen),19
Zaditor (ketotifen fumarate),zaditor (ketotifen fumarate),28
Zafirlukast,zafirlukast,11
Zaleplon,zaleplon,8
Zanamivir,zanamivir,9
Zantac,zantac,6
Zantac ,zantac,6
Zantac 75,zantac 75,9
Zantac Maximum Strength,zantac maximum strength,23
Zarah 3mg-0.03mg tab,zarah 3mg-0.03mg,16
Zarontin,zarontin,8
Zarontin (Ethosuximide),zarontin (ethosuximide),23
Zarontin (ethosuximide),zarontin (ethosuximide),23
Zaroxolyn,zaroxolyn,9
Zeasorb,zeasorb,7
Zeasorb (miconazole),zeasorb (miconazole),20
Zeasorb AF,zeasorb af,10
Zeasorb(miconazole nitrate 2%,zeasorb(miconazole nitrate 2%,29
ZegERID,zegerid,7
Zegerid,zegerid,7
Zegerid 40,zegerid 40,10
Zegerid 40mg/1680mg,zegerid 40mg/1680mg,19
Zegerid OTC,zegerid otc,11
Zelapar,zelapar,7
Zelboraf,zelboraf,8
Zelnorm 6mg tablet,zelnorm 6mg,11
Zemplar,zemplar,7
Zenpep,zenpep,6
Zenpep ,zenpep,6
"Zenpep (20K, 68K, 109K) cAP",zenpep (20k 68k 109k),21
"Zenpep (25,000-85,000-136,000)",zenpep (25000-85000-136000),27
"Zenpep (25,000/85,000/136,000)",zenpep (25000/85000/136000),27
Zenpep (25/85/136),zenpep (25/85/136),18
Zenpep 20000,zenpep 20000,12
Zenpep 20000 units,zenpep 20000 units,18
"Zenpep 25,000u-79,000 unit-105,000u",zenpep 25000u-79000 unit-105000u,32
Zenpep 25000,zenpep 25000,12
Zepatier,zepatier,8
Zepatier (elbasvir-grazoprevir) 50/100mg,zepatier (elbasvir-grazoprevir) 50/100mg,40
Zerbaxa,zerbaxa,7
Zestril,zestril,7
Zestril ,zestril,7
Zetia,zetia,5
Ziac,ziac,4
Ziagen,ziagen,6
Ziana (clindamycin-tretinoin),ziana (clindamycin-tretinoin),29
Zidovudine,zidovudine,10
Ziextenzo,ziextenzo,9
Zileuton,zileuton,8
Zinc,zinc,4
Zinc Oxide,zinc oxide,10
Zinc Oxide Diaper Cream,zinc oxide diaper,17
Zinc Oxide Diaper Rash Cream,zinc oxide diaper rash,22
Zinc Sulfate,zinc sulfate,12
Zinc sulfate,zinc sulfate,12
Zinc sulfate 220 mg/0 mg,zinc sulfate 220mg/0mg,22
Zinc sulfate 220 mg/0 mg ,zinc sulfate 220mg/0mg,22
Zinc-Oxyde Plus,zinc-oxyde plus,15
Zioptan (PF),zioptan (pf),12
Zioptan (PF) (tafluprost) 0.0015%,zioptan (pf) (tafluprost) 0.0015%,33
Zip,zip,3
Ziprasidone,ziprasidone,11
Ziprasidone HCl,ziprasidone hcl,15
Ziprasidone Hydrochloride,ziprasidone hydrochloride,25
Ziprasidone Mesylate,ziprasidone mesylate,20
Zirgan,zirgan,6
Zirgan (ganciclovir gel 0.15%),zirgan (ganciclovir gel 0.15%),30
Zirgan (ganciclovir),zirgan (ganciclovir),20
Zirgan(ganciclovir),zirgan(ganciclovir),19
Zithromax Z-Pak,zithromax z-,12
Zocor,zocor,5
Zofran,zofran,6
Zofran (as hydrochloride),zofran (as hydrochloride),25
Zofran ODT,zofran odt,10
Zoledronic Acid,zoledronic acid,15
Zoledronic Acid (Zometa),zoledronic acid (zometa),24
Zolmitriptan,zolmitriptan,12
Zolmitriptan (Zomig) ,zolmitriptan (zomig),20
Zoloft,zoloft,6
Zolpide,zolpide,7
Zolpidem,zolpidem,8
Zolpidem CR,zolpidem cr,11
Zolpidem Tartrate,zolpidem tartrate,17
Zometa,zometa,6
Zomig,zomig,5
Zomig (zolmitriptan),zomig (zolmitriptan),20
Zomig 2.5mg,zomig 2.5mg,11
Zomig 2.5mg -ZMT tabs,zomig 2.5mg -zmt,16
Zomig 2.5mg ODT tabs,zomig 2.5mg odt,15
Zomig 5 mg,zomig 5mg,9
Zomig ZMT,zomig zmt,9
Zonegran,zonegran,8
Zonegran (zonisamide),zonegran (zonisamide),21
Zonegran (zonisamide) 25mg cap,zonegran (zonisamide) 25mg,26
Zonegran (zonisamide) 25ng cap,zonegran (zonisamide) 25ng,26
Zonegran 25mg CAP,zonegran 25mg,13
Zonisamide,zonisamide,10
Zonisamide Suspension,zonisamide,10
Zosyn,zosyn,5
Zosyn Desensitization,zosyn desensitization,21
Zovia 1/35E (28),zovia 1/35e,11
Zovia 1/35E (28) (1mg-35mcg tab),zovia 1/35e  (1mg-35mcg),24
Zovirax,zovirax,7
Zubsolv,zubsolv,7
ZyPREXA Relprevv,zyprexa relprevv,16
ZyPREXA Zydis,zyprexa zydis,13
Zydelig,zydelig,7
Zyflo,zyflo,5
Zyflo CR,zyflo cr,8
Zylet,zylet,5
Zyloprim,zyloprim,8
Zymar,zymar,5
Zymaxid,zymaxid,7
Zymaxid 0.5%,zymaxid 0.5%,12
ZyrTEC,zyrtec,6
ZyrTEC (cetirizine),zyrtec (cetirizine),19
Zyrtec,zyrtec,6
Zyrtec 10mg tab,zyrtec 10mg,11
Zyrtec-D,zyrtec-d,8
Zytiga,zytiga,6
Zytiga (Abiraterone),zytiga (abiraterone),20
Zytiga (Abiraterone) ,zytiga (abiraterone),20
Zytiga (Abiraterone) 250mg,zytiga (abiraterone) 250mg,26
Zytiga (abiraterone),zytiga (abiraterone),20
Zytiga 250mg,zytiga 250mg,12
Zytiga 500mg,zytiga 500mg,12
Zytiga(abiraterone),zytiga(abiraterone),19
ZzzQuil,zzzquil,7
aMILoride,amiloride,9
abacavir,abacavir,8
abacavir-dolutegravir-lamivud (Triumeq),abacavir-dolutegravir-lamivudine (triumeq),42
abacavir-lamivudine,abacavir-lamivudine,19
abaloparatide,abaloparatide,13
abatacept,abatacept,9
abatacept (with maltose),abatacept (with maltose),24
abatacept *Non-Formulary*,abatacept,9
abemaciclib,abemaciclib,11
abilify,abilify,7
abiraterone,abiraterone,11
abiraterone ,abiraterone,11
abiraterone (Zytiga),abiraterone (zytiga),20
abiraterone *NF* (Zytiga),abiraterone (zytiga),20
abiraterone 1000 mg,abiraterone 1000mg,18
acacia,acacia,6
acalabrutinib,acalabrutinib,13
acamprosate,acamprosate,11
acet,acetaminophen,13
aceta,acetaminophen,13
acetam,acetaminophen,13
acetamino,acetaminophen,13
acetaminophen,acetaminophen,13
acetaminophen 325 mg,acetaminophen 325mg,19
acetaminophen C-F 325mg capsule,acetaminophen c-f 325mg,23
acetaminophen Drug,acetaminophen,13
acetaminophen-caffeine,acetaminophen-caffeine,22
acetaminophen-codeine,acetaminophen-codeine,21
acetic,acetic,6
acety,acetylcysteine,14
acetyl,acetylcysteine,14
acetylc,acetylcysteine,14
acetylcy,acetylcysteine,14
acetylcys,acetylcysteine,14
acetylcysteine,acetylcysteine,14
acitretin,acitretin,9
aclidinium bromide,aclidinium bromide,18
activated charcoaL,activated charcoal,18
activated charcoal,activated charcoal,18
acyclovir,acyclovir,9
acyclovir 400 mg,acyclovir 400mg,15
acyclovir 400 mg ,acyclovir 400mg,15
acyclovir 400 mg tab,acyclovir 400mg,15
adalimumab,adalimumab,10
adapalene,adapalene,9
add,adderall,8
adde,adderall,8
adder,adderall,8
addera,adderall,8
adderal,adderall,8
adderall,adderall,8
adefovir,adefovir,8
adenosine disodium triphosphate,adenosine disodium triphosphate,31
adva,adva,4
afatinib,afatinib,8
aggre,aggre,5
aggrenox,aggrenox,8
akwa,akwa,4
alb,albumin,7
albendazole,albendazole,11
albu,albumin,7
album,albumin,7
albumi,albumin,7
albumin,albumin,7
albumin 25,albumin 25,10
albumin 5,albumin 5,9
albumin 5%,albumin 5%,10
albut,albuterol,9
albute,albuterol,9
albuter,albuter,7
albutero,albuterol,9
albuterol,albuterol,9
albuterol ,albuterol,9
albuterol sulfate,albuterol sulfate,17
albuterol sulfate (PROAIR),albuterol sulfate (proair),26
albuterol sulfate 90 mcg/actuation,albuterol sulfate 90 mcg/actuation,34
albuterol sulfate(ProAir),albuterol sulfate(proair),25
aldesleukin,aldesleukin,11
alectinib,alectinib,9
alectinib (Alecensa),alectinib (alecensa),20
alen,alen,4
alendronate,alendronate,11
alendronate-vitamin D3,alendronate-vitamin d3,22
alfuzosin,alfuzosin,9
alfuzosin ,alfuzosin,9
alfuzosin 10 mg,alfuzosin 10mg,14
alfuzosin 10mg,alfuzosin 10mg,14
alfuzosin 10mg ER,alfuzosin 10mg er,17
alfuzosin ER,alfuzosin er,12
alfuzosin ER 10 mg ,alfuzosin er 10mg,17
alfuzosin ER 10MG,alfuzosin er 10mg,17
alirocumab,alirocumab,10
allo,allo,4
alora,alora,5
alosetron,alosetron,9
alpelisib,alpelisib,9
alpelisib(PIQRAY),alpelisib(piqray),17
alpha lipoic acid,alpha lipoic acid,17
alpha-glycosyl isoquercitrin,alpha-glycosyl isoquercitrin,28
alprazolam,alprazolam,10
altepl,alteplase,9
alteplase,alteplase,9
alteplase (tissue plasminogen activator),alteplase (tissue plasminogen activator),40
alum-mag hydroxide-simeth,alum-mag hydroxide-simeth,25
alumin,aluminum,8
aluminu,aluminum,8
aluminum acetate,aluminum acetate,16
aluminum chloride,aluminum chloride,17
aluminum hydrox-magnesium carb,aluminum hydrox-magnesium carbamazepine,39
amLODIPine,amlodipine,10
amLODIPine benzoate,amlodipine benzoate,19
amantadine,amantadine,10
amantadine HCl,amantadine hcl,14
ambrisentan,ambrisentan,11
ambrisentan (Letairis),ambrisentan (letairis),22
ambrisentan 10mg,ambrisentan 10mg,16
ambrisentan(letairis),ambrisentan(letairis),21
aminocaproic acid,aminocaproic acid,17
aminosalicylic acid,aminosalicylic acid,19
amiodarone,amiodarone,10
amitriptyline,amitriptyline,13
amitriptyline-chlordiazepoxide,amitriptyline-chlordiazepoxide,30
amlodipine,amlodipine,10
amlodipine-benazepril,amlodipine-benazepril,21
ammonium,ammonium,8
ammonium lactate,ammonium lactate,16
ammonium lactate 12%,ammonium lactate 12%,20
amox,amoxicillin,11
amoxapine,amoxapine,9
amoxicillin,amoxicillin,11
amoxicillin-pot clavulanate,amoxicillin-pot clavulanate,27
amph,amphetamine,11
amphe,amphetamine,11
amphet,amphetamine,11
ampheta,amphetamine,11
amphetami,amphetamine,11
amphetamine,amphetamine,11
amphetamine sulfate,amphetamine sulfate,19
amphetamine-dextroamphetamine,amphetamine-dextroamphetamine,29
amphotericin B,amphotericin b,14
amphotericin B (bulk),amphotericin b,14
ampicill,ampicillin,10
ampicillin,ampicillin,10
ampicillin sodium,ampicillin sodium,17
ana,ana,3
anagrel,anagrel,7
anagrelide,anagrelide,10
anakINRA,anakinra,8
anakinra,anakinra,8
anas,anastrozole,11
anast,anastrozole,11
anastr,anastrozole,11
anastrazole,anastrozole,11
anastro,anastrozole,11
anastrozole,anastrozole,11
anastrozole (bulk),anastrozole,11
anu,anu,3
anusol,anusol,6
apixaban,apixaban,8
apremilast,apremilast,10
apremilast (Otezla),apremilast (otezla),19
aprepitant,aprepitant,10
aq,UNK,2
aquaphor,aquaphor,8
ara,ara,3
arformoteroL,arformoterol,12
arformoteroL 15 mcg/2 mL,arformoterol 15 mcg/2ml,23
arformoterol,arformoterol,12
arformoterol ,arformoterol,12
argatroban in 0.9 % sod chlor,argatroban in 0.9% sodium chloral,33
arginine (L-arginine),arginine (l-arginine),21
arginine (L-arginine) (bulk),arginine (l-arginine),21
arginine (L-arginine) 1000mg,arginine (l-arginine) 1000mg,28
arginine HCl,arginine hcl,12
arginine HCl (L-arginine),arginine hcl (l-arginine),25
arginine oxoglurate,arginine oxoglurate,19
arimidex,arimidex,8
aripiprazole lauroxil,aripiprazole lauroxil,21
armodafiniL,armodafinil,11
armodafinil,armodafinil,11
arnica,arnica,6
art,artificial,10
arti,artificial,10
artif,artificial,10
artifi,artificial,10
artific,artificial,10
artificial,artificial,10
artificial Tears,artificial tears,16
artificial tear(dxtrn-hpm-gly),artificial tears(dxtrn-hpm-glyburide),37
artificial tears,artificial tears,16
asacol,asacol,6
asacol ,asacol,6
ascorbic acid,ascorbic acid,13
ascorbic acid (vitamin C),ascorbic acid (vitamin c),25
ascorbic acid/ thiamine,ascorbic acid/thiamine,22
ascorbic acid/thiamine,ascorbic acid/thiamine,22
ascorbic acid/thiamine ,ascorbic acid/thiamine,22
asenapine,asenapine,9
asp,aspirin,7
asparaginase,asparaginase,12
aspi,aspirin,7
aspir,aspirin,7
aspirin,aspirin,7
aspirin 325 mg,aspirin 325mg,13
aspirin 81 mg,aspirin 81mg,12
aspirin 81mg,aspirin 81mg,12
aspirin-acetaminophen-caffeine,aspirin-acetaminophen-caffeine,30
aspirin-dipyridamole,aspirin-dipyridamole,20
atazanavir,atazanavir,10
atenolol,atenolol,8
ato,atomoxetine,11
atom,atomoxetine,11
atomox,atomoxetine,11
atomoxetine,atomoxetine,11
atorvastatin,atorvastatin,12
atorvastatin ,atorvastatin,12
atorvastatin 40 mg,atorvastatin 40mg,17
atorvastatin 40 mg cap,atorvastatin 40mg,17
atorvastatin 40 mg capsule,atorvastatin 40mg,17
atorvastatin 40 mg capsule ,atorvastatin 40mg,17
atorvaststin 40 mg,atorvaststin 40mg,17
atovaquone-proguanil,atovaquone-proguanil,20
atropine,atropine,8
augm,augm,4
augmentin,augmentin,9
autologous 20% diluted serum tears,autologous 20% diluted serum tears,34
avatrombopag,avatrombopag,12
axitinib,axitinib,8
axitinib 1mg tab (Inlyta),axitinib 1mg (inlyta),21
axitinib 5mg,axitinib 5mg,12
azaCITIDine,azacitidine,11
azaTHIOprine,azathioprine,12
azathioprine,azathioprine,12
azelaic acid,azelaic acid,12
azelaic acid *NF* 15 %,azelaic acid 15%,16
azelastine,azelastine,10
azelastine 0.15%,azelastine 0.15%,16
azelastine nasal spray,azelastine,10
azelastine-fluticasone,azelastine-fluticasone,22
azithromycin,azithromycin,12
bacitracin,bacitracin,10
bacitracin-polymyxin B,bacitracin-polymyxin b,22
baclofen,baclofen,8
baclofen intrathecal pump,baclofen intrathecal pump,25
bact,bact,4
bactrim,bactrim,7
bactrim ds,bactrim ds,10
balsa,balsalazide,11
balsal,balsalazide,11
balsalazide,balsalazide,11
baricitinib,baricitinib,11
barium sulfate,barium sulfate,14
beclom,beclom,6
beclomethasone dipropionate,beclomethasone dipropionate,27
beclomethasone dipropionate 40mcg,beclomethasone dipropionate 40mcg,33
bedaquiline,bedaquiline,11
belimumab,belimumab,9
belladonna alkaloids-opium,belladonna alkaloids-opium,26
belumosudil,belumosudil,11
ben,ben,3
benazepriL,benazepril,10
benazepril,benazepril,10
benazepril HCl (bulk),benazepril hcl,14
benazepril-hctz 20-25mg,benazepril-hctz 20-25mg,23
benazepril-hydrochlorothiazide,benazepril-hydrochlorothiazide,30
benz,benz,4
benzo,benzo,5
benzocaine,benzocaine,10
benzocaine-menth-benzethonium,benzocaine-menth-benzethonium,29
benzocaine-menthol,benzocaine-menthol,18
benzon,benzonatate,11
benzona,benzonatate,11
benzonatate,benzonatate,11
benzoyl peroxide,benzoyl peroxide,16
benztropine,benztropine,11
beta carotene,beta carotene,13
betadi,betadine,8
betadine,betadine,8
betaine (bulk),betaine,7
betaine HCl (bulk),betaine hcl,11
betaine powder,betaine powder,14
betameth dip/LCD/SAL,betameth dip/lcd/sal,20
betamethasone,betamethasone,13
betamethasone acet & sod phos,betamethasone acetaminophen & sodium phos,41
betamethasone dipropionate 0.05% oint,betamethasone dipropionate 0.05%,32
betaxolol,betaxolol,9
bic,bicalutamide,12
bica,bicalutamide,12
bicalu,bicalutamide,12
bicalutamide,bicalutamide,12
bicalutamide (Casodex),bicalutamide (casodex),22
bictegrav-emtricit-tenofov ala,bictegrav-emtricit-tenofov ala,30
bilberry,bilberry,8
bimatoprost,bimatoprost,11
bimatoprost (Lumigan),bimatoprost (lumigan),21
bimatoprost (Lumigan) 0.01%,bimatoprost (lumigan) 0.01%,27
bimatoprost (lumigan),bimatoprost (lumigan),21
bimatoprost 0.01%,bimatoprost 0.01%,17
bimatoprost 0.01% (Lumigan),bimatoprost 0.01% (lumigan),27
bimatoprost 0.03%,bimatoprost 0.03%,17
binimetinib,binimetinib,11
binimetinib (Mektovi),binimetinib (mektovi),21
biotin,biotin,6
bis,bisacodyl,9
bisac,bisacodyl,9
bisaco,bisacodyl,9
bisacody,bisacodyl,9
bisacodyL 10mg SUPP,bisacodyl 10mg,14
bisacodyl,bisacodyl,9
bismuth subsalicy,bismuth subsalicy,17
bisop,bisoprolol,10
bisopr,bisoprolol,10
bisopro,bisoprolol,10
bisoproloL fumarate,bisoprolol fumarate,19
bisoprolol,bisoprolol,10
bisoprolol fumarate,bisoprolol fumarate,19
bisoprolol fumarate 10mg ,bisoprolol fumarate 10mg,24
bisoprolol-hydrochlorothiazide,bisoprolol-hydrochlorothiazide,30
bivalirudin,bivalirudin,11
boceprevir,boceprevir,10
bortezomib,bortezomib,10
bosentan,bosentan,8
bosentan(Tracleer),bosentan(tracleer),18
bosutinib,bosutinib,9
botox,botox,5
brentuximab vedotin,brentuximab vedotin,19
brexpiprazole,brexpiprazole,13
brexpiprazole  (Rexulti),brexpiprazole (rexulti),23
brexpiprazole 3 mg,brexpiprazole 3mg,17
brigatinib,brigatinib,10
brimonidine,brimonidine,11
brimonidine  0.2 %,brimonidine 0.2%,16
"brimonidine 0,2%",brimonidine 02%,15
brimonidine 0.2%,brimonidine 0.2%,16
brimonidine ophthalmic,brimonidine ophthalmic,22
brimonidine tartrate,brimonidine tartrate,20
brimonidine tartrate (bulk),brimonidine tartrate,20
brimonidine tartrate 0.2%,brimonidine tartrate 0.2%,25
brimonidine-timolol,brimonidine-timolol,19
brimonidine-timolol 0.2-0.5%,brimonidine-timolol 0.2-0.5%,28
brimonidine/timolol 0.2/0.5%,brimonidine/timolol 0.2/0.5%,28
brinz,brinzolamide,12
brinzolamide,brinzolamide,12
brinzolamide 1%,brinzolamide 1%,15
brinzolamide AZOPT,brinzolamide azopt,18
brinzolamide(Azopt),brinzolamide(azopt),19
brinzolamide-brimonidine,brinzolamide-brimonidine,24
brinzolamide/brimonidine,brinzolamide/brimonidine,24
brivaracetam,brivaracetam,12
bromfenac,bromfenac,9
bromfenac (Prolensa) 0.07%,bromfenac (prolensa) 0.07%,26
bromfenac 0.09%,bromfenac 0.09%,15
buPROPion,bupropion,9
buPROPion (bulk),bupropion,9
buPROPion HCl,bupropion hcl,13
buPROPion HCl  XL 150mg,bupropion hcl xl 150mg,22
bude,budesonide,10
bude0.25,bude0.25,8
budes,budesonide,10
budeso,budesonide,10
budeson,budesonide,10
budesonide,budesonide,10
budesonide 180mcg.,budesonide 180mcg.,18
budesonide 180mcg/puff,budesonide 180mcg/puff,22
budesonide 1mg/amp,budesonide 1mg/amp,18
budesonide ER,budesonide er,13
budesonide NF,budesonide nf,13
"budesonide, micronized (bulk)",budesonide micronized,21
budesonide-formoterol,budesonide-formoterol,21
budesonide-formoterol (80-4.5mcg),budesonide-formoterol (80-4.5mcg),33
budesonide-formoterol (Symbicort),budesonide-formoterol (symbicort),33
budesonide-formoterol 160-4.5 mcg/actuation,budesonide-formoterol 160-4.5 mcg/actuation,43
budesonide-formoterol 160/4.5,budesonide-formoterol 160/4.5,29
budesonide-formoterol Symbicort),budesonide-formoterol symbicort),32
budesonide180 mcg/actuation,budesonide180 mcg/actuation,27
bumex,bumex,5
bup,buprenorphine,13
bupivacaine,bupivacaine,11
bupivacaine (PF),bupivacaine (pf),16
bupr,bupropion,9
buprenorphine,buprenorphine,13
buprenorphine (Belbuca) 300 mcg,buprenorphine (belbuca) 300 mcg,31
buprenorphine 15mcg/hr,buprenorphine 15mcg/hr,22
buprenorphine 7.5 mcg/hour,buprenorphine 7.5 mcg/hour,26
buprenorphine HCL,buprenorphine hcl,17
buprenorphine HCl,buprenorphine hcl,17
buprenorphine HCl (bulk),buprenorphine hcl,17
buprenorphine-naloxone,buprenorphine-naloxone,22
bupro,bupropion,9
buprop,bupropion,9
bupropion,bupropion,9
bupropion HCl,bupropion hcl,13
bupropion HCl  XL,bupropion hcl xl,16
busPIRone,buspirone,9
buta,butalbital,10
butalbitaL-acetaminophen,butalbital-acetaminophen,24
butalbitaL-acetaminophen 50mg-300mg tab,butalbital-acetaminophen 50mg-300mg,35
butalbital-acet,butalbital-acetaminophen,24
butalbital-acetaminophen-caff,butalbital-acetaminophen-caff,29
butalbital-aspirin-caffeine,butalbital-aspirin-caffeine,27
butorphanol tartrate,butorphanol tartrate,20
bystolic ,bystolic,8
cabergoline,cabergoline,11
cabozantinib,cabozantinib,12
cabozantinib (Cabometyx),cabozantinib (cabometyx),24
caffeine,caffeine,8
caffeine-sodium benzoate,caffeine-sodium benzoate,24
calc,calcitonin,10
calci,calcitonin,10
calcipotriene,calcipotriene,13
calcipotriene-betamethasone,calcipotriene-betamethasone,27
calcit,calcitonin,10
calcitoni,calcitonin,10
calcitonin,calcitonin,10
calcitonin (salmon),calcitonin,10
calcitrioL,calcitriol,10
calcitriol,calcitriol,10
calcium,calcium,7
calcium ca,calcium carbonate,17
calcium carb,calcium carbamazepine,21
calcium carbonate,calcium carbonate,17
calcium carbonate (TUMS),calcium carbonate (tums),24
calcium carbonate-mag hydroxid,calcium carbonate-mag hydroxid,30
calcium carbonate-mag oxide-Zn,calcium carbonate-mag oxide-zn,30
calcium carbonate-vitamin D2,calcium carbonate-vitamin d2,28
calcium carbonate-vitamin D3,calcium carbonate-vitamin d3,28
calcium citrate,calcium citrate,15
calcium citrate-vitamin D3,calcium citrate-vitamin d3,26
calcium citrateCalcium Citrate + D with Mag    ,calcium citratecalcium citrate + d with mag,43
calcium gluconate,calcium gluconate,17
calcium gluconate topical gel,calcium gluconate topical gel,29
calcium polycarbophil,calcium polycarbophil,21
calcium-simethicone (titralac),calcium-simethicone (titralac),30
camphor-menthol,camphor-menthol,15
canagliflozin,canagliflozin,13
candesartan,candesartan,11
candesartan cilexitil (Atacand),candesartan cilexitil (atacand),31
candesartan-HCTZ 32/25mg,candesartan-hctz 32/25mg,24
candesartan-hydrochlorothiazid,candesartan-hydrochlorothiazid,30
cangrelor,cangrelor,9
capecitabine,capecitabine,12
capecitabine 500mg tablet,capecitabine 500mg,18
capecitabine tablet *****NF*****,capecitabine,12
capecitabine tablet****NF****,capecitabine,12
caplacizumab-yhdp,caplacizumab-yhdp,17
capmatinib,capmatinib,10
capreomycin,capreomycin,11
capsaicin,capsaicin,9
carBAMazepine,carbamazepine,13
carBAMazepine ,carbamazepine,13
carafate,carafate,8
carbam,carbamazepine,13
carbamazepine,carbamazepine,13
carbamazepine 175mg suppository,carbamazepine 175mg suppository,31
carbamide peroxide,carbamide peroxide,18
carbid,carbid,6
carbidopa,carbidopa,9
carbidopa-levodopa,carbidopa-levodopa,18
carbidopa-levodopa (Rytary),carbidopa-levodopa (rytary),27
carbidopa-levodopa extended-release,carbidopa-levodopa extended-release,35
carbidopa-levodopa-entacapone,carbidopa-levodopa-entacapone,29
carbidopa-levodopa-entacapone (18.75-75-200 mg),carbidopa-levodopa-entacapone (18.75-75-200mg),46
carboprost tromethamine,carboprost tromethamine,23
carboxymethylcellulose (Thera Tears),carboxymethylcellulose (thera tears),36
carboxymethylcellulose sodium,carboxymethylcellulose sodium,29
cardene,cardene,7
cariprazine,cariprazine,11
carisoprodoL,carisoprodol,12
carisoprodol,carisoprodol,12
carisoprodol (bulk),carisoprodol,12
carvediloL phosphate,carvedilol phosphate,20
carvedilol,carvedilol,10
carvedilol phosphate,carvedilol phosphate,20
cascara segrada,cascara segrada,15
caspofungin,caspofungin,11
ce,UNK,2
ceFAZolin,cefazolin,9
cefOXitin,cefoxitin,9
cefPODOXime,cefpodoxime,11
cefPODOXime 200mg tab,cefpodoxime 200mg,17
cefTAZidime,ceftazidime,11
cefTAZidime 125 mg cap,ceftazidime 125mg,17
cefTAZidime 50mg/mL,ceftazidime 50mg/ml,19
cefUROXime axetiL,cefuroxime axetil,17
cefUROXime axetil,cefuroxime axetil,17
cefUROXime in sterile water,cefuroxime in sterile water,27
cefaDROXiL,cefadroxil,10
cefaDROXil,cefadroxil,10
cefadroxil,cefadroxil,10
cefdinir,cefdinir,8
cefdinir 300MG,cefdinir 300mg,14
cefe,cefepime,8
cefepime,cefepime,8
cefiderocoL,cefiderocol,11
cefixime,cefixime,8
cefoTAXime,cefotaxime,10
ceftaroline fosamil,ceftaroline fosamil,19
ceftazidime-avibactam,ceftazidime-avibactam,21
ceftolozane-tazobactam,ceftolozane-tazobactam,22
cefuroxime axetil,cefuroxime axetil,17
celecoxib,celecoxib,9
cellcept,cellcept,8
cenobamate,cenobamate,10
cepa,cepacol,7
cepac,cepacol,7
cepacol,cepacol,7
cepas,cepastat,8
cephALEXin,cephalexin,10
cephalexin,cephalexin,10
cet,cetirizine,10
ceti,cetirizine,10
cetir,cetirizine,10
cetiri,cetiri,6
cetiriz,cetirizine,10
cetirizin,cetirizine,10
cetirizine,cetirizine,10
cevimeline,cevimeline,10
cevimeline (Evoxac),cevimeline (evoxac),19
chlor,chloral,7
chloral hydrate,chloral hydrate,15
chloral hydrate (bulk),chloral hydrate,15
chlordiazepoxide-clidinium,chlordiazepoxide-clidinium,26
chlorh,chlorhexidine,13
chlorhexidine gluconate,chlorhexidine gluconate,23
chlorproMAZINE,chlorpromazine,14
chlorthalidone,chlorthalidone,14
chlorzoxazone,chlorzoxazone,13
chole,cholecalciferol,15
cholecalciferol (vitamin D3),cholecalciferol (vitamin d3),28
cholestyramine (bulk),cholestyramine,14
cholestyramine-aspartame,cholestyramine-aspartame,24
cholestyramine-sucrose,cholestyramine-sucrose,22
choline bit-AA 10-GABA-herb129,choline bit-aa 10-gabapentin-herb129,36
chromium picolinate,chromium picolinate,19
ciclesonide,ciclesonide,11
ciclopirox,ciclopirox,10
cidofovir,cidofovir,9
cil,cilostazol,10
cilo,cilostazol,10
cilos,cilostazol,10
cilost,cilostazol,10
cilosta,cilostazol,10
cilostaz,cilostazol,10
cilostazoL,cilostazol,10
cilostazol,cilostazol,10
cinacalcet,cinacalcet,10
ciprofloxacin,ciprofloxacin,13
ciprofloxacin HCl,ciprofloxacin hcl,17
ciprofloxacin-dexamethasone,ciprofloxacin-dexamethasone,27
cisatracurium,cisatracurium,13
citalopram,citalopram,10
citrate,citrate,7
citrulline,citrulline,10
clarithromycin,clarithromycin,14
clindamycin  CAP,clindamycin,11
clindamycin HCl,clindamycin hcl,15
clindamycin HCl CAPS,clindamycin hcl,15
clindamycin phosphate,clindamycin phosphate,21
clindamycin-benzoyl peroxide,clindamycin-benzoyl peroxide,28
clindamycin-niacinamide,clindamycin-niacinamide,23
cloBAZam,clobazam,8
cloNIDine,clonidine,9
cloNIDine (PF),clonidine (pf),14
cloNIDine HCL,clonidine hcl,13
cloNIDine HCl,clonidine hcl,13
cloNIDine HCl Extended Release,clonidine hcl extended release,30
cloZAPine,clozapine,9
clobazam,clobazam,8
clobetasoL,clobetasol,10
clobetasol,clobetasol,10
clobetasol foam,clobetasol foam,15
clofazamine,clofazamine,11
clofazimine,clofazimine,11
clofazimine ,clofazimine,11
clofazimine (bulk),clofazimine,11
clomiPHENE citrate,clomiphene citrate,18
clomiphene citrate,clomiphene citrate,18
clonazePAM,clonazepam,10
clonazePAM (NF) ,clonazepam (nf),15
clonazepam,clonazepam,10
clopidigrel 75mg,clopidigrel 75mg,16
clopidogreL,clorazepate,11
clopidogrel,clorazepate,11
clopidogrel 150 mg,clorazepate 150mg,17
clopidogrel suspension,clorazepate,11
clora,clorazepate,11
cloraz,clorazepate,11
clorazepate,clorazepate,11
clorazepate dipotassium,clorazepate dipotassium,23
clotrima,clotrimazole,12
clotrimazole,clotrimazole,12
clotrimazole (bulk),clotrimazole,12
clotrimazole-betamethasone,clotrimazole-betamethasone,26
clozapine,clozapine,9
coQ10 (ubiquinol),coq10 (ubiquinol),17
coQ10 200mg,coq10 200mg,11
cobicistat,cobicistat,10
cod liver oil,cod liver oil,13
codeine,codeine,7
codeine sulfate,codeine sulfate,15
codeine-guaifenesin,codeine-guaifenesin,19
coenz,coenzyme,8
coenzyme Q10,coenzyme q10,12
coenzyme Q10  200mg,coenzyme q10 200mg,18
colchicine,colchicine,10
colesevelam,colesevelam,11
colestipoL,colestipol,10
colestipol,colestipol,10
colistimethate sodium (bulk),colistimethate sodium,21
comb,combigan,8
combi,combigan,8
combiv,combivent,9
combivent,combivent,9
copper ,copper,6
copper gluconate,copper gluconate,16
copper glycinate (bulk),copper glycinate,16
cortisone,cortisone,9
cortosyn,cortosyn,8
cortrosyn,cortrosyn,9
cortroysn,cortroysn,9
cosyntropin,cosyntropin,11
cov,covid,5
covid,covid,5
cranberry,cranberry,9
cranberry extract-vit C 4200/40 mg,cranberry extract-vit c 4200/40mg,33
cre,creatine,8
creatine ,creatine,8
creatine monohydrate,creatine monohydrate,20
creatine monohydrate (bulk),creatine monohydrate,20
creatine monohydrate 2500mg Cap,creatine monohydrate 2500mg,27
creon,creon,5
crizotinib,crizotinib,10
crizotinib (XALKORI),crizotinib (xalkori),20
crizotinib (Xalkori),crizotinib (xalkori),20
cromolyn,cromolyn,8
cromolyn (bulk),cromolyn,8
cromolyn (bulk) cream 4%,cromolyn  4%,12
cyano,cyanocobalamin,14
cyanoc,cyanocobalamin,14
cyanoco,cyanocobalamin,14
cyanocobalamin (vitamin B-12),cyanocobalamin (vitamin b-12),29
cyanocobalamine (vitamin B-12),cyanocobalamine (vitamin b-12),30
cyclo,cyclobenzaprine,15
cycloSPORINE,cyclosporine,12
cycloSPORINE 0.05%,cyclosporine 0.05%,18
cycloSPORINE 1% drops,cyclosporine 1%,15
cycloSPORINE modified,cyclosporine modified,21
cyclobenzaprine,cyclobenzaprine,15
cyclopentolate,cyclopentolate,14
cyclophosphamide,cyclophosphamide,16
cyclosporin,cyclosporin,11
cyclosporine,cyclosporine,12
cyclosporine modified,cyclosporine modified,21
cyproheptadine,cyproheptadine,14
cytarabine,cytarabine,10
cyto,cyto,4
d-mannose,d-mannose,9
dabigatran etexilate,dabigatran etexilate,20
dabigatran etexilate (Pradaxa),dabigatran etexilate (pradaxa),30
dabrafenib,dabrafenib,10
dabrafenib (Tafinlar),dabrafenib (tafinlar),21
dabrafenib 75mg,dabrafenib 75mg,15
daclatasvir,daclatasvir,11
dalbavancin,dalbavancin,11
dalfampridine,dalfampridine,13
dalfampridine ,dalfampridine,13
dalfampridine (4-Aminopyridine),dalfampridine (4-aminopyridine),31
dalfampridine (Aminopyridine),dalfampridine (aminopyridine),29
dalfampridine (Ampyra),dalfampridine (ampyra),22
dalfampridine (bulk),dalfampridine,13
dalfampridine 10 mg ,dalfampridine 10mg,18
dalfampridine 10mg,dalfampridine 10mg,18
dalfampridine ER,dalfampridine er,16
dalt,dalt,4
dalteparin,dalteparin,10
dalteparin (porcine),dalteparin (porcine),20
danazol,danazol,7
dantrolene,dantrolene,10
dapagliflozin,dapagliflozin,13
dapsone,dapsone,7
darbepoetin alfa in polysorbat,darbepoetin alfa in polysorbat,30
darifenacin,darifenacin,11
darifenacin (Enablex),darifenacin,11
darifenacin (enablex),darifenacin,11
darolutamide,darolutamide,12
darolutamide (Nubeqa),darolutamide (nubeqa),21
darunavir,darunavir,9
darunavir 100mg/ml susp,darunavir 100mg/ml,18
darunavir ethanolate,darunavir ethanolate,20
darunavir-cobicistat,darunavir-cobicistat,20
darunavir-cobicistat (Prezcobix),darunavir-cobicistat (prezcobix),32
darunavir-cobicistat 800-150,darunavir-cobicistat 800-150,28
das,das,3
dasatinib,dasatinib,9
deferasirox,deferasirox,11
deferasirox Jadenu,deferasirox jadenu,18
deferiprone,deferiprone,11
deferoxamine (DFO),deferoxamine (dfo),18
defibrotide,defibrotide,11
degarelix,degarelix,9
demeclocycline,demeclocycline,14
denos,denosumab,9
depa,depakene,8
depak,depakene,8
depakote,depakote,8
desloratadine,desloratadine,13
desmopressin,desmopressin,12
desog-e.estradiol/e.estradiol,desog-e.estradiol/e.estradiol,29
desogestreL-ethinyl estradioL,desogestrel-ethinyl estradiol,29
desogestrel-ethinyl estradiol,desogestrel-ethinyl estradiol,29
desogestrel-ethinyl estradiol 0.15/0.03mg,desogestrel-ethinyl estradiol 0.15/0.03mg,41
desonide,desonide,8
desoximetasone,desoximetasone,14
desoximetasone 0.25%,desoximetasone 0.25%,20
desvenlafaxine,desvenlafaxine,14
desvenlafaxine 50mg,desvenlafaxine 50mg,19
desvenlafaxine ER,desvenlafaxine er,17
desvenlafaxine ER (Pristiq),desvenlafaxine er (pristiq),27
desvenlafaxine succinate,desvenlafaxine succinate,24
desvenlafaxine succinate  ER,desvenlafaxine succinate er,27
dex,dexamethasone,13
dexAMETHasone,dexamethasone,13
dexame,dexamethasone,13
dexamethas,dexamethasone,13
dexamethasone,dexamethasone,13
dexlansoprazole,dexlansoprazole,15
dexlansoprazole (Dexilant),dexlansoprazole (dexilant),26
dexlansoprazole 60mg,dexlansoprazole 60mg,20
dexmedetomidine,dexmedetomidine,15
dexmethylphenidate,dexmethylphenidate,18
dexmethylphenidate ER,dexmethylphenidate er,21
dextr,dextran,7
dextran 40 10 % in 0.9 % NaCl,dextran 40 10% in 0.9% nacl,27
dextran 70-hypromellose,dextran 70-hypromellose,23
dextran 70-hypromellose (PF),dextran 70-hypromellose (pf),28
dextroamphetamine,dextroamphetamine,17
dextroamphetamine ER,dextroamphetamine er,20
dextroamphetamine-amphetamine,dextroamphetamine-amphetamine,29
dextromethorphan HBr,dextromethorphan hbr,20
dextromethorphan-quinidine,dextromethorphan-quinidine,26
dextromethorphan-quinidine (Nuedexta 20-10),dextromethorphan-quinidine (nuedexta 20-10),43
dextrose,dextrose,8
dextrose 50 % in water (D50W),dextrose 50% in water (d50w),28
diaz,diaz,4
diazePAM,diazepam,8
diazePAM 5 mg suppository,diazepam 5mg suppository,24
diazePAM suppositories,diazepam suppositories,22
diazepam,diazepam,8
diazoxide,diazoxide,9
diazoxide (Proglycem),diazoxide (proglycem),21
diazoxide (bulk),diazoxide,9
dibucaine,dibucaine,9
diclofenac,diclofenac,10
diclofenac ,diclofenac,10
diclofenac 0.1% eye drops,diclofenac 0.1%,15
diclofenac Sodium ,diclofenac sodium,17
diclofenac epolamine,diclofenac epolamine,20
diclofenac sodium,diclofenac sodium,17
diclofenac sodium ,diclofenac sodium,17
diclofenac sodium (Solaraze),diclofenac sodium (solaraze),28
diclofenac sodium (bulk),diclofenac sodium,17
diclofenac sodium 0.1%,diclofenac sodium 0.1%,22
diclofenac sodium 1%,diclofenac sodium 1%,20
diclofenac sodium 1% gel,diclofenac sodium 1% gel,24
diclofenac sodium Gel 1%,diclofenac sodium gel 1%,24
diclofenac sodium gel,diclofenac sodium gel,21
diclofenac sodium gel 1%,diclofenac sodium gel 1%,24
diclofenac sodium topical,diclofenac sodium topical,25
diclofenac sodium topical gel,diclofenac sodium topical gel,29
diclofenac sodium topical gel  1%,diclofenac sodium topical gel 1%,32
diclofenac topical gel,diclofenac topical gel,22
diclofenac topical gel 1%,diclofenac topical gel 1%,25
diclofenac-misoprostol,diclofenac-misoprostol,22
dicyclomine,dicyclomine,11
dicyclomine/lidocaine liquid,dicyclomine/lidocaine,21
didanosine,didanosine,10
diethylstilbestrol (bulk),diethylstilbestrol,18
diflorasone,diflorasone,11
diflunisal,diflunisal,10
difluprednate,difluprednate,13
difluprednate 0.05%,difluprednate 0.05%,19
digestive enzymes,digestive enzymes,17
digoxin,digoxin,7
dil,diltiazem,9
dilTIAZem HCL,diltiazem hcl,13
dila,diltiazem,9
dilantin,dilantin,8
dilt,dilt,4
dilti,diltiazem,9
diltia,diltiazem,9
diltiaz,diltiazem,9
diltiaze,diltiazem,9
diltiazem,diltiazem,9
diltiazem HCl,diltiazem hcl,13
dimethyl fumarate,dimethyl fumarate,17
diph,diph,4
diphendramine,diphendramine,13
diphenh,diphenh,7
diphenhyd,diphenhyd,9
diphenhydrAMINE HCL,diphenhydramine hcl,19
diphenhydrAMINE HCl,diphenhydramine hcl,19
diphenhydramine,diphenhydramine,15
diphenhydramine 1% cream,diphenhydramine 1%,18
diphenhydramine chewable,diphenhydramine,15
diphenoxylate-atropine,diphenoxylate-atropine,22
dipy,dipyridamole,12
dipyridamole,dipyridamole,12
dipyridamole-aspirin,dipyridamole-aspirin,20
diroximel fumarate,diroximel fumarate,18
diva,divalproex,10
dival,divalproex,10
divalp,divalproex,10
divalpr,divalproex,10
divalpro,divalproex,10
divalproe,divalproex,10
divalproex,divalproex,10
divalproex DR,divalproex dr,13
docosahexaenoic acid,docosahexaenoic acid,20
docosahexanoic acid,docosahexanoic acid,19
docosanol,docosanol,9
docu,docusate,8
docusate,docusate,8
docusate sodium,docusate sodium,15
dolasetron,dolasetron,10
dolutegravir,dolutegravir,12
domperidone,domperidone,11
domperidone ,domperidone,11
domperidone (bulk),domperidone,11
donepezil,donepezil,9
donna,donnatal,8
donnatol,donnatol,8
doravirine,doravirine,10
doripenem,doripenem,9
dornase alfa,dornase alfa,12
dorzolamide,dorzolamide,11
dorzolamide-timoloL,dorzolamide-timolol,19
dorzolamide-timolol,dorzolamide-timolol,19
dorzolamide-timolol ,dorzolamide-timolol,19
dorzolamide-timolol (PF),dorzolamide-timolol (pf),24
dorzolamide-timolol 22.3%-6.8%,dorzolamide-timolol 22.3%-6.8%,30
dorzolamide-timolol 22.3-6.8 mg/mL ,dorzolamide-timolol 22.3-6.8mg/ml,33
dorzolamide-timolol 22.3/6.8mg/ml,dorzolamide-timolol 22.3/6.8mg/ml,33
doxazosin,doxazosin,9
doxepin,doxepin,7
doxycy,doxycycline,11
doxycycline,doxycycline,11
doxycycline hyclate,doxycycline hyclate,19
doxycycline monohydrate,doxycycline monohydrate,23
doxylamine,doxylamine,10
doxylamine succinate,doxylamine succinate,20
doxylamine succinate 25mg Tab,doxylamine succinate 25mg,25
doxylamine-DM-acetaminophen,doxylamine-dm-acetaminophen,27
doxylamine-pyridoxine,doxylamine-pyridoxine,21
dronabinol,dronabinol,10
drospirenone-ethinyl estradioL,drospirenone-ethinyl estradiol,30
drospirenone-ethinyl estradiol,drospirenone-ethinyl estradiol,30
droxidopa,droxidopa,9
dulaglutide,dulaglutide,11
dulcolax,dulcolax,8
duloxetine,duloxetine,10
dupilumab,dupilumab,9
dutasteride,dutasteride,11
dutasteride (Avodart),dutasteride (avodart),21
dutasteride 0.5 mg,dutasteride 0.5mg,17
dutasteride 0.5mg,dutasteride 0.5mg,17
duvelisib,duvelisib,9
ecallantide,ecallantide,11
echinacea,echinacea,9
echothiophate iodide,echothiophate iodide,20
econ,econazole,9
econazole,econazole,9
ecotrin,ecotrin,7
eculizumab,eculizumab,10
edoxaban,edoxaban,8
edoxaban (Savaysa),edoxaban (savaysa),18
edrophonium ,edrophonium,11
edrophonium chloride,edrophonium chloride,20
efav,efavirenz,9
efavirenz,efavirenz,9
efavirenz-emtricitabine-tenofovir,efavirenz-emtricitabine-tenofovir,33
effexor,effexor,7
eletriptan,eletriptan,10
eletriptan HBr,eletriptan hbr,14
eletriptan HBr (RELPAX),eletriptan hbr (relpax),23
elexacaftor-tezacaftor-ivacaft,elexacaftor-tezacaftor-ivacaft,30
eltrombopag,eltrombopag,11
elviteg-cob-emtri-tenof ALAFEN,elviteg-cob-emtricitab-tenof alafen,35
elvitegr-cobicist-emtric-tenof,elvitegr-cobicist-emtric-tenof,30
empagliflozin,empagliflozin,13
empagliflozin-linagliptin (GLYXAMBI),empagliflozin-linagliptin (glyxambi),36
emtri,emtricitab,10
emtricita-rilpivirine-tenof DF,emtricitab-rilpivirine-tenof df,31
emtricitab-rilpivir-tenofo ala,emtricitab-rilpivir-tenofo ala,30
emtricitab-rilpivirine-tenofov,emtricitab-rilpivirine-tenofov,30
emtricitab-rilpivirine-tenofov (200mg/25mg/300mg,emtricitab-rilpivirine-tenofov (200mg/25mg/300mg,48
emtricitabine,emtricitabine,13
emtricitabine-tenofovir (TDF),emtricitabine-tenofovir (tdf),29
emtricitabine-tenofovir alafen,emtricitabine-tenofovir alafen,30
emtricitabine-tenofovir alafenamide  ,emtricitabine-tenofovir alafenamide,35
enalapril,enalapril,9
enalapril ,enalapril,9
enalapril maleate,enalapril maleate,17
enasidenib,enasidenib,10
enasidenib (IDHIFA),enasidenib (idhifa),19
enasidenib Mesylate (Idhifa),enasidenib mesylate (idhifa),28
encorafenib,encorafenib,11
enoxaparin,enoxaparin,10
entacapone,entacapone,10
entecavir,entecavir,9
enzalutamide,enzalutamide,12
enzalutamide ,enzalutamide,12
enzalutamide (Xtandi),enzalutamide (xtandi),21
ep,epinephrine,11
epi,epinephrine,11
epinephrine,epinephrine,11
epip,epipen,6
epo,epoetin,7
epoetin alfa,epoetin alfa,12
erdafitinib,erdafitinib,11
ergo,ergocalciferol,14
ergocal,ergocalciferol,14
ergocalc,ergocalciferol,14
ergocalcif,ergocalciferol,14
ergocalciferol ,ergocalciferol,14
ergocalciferol (vitamin D2),ergocalciferol (vitamin d2),27
ergotamine-caffeine,ergotamine-caffeine,19
erlipressin ,erlipressin,11
erlotinib,erlotinib,9
ertapenem,ertapenem,9
erythrom,erythromycin,12
erythromycin,erythromycin,12
erythromycin with ethanol,erythromycin with ethanol,25
escitalopram oxalate,escitalopram oxalate,20
escitalopram oxalate solution ,escitalopram oxalate,20
eslicarbazepine,eslicarbazepine,15
esmolol,esmolol,7
eso,esomeprazole,12
esomep,esomeprazole,12
esomeprazole,esomeprazole,12
esomeprazole magnesium,esomeprazole magnesium,22
esomeprazole magnesium (nexium),esomeprazole magnesium (nexium),31
estazolam,estazolam,9
estradioL,estradiol,9
estradioL 0.025mg/day,estradiol 0.025mg/day,21
estradioL-progesterone Femoston,estradiol-progesterone femoston,31
estradioL/dyhydrogesterone,estradiol/dyhydrogesterone,26
estradiol,estradiol,9
estradiol ,estradiol,9
estradiol 0.5mg,estradiol 0.5mg,15
estradiol 2mg,estradiol 2mg,13
estradiol valerate,estradiol valerate,18
estradiol-progesterone-testosterone,estradiol-progesterone-testosterone,35
estradiol/prog,estradiol/prog,14
estradiol/progesterone/testosterone,estradiol/progesterone/testosterone,35
estriol (bulk),estriol,7
estrogens-methyltestosterone,estrogens-methyltestosterone,28
estropipate,estropipate,11
eszopiclone,eszopiclone,11
etanercept,etanercept,10
ethanol (ethyl alcohol),ethanol (ethyl alcohol),23
ethionamide,ethionamide,11
ethosux,ethosux,7
ethosuximide,ethosuximide,12
ethyl chloride,ethyl chloride,14
ethynodiol diac-eth estradioL (Zovia),ethynodiol diac-eth estradiol (zovia),37
ethynodiol diac-eth estradiol,ethynodiol diac-eth estradiol,29
etodolac,etodolac,8
etomidate,etomidate,9
etravirine,etravirine,10
eucer,eucer,5
eucerin,eucerin,7
everolimus,everolimus,10
everolimus (antineoplastic),everolimus (antineoplastic),27
everolimus 10mg,everolimus 10mg,15
evolocumab,evolocumab,10
exe,exemestane,10
exem,exemestane,10
exemes,exemestane,10
exemestane,exemestane,10
exenatide,exenatide,9
eye lubricant combination no.1,lubricant combination no.1,26
ezetimibe,ezetimibe,9
ezogabine,ezogabine,9
factor XIII,factor xiii,11
fam,famciclovir,11
famc,famciclovir,11
famci,famciclovir,11
famcic,famciclovir,11
famciclovir,famciclovir,11
famotidine,famotidine,10
famotidine 40 mg,famotidine 40mg,15
famotidine-Ca carb-mag hydrox,famotidine-carbonate carbamazepine-mag hydrox,45
febuxostat,febuxostat,10
felbamate,felbamate,9
felbamate ,felbamate,9
felbamate 600mg,felbamate 600mg,15
felodipine,felodipine,10
fenof,fenofibrate,11
fenofi,fenofibrate,11
fenofib,fenofibrate,11
fenofibrate,fenofibrate,11
fenofibrate micronized,fenofibrate micronized,22
fenofibrate nanocrystallized,fenofibrate nanocrystallized,28
fenofibrate tablet,fenofibrate,11
fenofibric acid,fenofibric acid,15
fenofibric acid (choline),fenofibric acid (choline),25
fentaNYL,fentanyl,8
fentaNYL ,fentanyl,8
fentaNYL (PF)-bupivacaine-NaCL,fentanyl (pf)-bupivacaine-nacl,30
fentaNYL (PF)-bupivacaine-NaCl,fentanyl (pf)-bupivacaine-nacl,30
fentaNYL Citrate,fentanyl citrate,16
fentaNYL Citrate (Actiq),fentanyl citrate (actiq),24
fentaNYL Citrate (PF),fentanyl citrate (pf),21
fentaNYL IT 2000 mcg/ml pump,fentanyl it 2000 mcg/ml pump,28
fentaNYL buccal,fentanyl buccal,15
fentaNYL citrate,fentanyl citrate,16
fentaNYL citrate (PF),fentanyl citrate (pf),21
fentaNYL citrate lollipops,fentanyl citrate lollipops,26
fentaNYL citrate transmucosal lozenge,fentanyl citrate transmucosal,29
fentanyl,fentanyl,8
fentanyl 100 mcg/hr patch,fentanyl 100 mcg/hr patch,25
fentanyl citrate transmucosal lozenge,fentanyl citrate transmucosal,29
ferric citrate,ferric citrate,14
ferrous,ferrous,7
ferrous fumarate,ferrous fumarate,16
ferrous gluconate (bulk),ferrous gluconate,17
ferrous sulfate,ferrous sulfate,15
ferrous sulfate 47.5 mg (Iron),ferrous sulfate 47.5mg (iron),29
ferrous sulfate elixir,ferrous sulfate elixir,22
ferrous sulfate-C-folic acid,ferrous sulfate-c-folic acid,28
ferumoxytol,ferumoxytol,11
fesoterodine,fesoterodine,12
fexofenadine,fexofenadine,12
fexofenadine ER,fexofenadine er,15
fexofenadine-pseudoephedrine,fexofenadine-pseudoephedrine,28
fidaxomicin,fidaxomicin,11
fidaxomicin 200mg TAB,fidaxomicin 200mg,17
fil,filgrastim,10
filgrastim,filgrastim,10
fin,finasteride,11
finast,finasteride,11
finasteride,finasteride,11
fingolimod,fingolimod,10
fio,fioricet,8
fior,fioricet,8
fiori,fioricet,8
fioricet,fioricet,8
fiorinal,fiorinal,8
fish,fish,4
fish oil,fish oil,8
fish oil-dha-epa,fish oil-dha-epa,16
flaxseed oil,flaxseed oil,12
flecainide,flecainide,10
fleet,fleet,5
fleet Enema,fleet enema,11
flomax,flomax,6
flon,flonase,7
flona,flonase,7
flonas,flonase,7
flonase,flonase,7
flove,flove,5
fluPHENAZine HCl,fluphenazine hcl,16
fluPHENAZine decanoate,fluphenazine decanoate,22
fluconazole,fluconazole,11
fludrocortisone,fludrocortisone,15
flunisolide,flunisolide,11
fluocinolone,fluocinolone,12
fluocinolone acetonide oiL,fluocinolone acetonide oil,26
fluocinolone acetonide oil,fluocinolone acetonide oil,26
fluocinonide,fluocinonide,12
fluorescein,fluorescein,11
fluoromet,fluorometholone,15
fluorometholone,fluorometholone,15
fluorouracil,fluorouracil,12
fluoxetine,fluoxetine,10
fluoxymesterone,fluoxymesterone,15
flurazepam,flurazepam,10
flurbiprofen,flurbiprofen,12
flurbiprofen sodium,flurbiprofen sodium,19
flutic,fluticasone,11
fluticasone,fluticasone,11
fluticasone furoate,fluticasone furoate,19
fluticasone furoate-vilanterol,fluticasone furoate-vilanterol,30
fluticasone propion-salmeteroL,fluticasone propion-salmeterol,30
fluticasone propion-salmeterol,fluticasone propion-salmeterol,30
fluticasone propionate,fluticasone propionate,22
fluticasone-salmeterol,fluticasone-salmeterol,22
fluticasone-umeclidin-vilanter,fluticasone-umeclidin-vilanter,30
fluticasone-umeclidin-vilanter 100-62.5-25 mcg,fluticasone-umeclidin-vilanter 100-62.5-25 mcg,46
fluticasone-vilanterol,fluticasone-vilanterol,22
fluvastatin,fluvastatin,11
fluvoxaMINE,fluvoxamine,11
folic acid,folic acid,10
fomepizole,fomepizole,10
fondaparinux,fondaparinux,12
formaldehyde (bulk),formaldehyde,12
formoterol fumarate,formoterol fumarate,19
fosaprepitant,fosaprepitant,13
foscarnet,foscarnet,9
fosfomycin tromethamine,fosfomycin tromethamine,23
fosinopril,fosinopril,10
fosinopril-hydrochlorothiazide,fosinopril-hydrochlorothiazide,30
fulvestrant,fulvestrant,11
furose,furosemide,10
furosemide,furosemide,10
gaba,gabapentin,10
gabapentin,gabapentin,10
gabapentin cream 6%,gabapentin 6%,13
gabitril,gabitril,8
gadobutrol,gadobutrol,10
gala,galantamine,11
galant,galantamine,11
galantamine,galantamine,11
galantamine 4mg/mL oral soln,galantamine 4mg/ml,18
galantamine ER ,galantamine er,14
galantamine ER 16mg CAP,galantamine er 16mg,19
gammagard,gammagard,9
ganaxolone,ganaxolone,10
ganciclovir,ganciclovir,11
ganciclovir ,ganciclovir,11
ganciclovir 500 mg  cap,ganciclovir 500mg,17
ganciclovir 500 mg cap,ganciclovir 500mg,17
ganciclovir 500 mg cap ,ganciclovir 500mg,17
ganciclovir 500 mg caps,ganciclovir 500mg,17
ganirelix,ganirelix,9
gatifloxacin,gatifloxacin,12
gatifloxacin 0.5%,gatifloxacin 0.5%,17
gefitinib,gefitinib,9
gemtuzumab ozogamicin,gemtuzumab ozogamicin,21
gentamicin,gentamicin,10
gilteritinib,gilteritinib,12
ginger (Zingiber officinalis),ginger (zingiber officinalis),29
ginger root (bulk),ginger root,11
gla,gla,3
glatiramer,glatiramer,10
glatiramer (40mg/ml),glatiramer (40mg/ml),20
glatiramer (Glatopa),glatiramer (glatopa),20
glatiramer (copaxone),glatiramer (copaxone),21
glatiramer injection,glatiramer injection,20
glecaprevir-pibrentasvir,glecaprevir-pibrentasvir,24
gleevec,gleevec,7
glim,glim,4
glimepiride,glimepiride,11
glipiZIDE,glipizide,9
glipiZIDE-metformin,glipizide-metformin,19
glipizide,glipizide,9
glucarpidase,glucarpidase,12
glucosamine sulfate,glucosamine sulfate,19
glucosamine-chondroitin,glucosamine-chondroitin,23
glutathione (bulk),glutathione,11
gly,glyburide,9
glyBURIDE,glyburide,9
glybu,glyburide,9
glycer,glycer,6
glycerin,glycerin,8
glycerin (adult),glycerin,8
glycerin-witch hazel,glycerin-witch hazel,20
glyco,glyco,5
glycopyrr,glycopyrrolate,14
glycopyrrolate,glycopyrrolate,14
goly,golytely,8
granisetron,granisetron,11
granisetron HCL,granisetron hcl,15
granisetron HCl,granisetron hcl,15
guai,guaifenesin,11
guaiFENesin,guaifenesin,11
guaiFENesin AC,guaifenesin ac,14
guaif,guaifenesin,11
guaife,guaifenesin,11
guaifen,guaifen,7
guaifenesin,guaifenesin,11
guanFACINE,guanfacine,10
guanFACINE (Tenex),guanfacine (tenex),18
guanfacine,guanfacine,10
halobetasol propionate,halobetasol propionate,22
halope,haloperidol,11
haloperidol,haloperidol,11
haloperidol ,haloperidol,11
haloperidol lactate,haloperidol lactate,19
hem,hem,3
hemin,hemin,5
hepar,heparin,7
heparin,heparin,7
heparin (porcine),heparin (porcine),17
heparin (porcine) (bulk),heparin (porcine),17
heparin (porcine) in 0.9% NaCl,heparin (porcine) in 0.9% nacl,30
hexylresorcinol,hexylresorcinol,15
homatropine HBr,homatropine hbr,15
humalog,humalog,7
humu,humulin,7
humul,humulin,7
humulin,humulin,7
hydrOXYzine HCl,hydroxyzine hcl,15
hydrOXYzine pamoate,hydroxyzine pamoate,19
hydroCHLOROthiazide,hydrochlorothiazide,19
hydrochloric acid (bulk),hydrochloric acid,17
hydrochlorothiazide,hydrochlorothiazide,19
hydroco,hydrocodone,11
hydrocodone-acetaminophen,hydrocodone-acetaminophen,25
hydrocodone-chlorpheniramine,hydrocodone-chlorpheniramine,28
hydrocodone-homatropine,hydrocodone-homatropine,23
hydrocor,hydrocortisone,14
hydrocorTISone,hydrocortisone,14
hydrocorTISone Sod Succ (PF),hydrocortisone sodium succ (pf),31
hydrocorTISone Sod Succinate,hydrocortisone sodium succinate,31
hydrocort,hydrocortisone,14
hydrocortis,hydrocortisone,14
hydrocortisone,hydrocortisone,14
hydrocortisone ,hydrocortisone,14
hydrocortisone-acetic acid,hydrocortisone-acetic acid,26
hydrocortisone-iodoquinl-aloe2,hydrocortisone-iodoquinl-aloe2,30
hydrocortisone-pramoxine,hydrocortisone-pramoxine,24
hydrocortisone/lidocaine suppository,hydrocortisone/lidocaine suppository,36
hydrogen peroxide,hydrogen peroxide,17
hydromo,hydromorphone,13
hydromorph,hydromorphone,13
hydromorphone,hydromorphone,13
hydromorphone-bupiv-NaCL (PF),hydromorphone-bupiv-nacl (pf),29
hydroxocobalamin,hydroxocobalamin,16
hydroxychloroquine,hydroxychloroquine,18
hydroxyp,hydroxyprogesterone,19
hydroxyprogesterone,hydroxyprogesterone,19
hydroxyprogesterone capr(bulk),hydroxyprogesterone capr,24
hydroxyprogesterone caproate,hydroxyprogesterone caproate,28
hydroxyprogesterone caproate (Makena),hydroxyprogesterone caproate (makena),37
hydroxyurea,hydroxyurea,11
hydroxyzine pamoate,hydroxyzine pamoate,19
hyo,hyoscyamine,11
hyos,hyoscyamine,11
hyosc,hyoscyamine,11
hyoscyamine,hyoscyamine,11
hyoscyamine sulfate,hyoscyamine sulfate,19
hypertonic nasal wash,hypertonic wash,15
hypromellose,hypromellose,12
hypromellose gel,hypromellose gel,16
hyrdocortisone,hyrdocortisone,14
ibandronate,ibandronate,11
ibrutinib,ibrutinib,9
ibrutinib (Imbruvica),ibrutinib (imbruvica),21
ibrutinib (imbruvica),ibrutinib (imbruvica),21
ibrutinib(Imbruvica),ibrutinib(imbruvica),20
ibu,ibuprofen,9
ibuprofen,ibuprofen,9
ibuprofen 600mg ,ibuprofen 600mg,15
icosapent ethyl,icosapent ethyl,15
icosapent ethyl (Vascepa),icosapent ethyl (vascepa),25
idelalisib,idelalisib,10
iloperidone,iloperidone,11
iloprost,iloprost,8
imatinib,imatinib,8
imd,imdur,5
imdu,imdur,5
imdur,imdur,5
imiglucerase,imiglucerase,12
imipenem-cilastatin,imipenem-cilastatin,19
imipramine HCl,imipramine hcl,14
imiquimod,imiquimod,9
immun glob G(IgG)-gly-IgA ov50 (Cuvitru),immun glob g(igg)-glyburide-iga ov50 (cuvitru),46
immun glob G(IgG)-pro-IgA 0-50,immun glob g(igg)-pro-iga 0-50,30
imod,imodium,7
indapamide,indapamide,10
inde,inderal,7
inder,inderal,7
indinavir,indinavir,9
indomethacin,indomethacin,12
inositoL,inositol,8
inositol,inositol,8
ins,insulin,7
insul,insulin,7
insuli,insulin,7
insulin,insulin,7
insulin ,insulin,7
insulin aspart,insulin aspart,14
insulin aspart ,insulin aspart,14
insulin aspart (niacinamide),insulin aspart (niacinamide),28
insulin aspart U-100,insulin aspart u-100,20
insulin degludec,insulin degludec,16
insulin detemir,insulin detemir,15
insulin glargine,insulin glargine,16
insulin glulisine,insulin glulisine,17
insulin lispro,insulin lispro,14
insulin lispro (for Insulin PUMP),insulin lispro (insulin pump),29
insulin lispro protam-lispro,insulin lispro protam-lispro,28
insulin pump,insulin pump,12
insulin regular hum U-500 conc,insulin hum u-500 conc,22
insulin regular human,insulin,7
interferon alfa-2b,interferon alfa-2b,18
interferon alfa-2b 6 million unit/mL,interferon alfa-2b 6 million unit/ml,36
interferon beta-1a,interferon beta-1a,18
interferon beta-1a (albumin),interferon beta-1a (albumin),28
interferon beta-1b (Betaseron),interferon beta-1b (betaseron),30
iodoquinol-HC,iodoquinol-hc,13
ioversol,ioversol,8
ipr,ipratropium,11
ipra,ipratropium,11
iprat,ipratropium,11
ipratropium,ipratropium,11
ipratropium bromide,ipratropium bromide,19
ipratropium bromide ,ipratropium bromide,19
ipratropium bromide  0.03%,ipratropium bromide 0.03%,25
ipratropium bromide (Nasal solution),ipratropium bromide,19
ipratropium bromide 0.03 % NASAL ,ipratropium bromide 0.03%,25
ipratropium bromide 0.03% Spray,ipratropium bromide 0.03%,25
ipratropium bromide 0.03% nasal spray,ipratropium bromide 0.03%,25
ipratropium bromide 0.06%,ipratropium bromide 0.06%,25
ipratropium-albuterol,ipratropium-albuterol,21
irb,irbesartan,10
irbe,irbesartan,10
irbes,irbesartan,10
irbesart,irbesartan,10
irbesartan,irbesartan,10
irbesartan ,irbesartan,10
irbesartan 300mg,irbesartan 300mg,16
irbesartan-hydrochlorothiazide,irbesartan-hydrochlorothiazide,30
iron,iron,4
iron bisglycinate chelate,iron bisglycinate chelate,25
iron complex,iron complex,12
iron plus vitamin c,iron plus vitamin c,19
iron sucrose,iron sucrose,12
"iron, carbonyl",iron carbonyl,13
iron-vitamin C,iron-vitamin c,14
isavuconazonium sulfate,isavuconazonium sulfate,23
isometh-dichloral-acetaminophn,isometh-dichloral-acetaminophn,30
isomethepten-caf-acetaminophen,isomethepten-caf-acetaminophen,30
isometheptene-dichloralphenazone-acetaminophen,isometheptene-dichloralphenazone-acetaminophen,46
isoniazid,isoniazid,9
isoproterenol HCl,isoproterenol hcl,17
isos,isosorbide,10
isoso,isosorbide,10
isosor,isosorbide,10
isosorb,isosorbide,10
isosorbide,isosorbide,10
isosorbide dinitrate,isosorbide dinitrate,20
isosorbide mon,isosorbide mononitrate,22
isotretinoin,isotretinoin,12
isradipine,isradipine,10
itraconazole (bulk),itraconazole,12
ivabradine,ivabradine,10
ivacaftor,ivacaftor,9
ivermectin,ivermectin,10
ivosidenib,ivosidenib,10
ixazomib,ixazomib,8
ixazomib (Ninlaro),ixazomib (ninlaro),18
keppra,keppra,6
ketamine,ketamine,8
ketamine (bulk),ketamine,8
ketamine 250 mg troche,ketamine 250mg troche,21
ketamine 5%- gabapentin 10%-lidocaine 6%-amitripline 2%,ketamine 5%- gabapentin 10%-lidocaine 6%-amitripline 2%,55
ketamine 5%/ lidocaine 5% / amit 2%,ketamine 5%/lidocaine 5%/amit 2%,32
ketamine troches,ketamine troches,16
ketoconazole,ketoconazole,12
ketorolac,ketorolac,9
ketorolac ,ketorolac,9
ketorolac  0.4% drops,ketorolac 0.4%,14
ketorolac (PF),ketorolac (pf),14
ketorolac 0.4%,ketorolac 0.4%,14
ketotifen,ketotifen,9
ketotifen ,ketotifen,9
ketotifen fumarate,ketotifen fumarate,18
ketotifen fumarate ,ketotifen fumarate,18
ketotifen fumarate  1mg,ketotifen fumarate 1mg,22
ketotifen fumarate (Alaway),ketotifen fumarate (alaway),27
ketotifen fumarate (bulk),ketotifen fumarate,18
ketotifen fumarate 0.025%,ketotifen fumarate 0.025%,25
ketotifen fumerate 0.035%,ketotifen fumerate 0.035%,25
ketotifen suspension,ketotifen,9
l-carnitine,l-carnitine,11
l-carnitine blus,l-carnitine blus,16
l-carnitine bolus,l-carnitine bolus,17
l-carnitine drug infusion,l-carnitine infusion,20
l-carnitine infusion,l-carnitine infusion,20
laBETalol,labetalol,9
laMIVudine,lamivudine,10
lacosamide,lacosamide,10
lacosamide / fosphenytoin,lacosamide/fosphenytoin,23
lacosamide/fosphenytoin,lacosamide/fosphenytoin,23
lactase,lactase,7
lactase (Lactaid),lactase (lactaid),17
lactic,lactic,6
lactobacillus acidophilus,lactobacillus acidophilus,25
lactul,lactulose,9
lactulo,lactulose,9
lactulose,lactulose,9
lamiVUDine,lamivudine,10
lamoTRIgine,lamotrigine,11
lamoTRIgine 200mg,lamotrigine 200mg,17
lamoTRIgine ER,lamotrigine er,14
lamotr,lamotrigine,11
lamotrigine,lamotrigine,11
lamotrigine (Lamictal Brand) NF,lamotrigine (lamictal) nf,25
lamotrigine ER ,lamotrigine er,14
lamotrigine ER 250 mg tablet,lamotrigine er 250mg,20
lanadelumab-flyo,lanadelumab-flyo,16
lanoxin,lanoxin,7
lans,lansoprazole,12
lanso,lansoprazole,12
lansop,lansoprazole,12
lansopraz,lansoprazole,12
lansoprazole,lansoprazole,12
lantus,lantus,6
lapatinib,lapatinib,9
larotrectinib,larotrectinib,13
lata,latanoprost,11
latano,latanoprost,11
latanoprost,latanoprost,11
lavender oil,lavender oil,12
ledipasvir-sofosbuvir,ledipasvir-sofosbuvir,21
lef,leflunomide,11
lefl,leflunomide,11
leflu,leflunomide,11
leflun,leflunomide,11
lefluno,leflunomide,11
leflunomide,leflunomide,11
leflunomide 10mg TAB,leflunomide 10mg,16
leflunomide 20 mg,leflunomide 20mg,16
leflunomide 20mg,leflunomide 20mg,16
lenalidomide,lenalidomide,12
lenalidomide (Revlimid),lenalidomide (revlimid),23
lenalidomide 5mg capsule,lenalidomide 5mg,16
lenvatinib,lenvatinib,10
lenvatinib (Lenvima),lenvatinib (lenvima),20
les,lescol,6
lesc,lescol,6
letermovir,letermovir,10
letrozole,letrozole,9
letrozole 2.5mg,letrozole 2.5mg,15
leucovorin calcium,leucovorin calcium,18
lev,levalbuterol,12
levETIRAcetam,levetiracetam,13
levETIRAcetam XL ,levetiracetam xl,16
levETIRAcetam XR,levetiracetam xr,16
levOCARNitine,levocarnitine,13
levOCARNitine (Carnitor),levocarnitine (carnitor),24
leva,levalbuterol,12
levalb,levalbuterol,12
levalbuter,levalbuter,10
levalbuterol,levalbuterol,12
levalbuterol HCl,levalbuterol hcl,16
levalbuterol HCl neb.,levalbuterol hcl neb.,21
levalbuterol neb,levalbuterol neb,16
levalbuterol tartrate,levalbuterol tartrate,21
levalbuterol tartrate (Xopenex),levalbuterol tartrate (xopenex),31
levalbuterol tartrate 45 mcg/actuation,levalbuterol tartrate 45 mcg/actuation,38
levemir,levemir,7
levemir ,levemir,7
levetiracetam,levetiracetam,13
levetiracetam ER,levetiracetam er,16
levmetamfetamine,levmetamfetamine,16
levo,levobunolol,11
levobunolol,levobunolol,11
levocarn,levocarnitine,13
levocarnitine,levocarnitine,13
levocetirizine,levocetirizine,14
levocetirizine ,levocetirizine,14
levocetirizine (Xyzal),levocetirizine (xyzal),22
levocetirizine (bulk),levocetirizine,14
levofloxacin,levofloxacin,12
levofloxacin 100mg/4ml solution,levofloxacin 100mg/4ml,22
levomilnacipran,levomilnacipran,15
levonorg-eth estrad triphasic,levonorg-eth estrad triphasic,29
levonorgestreL-ethinyl estrad,levonorgestrel-ethinyl estrad,29
levonorgestreL-ethinyl estrad 0.15-0.03mg,levonorgestrel-ethinyl estrad 0.15-0.03mg,41
levonorgestrel-ethinyl estrad,levonorgestrel-ethinyl estrad,29
levonorgestrel-ethinyl estradiol,levonorgestrel-ethinyl estradiol,32
levorphanol tartrate,levorphanol tartrate,20
levot,levothyroxine,13
levoth,levothyroxine,13
levothy,levothyroxine,13
levothyr,levothyroxine,13
levothyro,levothyroxine,13
levothyroxine,levothyroxine,13
levothyroxine (SYNTHROID),levothyroxine (synthroid),25
levothyroxine (T-4),levothyroxine (t-4),19
levothyroxine (bulk),levothyroxine,13
levothyroxine 112mcg ,levothyroxine 112mcg,20
levothyroxine 176 mcg,levothyroxine 176 mcg,21
levothyroxine 88 mcg,levothyroxine 88 mcg,20
levs,levsin,6
levsin,levsin,6
lid,lidocaine,9
lido,lidocaine,9
lidoc,lidocaine,9
lidoca,lidocaine,9
lidocain,lidocaine,9
lidocaine,lidocaine,9
lidocaine ,lidocaine,9
lidocaine (Lidoderm),lidocaine (lidoderm),20
lidocaine (PF),lidocaine (pf),14
lidocaine 1,lidocaine 1,11
lidocaine 3% - hydrocortisone 0.5%,lidocaine 3% - hydrocortisone 0.5%,34
lidocaine 3%/HC 0.5%,lidocaine 3%/hc 0.5%,20
lidocaine HCL 2%,lidocaine hcl 2%,16
lidocaine HCl,lidocaine hcl,13
lidocaine HCl - Hyrocortisone Acetate ,lidocaine hcl - hyrocortisone acetate,37
lidocaine HCl in 0.9 % NaCl,lidocaine hcl in 0.9% nacl,26
lidocaine HCl-hydrocortison ac,lidocaine hcl-hydrocortison ac,30
lidocaine-epinephrine,lidocaine-epinephrine,21
lidocaine-epinephrine (PF),lidocaine-epinephrine (pf),26
lidocaine-hydrocortisone ac,lidocaine-hydrocortisone ac,27
lidocaine-prilocaine,lidocaine-prilocaine,20
lifitegrast,lifitegrast,11
lifitegrast ophthalmic  solution,lifitegrast ophthalmic,22
linaCLOtide,linaclotide,11
linaCLOtide ,linaclotide,11
linaCLOtide (Linzell),linaclotide (linzell),21
linaCLOtide (Linzess),linaclotide (linzess),21
linaCLOtide 145 mcg,linaclotide 145 mcg,19
linaCLOtide 145 mcg ,linaclotide 145 mcg,19
linaclotide,linaclotide,11
linagliptin,linagliptin,11
linagliptin-metformin,linagliptin-metformin,21
lindane,lindane,7
linezolid,linezolid,9
liothyronine,liothyronine,12
liothyronine (bulk) (T3),liothyronine  (t3),18
liothyronine 7.5mcg,liothyronine 7.5mcg,19
liothyronine-levothyroxine,liothyronine-levothyroxine,26
liotrix,liotrix,7
lipase-protease-amylase,lipase-protease-amylase,23
lipase-protease-amylase (Pancreaze),lipase-protease-amylase (pancreaze),35
liragl,liraglutide,11
liraglutide,liraglutide,11
liraglutide ,liraglutide,11
liraglutide (Victoza),liraglutide (victoza),21
liraglutide (weight loss),liraglutide (weight loss),25
lisdexamfetamine,lisdexamfetamine,16
lisdexamfetamine (Vynanse),lisdexamfetamine (vynanse),26
lisdexamfetamine (Vyvanse),lisdexamfetamine (vyvanse),26
lisinopril,lisinopril,10
lisinopril-hydrochlorothiazide,lisinopril-hydrochlorothiazide,30
lithiu,lithium,7
lithium,lithium,7
lithium carbonate,lithium carbonate,17
lithium citrate,lithium citrate,15
lomustine,lomustine,9
loper,loperamide,10
loperamide,loperamide,10
lopinavir-ritonavir,lopinavir-ritonavir,19
loratadine,loratadine,10
lorazepam,lorazepam,9
lorcaserin,lorcaserin,10
lorlatinib,lorlatinib,10
losar,losartan,8
losartan,losartan,8
losartan-hydrochlorothiazide,losartan-hydrochlorothiazide,28
loteprednol,loteprednol,11
loteprednol etabonate,loteprednol etabonate,21
lovastatin,lovastatin,10
loxapine succinate,loxapine succinate,18
lubiprostone,lubiprostone,12
lur,lurasidone,10
lurasidone,lurasidone,10
lurasidone ,lurasidone,10
lurasidone (Latuda),lurasidone (latuda),19
lutein,lutein,6
lutein-zeaxanthin,lutein-zeaxanthin,17
lysine,lysine,6
lysine 500mg tablets,lysine 500mg,12
lysine HCl,lysine hcl,10
maa,maalox,6
maal,maalox,6
maalo,maalox,6
macitentan,macitentan,10
macitentan ,macitentan,10
macitentan (Opsumit),macitentan (opsumit),20
macitentan (Opsumit) 10mg tab,macitentan (opsumit) 10mg,25
macitentan 10mg,macitentan 10mg,15
mafenide acetate,mafenide acetate,16
mag,mag,3
magnesium,magnesium,9
magnesium L-lactate,magnesium l-lactate,19
magnesium amino acid chelate,magnesium aminocaproic acid chelate,35
magnesium carbonate (bulk),magnesium carbonate,19
magnesium chloride,magnesium chloride,18
magnesium citrate,magnesium citrate,17
magnesium citrate (bulk),magnesium citrate,17
magnesium gluconate,magnesium gluconate,19
magnesium glycinate *NF* 100 mg,magnesium glycinate 100mg,25
magnesium hydroxide,magnesium hydroxide,19
magnesium malate,magnesium malate,16
magnesium orotate,magnesium orotate,17
magnesium oxide,magnesium oxide,15
magnesium oxide & Amino acid chelate,magnesium oxide & aminocaproic acid chelate,43
magnesium oxide-Mg AA chelate,magnesium oxide-mg aa chelate,29
magnesium oxide/AA chelate,magnesium oxide/aa chelate,26
magnesium sulfate,magnesium sulfate,17
maprotiline,maprotiline,11
maraviroc,maraviroc,9
maribavir 100 mg tab,maribavir 100mg,15
mbl,mbl,3
meTOPROLOL succinate,metoprolol succinate,20
mecli,meclizine,9
meclizine,meclizine,9
medroxyPROGESTERone (bulk),medroxyprogesterone,19
medroxyPROGESTerone 1% drops,medroxyprogesterone 1%,22
medroxyprogesterone,medroxyprogesterone,19
megest,megestrol,9
megestrol,megestrol,9
mekinist (Trametinib),mekinist (trametinib),21
melatonin,melatonin,9
melatonin 3mg,melatonin 3mg,13
melatonin 3mg Tablet,melatonin 3mg,13
melatonin 5mg,melatonin 5mg,13
meloxicam,meloxicam,9
meloxicam 15mg,meloxicam 15mg,14
memant,memant,6
memantine,memantine,9
memantine ER,memantine er,12
"meningococcal vac A,C,Y,W-135",meningococcal vac acyw-135,26
menthol,menthol,7
menthol (Icy Hot Patch),menthol (icy hot patch),23
meperidine,meperidine,10
meprobamate,meprobamate,11
mercaptopurine,mercaptopurine,14
mesa,mesalamine,10
mesalamine,mesalamine,10
mesalamine ,mesalamine,10
mesalamine (Apriso) 0.375 gm,mesalamine (apriso) 0.375 gm,28
mesalamine DR,mesalamine dr,13
mesalamine DR 1200mg,mesalamine dr 1200mg,20
mesalamine DR 1200mg TAB,mesalamine dr 1200mg,20
mesalamine ER 500mg CAP,mesalamine er 500mg,19
mesna,mesnex,6
metFORMIN,metformin,9
metFORMIN (Riomet),metformin (riomet),18
metHOTREXate sodium,methotrexate sodium,19
metam,metamucil,9
metaxalone,metaxalone,10
metformin,metformin,9
metformin ER,metformin er,12
meth,methadone,9
metha,methadone,9
methaDONE,methadone,9
methaDONE Intensol,methadone intensol,18
methad,methadone,9
methadon,methadone,9
methadone,methadone,9
methadone Intensol,methadone intensol,18
methamphetamine,methamphetamine,15
methenamine hippurate,methenamine hippurate,21
methenamine hippurate 1gm,methenamine hippurate 1gm,25
methenamine mandelate,methenamine mandelate,21
methimazole,methimazole,11
metho,methotrexate,12
methocarbamoL,methocarbamol,13
methotrexate,methotrexate,12
methotrexate ,methotrexate,12
methotrexate sodium,methotrexate sodium,19
methoxsalen rapid,methoxsalen rapid,17
methylPREDNISolone,methylprednisolone,18
methylPREDNISolone acetate,methylprednisolone acetate,26
methylcellulose (laxative),methylcellulose (laxative),26
methylene blue (antidote),methylene blue (antidote),25
methylnaltrexone,methylnaltrexone,16
methylphenidate,methylphenidate,15
methylphenidate ER,methylphenidate er,18
methylphenidate HCl,methylphenidate hcl,19
metipranolol,metipranolol,12
metoCLOPramide,metoclopramide,14
metoLAZOne,metolazone,10
metolazone,metolazone,10
metoprolol,metoprolol,10
metoprolol succinate,metoprolol succinate,20
metoprolol tartrate,metoprolol tartrate,19
metroNIDAZOLE,metronidazole,13
metrogel,metrogel,8
metronidazole,metronidazole,13
metyrapone,metyrapone,10
mexiletine,mexiletine,10
miacal,miacal,6
micon,miconazole,10
miconazole nitrate,miconazole nitrate,18
midodrine,midodrine,9
midostaurin,midostaurin,11
milk thistle,milk thistle,12
milk thistle seed extract,milk thistle seed extract,25
milnacipran,milnacipran,11
milnacipran (savella),milnacipran (savella),21
milnacipran 50mg tablet,milnacipran 50mg,16
milrinone,milrinone,9
milrinone in 5 % dextrose,milrinone in 5% dextrose,24
miner,mineral,7
mineral oil,mineral oil,11
mineral oil & white petrolatum,mineral oil & white petrolatum,30
minoxidil,minoxidil,9
mira,mira,4
mirabegron,mirabegron,10
mirabegron (Myrbetriq,mirabegron (myrbetriq,21
mirabegron (Myrbetriq),mirabegron (myrbetriq),22
mirabegron ER 50 mg,mirabegron er 50mg,18
miralax,miralax,7
mirtazapine,mirtazapine,11
mitoMYcin,mitomycin,9
mitoXANTRONE,mitoxantrone,12
mitotane,mitotane,8
mln8237,mln8237,7
modAF,modafinil,9
moda,modafinil,9
modaf,modafinil,9
modafi,modafinil,9
modafin,modafinil,9
modafini,modafinil,9
modafiniL,modafinil,9
modafinil,modafinil,9
modafinil  (Provigil),modafinil (provigil),20
moexipril,moexipril,9
moexipril-hydrochlorothiazide,moexipril-hydrochlorothiazide,29
mometasone,mometasone,10
mometasone 0.1% cream,mometasone 0.1%,15
mometasone furoate,mometasone furoate,18
mometasone furoate (Nasonex),mometasone furoate (nasonex),28
mometasone furoate cream 0.1%,mometasone furoate 0.1%,23
mometasone-formoterol,mometasone-formoterol,21
mometasone-formoterol (Dulera),mometasone-formoterol (dulera),30
mometasone-formoterol 200 mcg-5 mcg,mometasone-formoterol 200 mcg-5 mcg,35
mometasone-formoterol 200-5 mcg,mometasone-formoterol 200-5 mcg,31
montelukast,montelukast,11
montelukast 10 mg ,montelukast 10mg,16
morp,morphine,8
morph,morphine,8
morphine,morphine,8
morphine (bulk),morphine,8
morphine concentrate,morphine concentrate,20
motilium,motilium,8
moxifloxacin,moxifloxacin,12
moxifloxacin ,moxifloxacin,12
moxifloxacin in NaCl (iso-osm),moxifloxacin in nacl (isosorbide-osm),37
mu,mucinex,7
mucin,mucinex,7
mucine,mucinex,7
mucinex,mucinex,7
mul,mul,3
mult,mult,4
multi,multi,5
multiv,mupirocin,9
multivi,mupirocin,9
multivit,mupirocin,9
multivitamin,multivitamin,12
multivitamin with iron,multivitamin with iron,22
multivitamin with iron-mineral,multivitamin with iron-mineral,30
multivitamin with minerals,multivitamin with minerals,26
multivitamins,multivitamins,13
mupi,mupirocin,9
mupir,mupirocin,9
mupiro,mupirocin,9
mupirocin,mupirocin,9
mupirocin calcium,mupirocin calcium,17
mvi,mvi,3
mycophen,mycophenolate,13
mycophenolate mofetil,mycophenolate mofetil,21
mycophenolate sodium,mycophenolate sodium,20
n-acetylcysteine Nac,n-acetylcysteine nac,20
nabumetone,nabumetone,10
nac,nac,3
nac ,nac,3
nadol,nadolol,7
nadolol,nadolol,7
nafcillin,nafcillin,9
naldemedine,naldemedine,11
naloxegol,naloxegol,9
naloxegol (Movanitk),naloxegol (movanitk),20
naloxegol (Movantik),naloxegol (movantik),20
naloxone,naloxone,8
naltrexone,naltrexone,10
naltrexone HCl (bulk),naltrexone hcl,14
naproxen,naproxen,8
naproxen sodium,naproxen sodium,15
naratriptan,naratriptan,11
natalizumab,natalizumab,11
natamycin,natamycin,9
nebivoloL,nebivolol,9
nebivolol,nebivolol,9
nebivolol (Bystolic),nebivolol (bystolic),20
nedocromil 2%,nedocromil 2%,13
nelFINavir,nelfinavir,10
neo,neomycin,8
neomy,neomycin,8
neomycin-bacitracin-polymyxin,neomycin-bacitracin-polymyxin,29
neomycin-polymyxin B-dexameth,neomycin-polymyxin b-dexamethasone,34
neomycin-polymyxin-dexameth,neomycin-polymyxin-dexamethasone,32
neoral,neoral,6
nepafenac,nepafenac,9
neph,nephrocaps,10
nephr,nephrocaps,10
nephro,nephrocaps,10
nephrocap,nephrocaps,10
netarsudiL,netarsudil,10
netarsudiL (Rhopressa),netarsudil (rhopressa),22
netarsudiL 002%-latanoprost 0.005%,netarsudil 002%-latanoprost 0.005%,34
netarsudiL-latanoprost,netarsudil-latanoprost,22
netarsudiL0.02%,netarsudil0.02%,15
netarsudil,netarsudil,10
netarsudil 0.02%,netarsudil 0.02%,16
netarsudil opth soln,netarsudil,10
neupogen,neupogen,8
neut,neut,4
neutr,neutr,5
neutra,neutra,6
nevirapine,nevirapine,10
nf-tacrolimus,nf-tacrolimus,13
niCARdipine,nicardipine,11
niMODipine,nimodipine,10
nia,nia,3
niac,niac,4
niacin,niacin,6
niacinamide,niacinamide,11
nicotine,nicotine,8
nicotine (polacrilex),nicotine (polacrilex),21
nicotinic,nicotinic,9
nifed,nifed,5
nifedi,nifedi,6
nifedip,nifedip,7
nifedipi,nifedipi,8
nifedipine,nifedipine,10
nifedipine (bulk),nifedipine,10
nifedipine 2%,nifedipine 2%,13
nifer,nifer,5
niferex,niferex,7
nilotinib,nilotinib,9
nilotinib  (Tasigna),nilotinib (tasigna),19
nilutamide,nilutamide,10
nimodipine,nimodipine,10
nimodipine 30mg,nimodipine 30mg,15
nimodipine 60mg,nimodipine 60mg,15
nimodipine 60mg  ,nimodipine 60mg,15
nintedanib,nintedanib,10
nintedanib ,nintedanib,10
nintedanib (Ofev),nintedanib (ofev),17
nintedanib 150mg,nintedanib 150mg,16
nisoldipine,nisoldipine,11
nitazoxanide,nitazoxanide,12
nitro,nitrofurantoin,14
nitrof,nitrofurantoin,14
nitrofur,nitrofurantoin,14
nitrofurant,nitrofurantoin,14
nitrofurantoin,nitrofurantoin,14
nitrofurantoin macrocrystal,nitrofurantoin macrocrystal,27
nitrofurantoin monohyd/m-cryst,nitrofurantoin monohyd/mononitrate-cryst,40
nitroglycerin,nitroglycerin,13
nitroglycerin/lidocaine,nitroglycerin/lidocaine,23
nizatidine,nizatidine,10
noreth,noreth,6
norethin-eth estrad biphasic,norethin-eth estrad biphasic,28
norethindrone,norethindrone,13
norethindrone ,norethindrone,13
norethindrone (Camila contraceptive),norethindrone (camila contraceptive),36
norethindrone (contraceptive),norethindrone (contraceptive),29
norethindrone (contraceptive) ,norethindrone (contraceptive),29
norethindrone (contraceptive) 5 mg,norethindrone (contraceptive) 5mg,33
norethindrone 0.35 mg,norethindrone 0.35mg,20
norethindrone ac-eth estradioL (Lo Loestrin Fe),norethindrone ac-eth estradiol (lo loestrin fe),47
norethindrone ac-eth estradioL 1.5mg/30 mcg,norethindrone ac-eth estradiol 1.5mg/30 mcg,43
norethindrone ac-eth estradiol,norethindrone ac-eth estradiol,30
norethindrone acetate,norethindrone acetate,21
norethindrone acetate ,norethindrone acetate,21
norethindrone acetate 5mg Tab,norethindrone acetate 5mg,25
norethindrone-e.estradiol-iron,norethindrone-e.estradiol-iron,30
norethindrone-ethin estradioL,norethindrone-ethin estradiol,29
norethindrone-ethin estradiol,norethindrone-ethin estradiol,29
norgestimate,norgestimate,12
norgestimate-ethinyl estradioL,norgestimate-ethinyl estradiol,30
norgestimate-ethinyl estradiol,norgestimate-ethinyl estradiol,30
norgestrel-ethinyl estradioL,norgestrel-ethinyl estradiol,28
norgestrel-ethinyl estradioL (Low-Ogestrel),norgestrel-ethinyl estradiol (low-ogestrel),43
norgestrel-ethinyl estradiol,norgestrel-ethinyl estradiol,28
norgestrel-ethinyl estradiol (Cryselle),norgestrel-ethinyl estradiol (cryselle),39
normal,normal,6
normal sal,normal sal,10
nortriptyline,nortriptyline,13
nortriptyline 10mg/5ml oral soln,nortriptyline 10mg/5ml,22
norvir,norvir,6
novolin,novolin,7
novolin r,novolin r,9
novolog,novolog,7
nutritional supplements,nutritional supplements,23
nys,nystatin,8
nyst,nystatin,8
nysta,nystatin,8
nystat,nystatin,8
nystatin,nystatin,8
nystatin-triamcinolone,nystatin-triamcinolone,22
ocean,ocean,5
octreotide (Sandostatin LAR),octreotide (sandostatin lar),28
octreotide LAR 10mg depot,octreotide lar 10mg depot,25
octreotide acetate,octreotide acetate,18
"octreotide,microspheres",octreotidemicrospheres,22
ocu-glide,ocu-glide,9
ofloxacin,ofloxacin,9
ofloxacin  0.3%,ofloxacin 0.3%,14
ofloxacin otic solution,ofloxacin otic,14
olan,olanzapine,10
olanzapine,olanzapine,10
olaparib,olaparib,8
olaparib ,olaparib,8
olaparib 50mg,olaparib 50mg,13
olm,olm,3
olmesartan,olmesartan,10
olmesartan-hydrochlorothiazide,olmesartan-hydrochlorothiazide,30
olo,olo,3
olopatadine,olopatadine,11
olopatadine 0.2 % ,olopatadine 0.2%,16
olopatadine 0.2% ophthalmic solution,olopatadine 0.2% ophthalmic,27
olopatadine 0.7%,olopatadine 0.7%,16
olsalazine,olsalazine,10
omadacycline,omadacycline,12
omalizumab,omalizumab,10
omega,omega,5
omega 3-dha-epa-fish oil,omega 3-dha-epa-fish oil,24
"omega 3-dha-epa-fish oil,4c,3c,1c",omega 3-dha-epa-fish oil4c3c1c,30
omega-3 fatty acids,omega-3 fatty acids,19
omega-3 fatty acids-dha-epa,omega-3 fatty acids-dha-epa,27
omega-3s-dha-epa-fish oil,omega-3s-dha-epa-fish oil,25
omepr,omepr,5
omeprazole,omeprazole,10
omeprazole magnesium,omeprazole magnesium,20
omeprazole-sodium bicarbonate,omeprazole-sodium bicarbonate,29
ond,ondansetron,11
onda,ondansetron,11
ondan,ondansetron,11
ondans,ondansetron,11
ondansetron,ondansetron,11
ondansetron 8 mg,ondansetron 8mg,15
ondansetron HCl,ondansetron hcl,15
opium tincture,opium tincture,14
orabase,orabase,7
oritavancin,oritavancin,11
orphenadrine citrate,orphenadrine citrate,20
orphenadrine citrate  ER 100mg,orphenadrine citrate er 100mg,29
orphenadrine citrate ER,orphenadrine citrate er,23
oseltamivir,oseltamivir,11
osimertinib,osimertinib,11
osimertinib + gefitinib,osimertinib + gefitinib,23
ovenetoclax,ovenetoclax,11
oxandrolone,oxandrolone,11
oxaprozin,oxaprozin,9
oxcarbazepine,oxcarbazepine,13
oxcarbazepine Brand Name,oxcarbazepine,13
oxiconazole nitrate,oxiconazole nitrate,19
oxyCODONE,oxycodone,9
oxyCODONE 5 mg ,oxycodone 5mg,13
oxyCODONE myristate,oxycodone myristate,19
oxyCODONE-acetaminophen,oxycodone-acetaminophen,23
oxyMORphone,oxymorphone,11
oxyMORphone ER,oxymorphone er,14
oxybutynin,oxybutynin,10
oxybutynin  chloride ER,oxybutynin chloride er,22
oxybutynin chloride,oxybutynin chloride,19
oxybutynin chloride ER,oxybutynin chloride er,22
oxybutynin chloride XL,oxybutynin chloride xl,22
oxycod,oxycodone,9
oxycodone,oxycodone,9
oxycodone SR (oxcontin),oxycodone sr (oxcontin),23
oxycodone-acetaminophen,oxycodone-acetaminophen,23
oxycodone-apap,oxycodone-apap,14
oxymet,oxymetazoline,13
oxymeta,oxymetazoline,13
oxymetazoline,oxymetazoline,13
oxymorphone,oxymorphone,11
oxytocin,oxytocin,8
palbociclib,palbociclib,11
palbociclib  (Ibrance),palbociclib (ibrance),21
palonosetron,palonosetron,12
pan,pancrease,9
panc,pancrease,9
pancre,pancrease,9
pang,pangestyme,10
panto,pantoprazol,11
pantoprazole,pantoprazole,12
pantoprazole ,pantoprazole,12
pantoprazole 2mg/ml,pantoprazole 2mg/ml,19
pantoprazole oral solution,pantoprazole,12
papaverine,papaverine,10
parcop,parcop,6
parcopa,parcopa,7
paricalcitol,paricalcitol,12
paromomycin,paromomycin,11
paromomycin sulfate (bulk),paromomycin sulfate,19
patiromer calcium sorbitex,patiromer calcium sorbitex,26
pazopanib,pazopanib,9
peg,peg,3
pegaspargase,pegaspargase,12
pegfilgrastim,pegfilgrastim,13
pegfilgrastim-cbqv,pegfilgrastim-cbqv,18
penicillAMINE,penicillamine,13
penicillin G potassium,penicillin g potassium,22
penicillin V potassium,penicillin v potassium,22
pentasa,pentasa,7
pentosan polysulfate sodium,pentosan polysulfate sodium,27
pentoxifylline,pentoxifylline,14
peppermint oil,peppermint oil,14
perampaneL,perampanel,10
perampanel,perampanel,10
percocet,percocet,8
perindopril erbumine,perindopril erbumine,20
permet,permethrin,10
permeth,permethrin,10
permethrin,permethrin,10
perphenazine,perphenazine,12
"petrolatum, white-water",petrolatum white-water,22
phen,phen,4
phenazopyridine,phenazopyridine,15
pheno,phenobarbital,13
phenob,phenobarbital,13
phenoba,phenobarbital,13
phenobar,phenobarbital,13
phenobarb,phenobarbital,13
phenobarb-hyoscy-atropine-scop,phenobarbital-hyoscy-atropine-scop,34
phenobarbital,phenobarbital,13
phentermine,phentermine,11
phenyl,phenyl,6
phenyleph,phenyleph,9
phenylephrin,phenylephrin,12
phenylephrine,phenylephrine,13
phenylephrine HCl,phenylephrine hcl,17
phenylephrine HCl in 0.9% NaCl,phenylephrine hcl in 0.9% nacl,30
phenylephrine-DM-acetaminophen,phenylephrine-dm-acetaminophen,30
phenytoi,phenytoi,8
phenytoin,phenytoin,9
phenytoin sodium extended,phenytoin sodium extended,25
phosp,phosp,5
phosphatidylcholine (bulk),phosphatidylcholine,19
phytonadione (vitamin K1),phytonadione (vitamin k1),25
pilocarpine,pilocarpine,11
pilocarpine ,pilocarpine,11
pilocarpine 5 mg,pilocarpine 5mg,15
pilocarpine 5mg ,pilocarpine 5mg,15
pilocarpine HCl,pilocarpine hcl,15
pilocarpine HCl (bulk),pilocarpine hcl,15
pilocarpine HCl 4%,pilocarpine hcl 4%,18
pimavanserin,pimavanserin,12
pimavanserin (Nuplazid),pimavanserin (nuplazid),23
pimozide,pimozide,8
pindolol,pindolol,8
pioglitazone-glimepiride,pioglitazone-glimepiride,24
pirbuterol,pirbuterol,10
pirfenidone,pirfenidone,11
pirfenidone ,pirfenidone,11
pirfenidone 801mg,pirfenidone 801mg,17
pitavastatin,pitavastatin,12
pitavastatin calcium,pitavastatin calcium,20
pitavastatin calcium (Livalo),pitavastatin calcium (livalo),29
plerixafor,plerixafor,10
pneumoc 13-val conj-dip cr(PF),pneumoc 13-val conj-dip cr(pf),30
podofilox,podofilox,9
poly,poly,4
polyethyl glycol-polyvinyl alc,polyethyl glycol-polyvinyl alc,30
polyethylene glycol 3350,polyethylene glycol 3350,24
polymyxin B sulf-trimethoprim,polymyxin b sulfate-trimethoprim,32
polyvinyl alcohol,polyvinyl alcohol,17
polyvinyl alcohol-povidon(PF),polyvinyl alcohol-povidon(pf),29
polyvinyl alcohol-povidone,polyvinyl alcohol-povidone,26
pomalidomide,pomalidomide,12
ponatinib,ponatinib,9
ponatinib ,ponatinib,9
pota,potassium,9
potas,potassium,9
potass,potassium,9
potassiu,potassium,9
potassium,potassium,9
potassium ch,potassium ch,12
potassium chlo,potassium chlo,14
potassium chloride,potassium chloride,18
potassium chloride 20mEq,potassium chloride 20meq,24
potassium chloride ER,potassium chloride er,21
potassium chloride liquid,potassium chloride,18
potassium citrate,potassium citrate,17
potassium citrate ER,potassium citrate er,20
potassium citrate tablets,potassium citrate,17
potassium gluconate,potassium gluconate,19
povidone-iodine,povidone-iodine,15
povidone-iodine (bulk),povidone-iodine,15
pralsetinib,pralsetinib,11
pram,pram,4
prami,prami,5
pramipexole,pramipexole,11
pramipexole ER,pramipexole er,14
pramlintide,pramlintide,11
pramoxine,pramoxine,9
prasterone (dhea),prasterone (dhea),17
prasugreL,prasugrel,9
prasugrel,prasugrel,9
pravastatin,pravastatin,11
praziquanteL,praziquantel,12
praziquantel,praziquantel,12
prazosin,prazosin,8
pred,pred,4
predn,prednisolone,12
predni,prednisolone,12
predniSONE,prednisone,10
predniSONE 20mg,prednisone 20mg,15
predniSONE Intensol,prednisone intensol,19
prednis,prednisolone,12
predniso,prednisolone,12
prednisoLONE,prednisolone,12
prednisoLONE acetate,prednisolone acetate,20
prednisoLONE acetate ,prednisolone acetate,20
prednisoLONE sodium phosphate,prednisolone sodium phosphate,29
prednisol,prednisolone,12
prednisolone,prednisolone,12
prednisolone acetate,prednisolone acetate,20
prednisolone acetate (PF),prednisolone acetate (pf),25
prednisolone-moxiflo-nepafenac,prednisolone-moxiflo-nepafenac,30
prednisone,prednisone,10
pregabalin,pregabalin,10
"prenat.vits,cal,min-iron-folic",prenat.vitscalmin-iron-folic,28
prenatal DHA,prenatal dha,12
prenatal multivit-Ca-min-Fe-FA,prenatal mupirocin-carbonate-min-fe-fa,38
prenatal vit-iron fumarate-FA,prenatal vit-iron fumarate-fa,29
prenatal vitamins plus,prenatal vitamins plus,22
prev,prev,4
primiDONE,primidone,9
proGESTerone,progesterone,12
proGESTerone ,progesterone,12
proGESTerone -estradiol 100-1mg/mL,progesterone -estradiol 100-1mg/ml,34
proGESTerone gel 8%,progesterone gel 8%,19
proGESTerone micronized,progesterone micronized,23
proGESTerone micronized 200mg Supp,progesterone micronized 200mg,29
probiotic,probiotic,9
probiotic packet,probiotic,9
probiotics ,probiotics,10
procarbazine,procarbazine,12
proges,proges,6
progest,progest,7
progesterone,progesterone,12
progesterone (bulk),progesterone,12
"progesterone 100mg/ml, estrodiol 1mg/ml, testosterone 0.4mg/ml",progesterone 100mg/ml estrodiol 1mg/ml testosterone 0.4mg/ml,60
progesterone micronized,progesterone micronized,23
progesterone micronized (bulk),progesterone micronized,23
progesterone vaginal insert,progesterone vaginal insert,27
promethazine,promethazine,12
propafenone,propafenone,11
propafenone hydrochloride,propafenone hydrochloride,25
propo,propo,5
propofol (PF),propofol (pf),13
propox,propox,6
propranoloL,propranolol,11
propranolol,propranolol,11
propylene glycol-glycerin (Artificial Tears),propylene glycol-glycerin (artificial tears),44
proscar,proscar,7
protonix,protonix,8
protriptyline,protriptyline,13
prucalopride,prucalopride,12
prucalopride (Motegrity),prucalopride (motegrity),24
pseudoephedrine HCl,pseudoephedrine hcl,19
psyllium,psyllium,8
psyllium husk,psyllium husk,13
pulm,pulm,4
pulmicort,pulmicort,9
pyridostigmine,pyridostigmine,14
pyridostigmine bromide,pyridostigmine bromide,22
pyridostigmine bromide ER 180mg,pyridostigmine bromide er 180mg,31
pyridoxine,pyridoxine,10
pyrimethamine,pyrimethamine,13
pyrimethamine/leucovorin,pyrimethamine/leucovorin,24
quet,quetiapine,10
quetiapine,quetiapine,10
quiNIDine gluconate,quinidine gluconate,19
quiNINE sulfate,quinine sulfate,15
quinacrine (bulk),quinacrine,10
quinapril,quinapril,9
quiniDINE ,quinidine,9
quiniDINE Gluconate,quinidine gluconate,19
quiniDINE Gluconate E.R.,quinidine gluconate e.r.,24
quiniDINE Gluconate E.R. 324mg TAB,quinidine gluconate e.r. 324mg,30
quiniDINE Sulfate,quinidine sulfate,17
rOPINIRole,ropinirole,10
rOPINIRole (REQUIP),ropinirole (requip),19
rOPINIRole (Requip) XL,ropinirole (requip) xl,22
rOPINIRole ER,ropinirole er,13
rOPINIRole XL (Requip XL),ropinirole xl (requip xl),25
raNITIdine HCL,ranitidine hcl,14
raNITIdine HCl,ranitidine hcl,14
rabeprazole,rabeprazole,11
raloxifene,raloxifene,10
raltegravir,raltegravir,11
ramelteon,ramelteon,9
ramipril,ramipril,8
ranitidine (Zantac),ranitidine (zantac),19
ranitidine HCl,ranitidine hcl,14
ranitidine HCl (bulk),ranitidine hcl,14
ranolazine,ranolazine,10
rasagiline,rasagiline,10
rasagiline (Azilect),rasagiline (azilect),20
refre,refre,5
refresh,refresh,7
refresh (cellulose),refresh (cellulose),19
regorafenib,regorafenib,11
remdesevir,remdesevir,10
remdesivir,remdesivir,10
repaglinide,repaglinide,11
rev,rev,3
reva,reva,4
revefenacin,revefenacin,11
revlimid,revlimid,8
riTUXimab,rituximab,9
riTUXimab Desensitization,rituximab desensitization,25
riTUXimab*,rituximab,9
riTUXimab-abbs (Truxima),rituximab-abbs (truxima),24
riTUXimab-abbs (Truxima) Desensitization,rituximab-abbs (truxima) desensitization,40
riTUXimab-pvvr (Ruxience),rituximab-pvvr (ruxience),25
ribavirin,ribavirin,9
ribociclib,ribociclib,10
riboflavin,riboflavin,10
riboflavin (vitamin B2),riboflavin (vitamin b2),23
rifAMPin,rifampin,8
rifAXIMin,rifaximin,9
rifAXIMin Oral Suspension,rifaximin,9
rifam,rifam,5
rifapentine,rifapentine,11
rifaximin,rifaximin,9
rilpivirine,rilpivirine,11
rilpivirine HCl,rilpivirine hcl,15
riluzole,riluzole,8
rimegepant,rimegepant,10
riociguat,riociguat,9
riociguat (Adempas),riociguat (adempas),19
riociguat (adempas),riociguat (adempas),19
riociguat 1mg,riociguat 1mg,13
riociguat 2mg,riociguat 2mg,13
risedronate,risedronate,11
ritonavir,ritonavir,9
ritonavir (norvir) 100mg TAB,ritonavir (norvir) 100mg,24
ritonavir 80mg/ml Soln,ritonavir 80mg/ml,17
rivaroxaban,rivaroxaban,11
rivas,rivas,5
rivastigmine,rivastigmine,12
rivastigmine ,rivastigmine,12
rivastigmine patch,rivastigmine patch,18
rivastigmine tartrate,rivastigmine tartrate,21
rivastigminen patch 9.5mg/24h,rivastigminen patch 9.5mg/24h,29
rizatriptan,rizatriptan,11
rizatriptan(Maxalt),rizatriptan(maxalt),19
robi,robi,4
robit,robit,5
rocuronium,rocuronium,10
rocuronium ,rocuronium,10
roflumilast,roflumilast,11
roflumilast (Daliresp),roflumilast (daliresp),22
roflumilast 250mcg,roflumilast 250mcg,18
roflumilast 500mcg,roflumilast 500mcg,18
romiDEPsin,romidepsin,10
romiPLOStim,romiplostim,11
ropinirole,ropinirole,10
ropinirole 8mg ER,ropinirole 8mg er,17
ropinirole ER,ropinirole er,13
ropivacaine (PF),ropivacaine (pf),16
ropivacaine in NS (PF),ropivacaine in ns (pf),22
rosuvastatin,rosuvastatin,12
rotigotine,rotigotine,10
rotigotine (Neupro),rotigotine (neupro),19
rotigotine (Neupro) Transdermal,rotigotine (neupro) transdermal,31
rotigotine *NF* 8 mg/24 hour,rotigotine 8mg/24 hour,22
rotigotine 4mg/24hours,rotigotine 4mg/24hours,22
rucaparib,rucaparib,9
rufinamide,rufinamide,10
ruxolitinib,ruxolitinib,11
ruxolitinib  *NF* ORAL,ruxolitinib,11
ruxolitinib (Jakafi),ruxolitinib (jakafi),20
ruxolitinib 15 mg ORAL *NF*,ruxolitinib 15mg,16
ruxolitinib/Jakafi,ruxolitinib/jakafi,18
sToujeo SoloStar U-300 Insulin,stoujeo solostar u-300 insulin,30
saccharomyces boulardii,saccharomyces boulardii,23
sacubitril-valsartan,sacubitril-valsartan,20
sacubitril/valsartan,sacubitril/valsartan,20
sacubitril/valsartan (LCZ6969),sacubitril/valsartan (lcz6969),30
sacubitril/valsartan(LCZ696),sacubitril/valsartan(lcz696),28
salicylic acid,salicylic acid,14
salin,salin,5
saliva substitute combo no.3,saliva substitute no.3,22
saliva substitution combo no.2,saliva substitution no.2,24
salmeterol,salmeterol,10
sapropterin,sapropterin,11
sargramostim,sargramostim,12
sarilumab 400mg/200mg,sarilumab 400mg/200mg,21
saw palmetto extract,saw palmetto extract,20
saw palmmetto,saw palmmetto,13
saxagliptin,saxagliptin,11
scopolamine HBr,scopolamine hbr,15
scopolamine HBr (bulk),scopolamine hbr,15
scopolamine base,scopolamine base,16
sele,sele,4
selegiline,selegiline,10
selegiline (Emsam),selegiline (emsam),18
selenium,selenium,8
selenium methionine,selenium methionine,19
selenium sulfide,selenium sulfide,16
selexipag,selexipag,9
selexipag ,selexipag,9
selexipag (Uptravi),selexipag (uptravi),19
selexipag *NF* ,selexipag,9
selexipag *NF* 400 mcg,selexipag 400 mcg,17
selexipag 1200mcg,selexipag 1200mcg,17
selexipag 200mcg,selexipag 200mcg,16
selexipag 400 mcg,selexipag 400 mcg,17
selexipag 800 mcg,selexipag 800 mcg,17
selexipag 800mcg,selexipag 800mcg,16
selpercatinib,selpercatinib,13
semaglutide,semaglutide,11
senna,senna,5
sennosides,sennosides,10
seroq,seroq,5
sertraline,sertraline,10
sertraline HCl oral concentrate,sertraline hcl concentrate,26
sertraline oral solution,sertraline,10
seve,sevelamer,9
sevel,sevelamer,9
sevela,sevelamer,9
sevelam,sevelamer,9
sevelame,sevelamer,9
sevelamer,sevelamer,9
sevelamer ,sevelamer,9
sevelamer CARBONATE,sevelamer carbonate,19
sevelamer HCl,sevelamer hcl,13
sevelamer HYDROCHLORIDE,sevelamer hydrochloride,23
sevelamer carbonate,sevelamer carbonate,19
sild,sild,4
sildenafil,sildenafil,10
silodosin,silodosin,9
silodosin (Rapaflo),silodosin (rapaflo),19
simeprevir,simeprevir,10
simet,simet,5
simeth,simeth,6
simethicone,simethicone,11
simethicone ,simethicone,11
simvastatin,simvastatin,11
simvastatin ,simvastatin,11
simvastatin 40 mg,simvastatin 40mg,16
singulair,singulair,9
sirolimus,sirolimus,9
sitaGLIPtin,sitagliptin,11
sitaGLIPtin 50mg tab (Januvia),sitagliptin 50mg (januvia),26
sitagliptin,sitagliptin,11
sitagliptin-metformin,sitagliptin-metformin,21
sod,sodium,6
sodiu,sodium,6
sodium,sodium,6
sodium ,sodium,6
sodium Bica,sodium bicalutamide,19
sodium b,sodium b,8
sodium bi,sodium bi,9
sodium bic,sodium bicalutamide,19
sodium bica,sodium bicalutamide,19
sodium bicar,sodium bicar,12
sodium bicarb,sodium bicarb,13
sodium bicarb-sodium chloride,sodium bicarb-sodium chloride,29
sodium bicarbon,sodium bicarbon,15
sodium bicarbonate,sodium bicarbonate,18
sodium bicarbonate (bulk),sodium bicarbonate,18
sodium bicarbonate in D5W,sodium bicarbonate in d5w,25
sodium ch,sodium ch,9
sodium chl,sodium chl,10
sodium chlo,sodium chlo,11
sodium chlor,sodium chloral,14
sodium chlori,sodium chloride,15
sodium chloride,sodium chloride,15
sodium chloride 0.9 %,sodium chloride 0.9%,20
sodium chloride 0.9 % (flush),sodium chloride 0.9% (flush),28
sodium chloride 0.9%,sodium chloride 0.9%,20
sodium citrate,sodium citrate,14
sodium citrate-citric acid,sodium citrate-citric acid,26
sodium ferric gluconat-sucrose,sodium ferric gluconat-sucrose,30
sodium nitrite,sodium nitrite,14
sodium phosphates,sodium phosphates,17
sodium polystyrene sulfonate,sodium polystyrene sulfonate,28
sodium tetradecyl sulfate,sodium tetradecyl sulfate,25
sodium thiosulfate,sodium thiosulfate,18
sodium zirconium cyclosilicate,sodium zirconium cyclosilicate,30
sofosbuvir,sofosbuvir,10
sofosbuvir-velpatasvir,sofosbuvir-velpatasvir,22
solifenacin,solifenacin,11
solifenacin (Vesicare),solifenacin (vesicare),22
somatropin,somatropin,10
sorafenib,sorafenib,9
sotaloL,sotalol,7
sotalol,sotalol,7
spironolactone,spironolactone,14
stavudine,stavudine,9
succinylcholine,succinylcholine,15
sucral,sucralfate,10
sucralfate,sucralfate,10
sucroferric oxyhydroxide,sucroferric oxyhydroxide,24
sulfa,sulfate,7
sulfaSALAzine,sulfasalazine,13
sulfacetamide sodium,sulfacetamide sodium,20
sulfacetamide sodium (acne),sulfacetamide sodium (acne),27
sulfacetamide sodium 10%,sulfacetamide sodium 10%,24
sulfacetamide sodium-sulfur,sulfacetamide sodium-sulfur,27
sulfacetamide sodium-sulfur 10%,sulfacetamide sodium-sulfur 10%,31
sulfameth,sulfameth,9
sulfamethoxazole-trimethoprim,sulfamethoxazole-trimethoprim,29
sumatriptan,sumatriptan,11
sunitinib,sunitinib,9
suvorexant,suvorexant,10
suvorexant (Belsomra),suvorexant (belsomra),21
suvorexant 20mg tab (Belsomra),suvorexant 20mg (belsomra),26
synt,synt,4
synth,synth,5
taMOXifen,tamoxifen,9
tac,tacrolimus,10
tacr,tacrolimus,10
tacro,tacrolimus,10
tacroli,tacrolimus,10
tacrolimus,tacrolimus,10
tacrolimus 0.03%,tacrolimus 0.03%,16
tadalafiL,tadalafil,9
tadalafiL (pulm. hypertension),tadalafil (pulm. hypertension),30
tadalafil,tadalafil,9
tadalafil   20mg,tadalafil 20mg,14
tadalafil (Adcirca),tadalafil (adcirca),19
tadalafil (Cialis),tadalafil (cialis),18
tadalafil (antihypertensive),tadalafil (antihypertensive),28
tadalafil 20mg,tadalafil 20mg,14
tadalafil 4mg,tadalafil 4mg,13
tafamidis,tafamidis,9
tafamidis (Vyndamax),tafamidis (vyndamax),20
tafamidis meglumine,tafamidis meglumine,19
tafluprost (PF),tafluprost (pf),15
tafluprost (PF) 0.0015% eye drops,tafluprost (pf) 0.0015%,23
tafluprost ophthalmic solution,tafluprost ophthalmic,21
talc,talc,4
tamsuLOSIN,tamsulosin,10
tamsulosin,tamsulosin,10
tapentadoL,tapentadol,10
tapentadol,tapentadol,10
tapentadol (NUCYNTA),tapentadol (nucynta),20
tazarotene,tazarotene,10
tbo-filgrastim,tbo-filgrastim,14
tea tree oil,tears tree oil,14
tedizolid,tedizolid,9
teduglutide,teduglutide,11
telaprevir,telaprevir,10
telavancin,telavancin,10
telmisartan,telmisartan,11
telmisartan-hydrochlorothiazide,telmisartan-hydrochlorothiazide,31
temazepam,temazepam,9
temozolomide,temozolomide,12
temozolomide ,temozolomide,12
temozolomide 100mg,temozolomide 100mg,18
tenofovir alafenamide,tenofovir alafenamide,21
tenofovir alafenamide (Vemlidy),tenofovir alafenamide (vemlidy),31
tenofovir alafenamide fumarate,tenofovir alafenamide fumarate,30
tenofovir alafenamide fumarate (Vemlidy),tenofovir alafenamide fumarate (vemlidy),40
tenofovir disoproxil fumarate,tenofovir disoproxil fumarate,29
terazosin,terazosin,9
terbinafine,terbinafine,11
terbinafine HCL,terbinafine hcl,15
terbinafine HCl,terbinafine hcl,15
teriflunomide,teriflunomide,13
teriparatide,teriparatide,12
teriparatide ,teriparatide,12
terlipressin,terlipressin,12
tes,tessalon,8
testos,testos,6
testosterone,testosterone,12
testosterone ,testosterone,12
testosterone (bulk),testosterone,12
testosterone 50mg,testosterone 50mg,17
"testosterone cyp, micro (bulk)",testosterone cyp micro,22
testosterone cypionate,testosterone cypionate,22
testosterone enanthate,testosterone enanthate,22
testosterone gel,testosterone gel,16
testosterone propionate,testosterone propionate,23
tetrabenazine,tetrabenazine,13
tetrabenazine  ,tetrabenazine,13
tetrabenazine (Xenazine) 12.5mg TAB,tetrabenazine (xenazine) 12.5mg,31
tetrabenazine (Xenazine) 25mg tab,tetrabenazine (xenazine) 25mg,29
tetrabenazine (xenazine),tetrabenazine (xenazine),24
tetrabenazine 25mg tablet,tetrabenazine 25mg,18
tetracaine HCl,tetracaine hcl,14
tetracycline,tetracycline,12
tetrahydrozoline,tetrahydrozoline,16
thaimine,thaimine,8
thalidomide,thalidomide,11
theophylline,theophylline,12
theophylline ER,theophylline er,15
theophylline ER 100mg,theophylline er 100mg,21
ther,ther,4
thera,thera,5
thiamien,thiamien,8
thiamine,thiamine,8
thiamine ,thiamine,8
thiamine  drug,thiamine,8
thiamine 200mg,thiamine 200mg,14
thiamine HCl (vitamin B1),thiamine hcl (vitamin b1),25
thimaine,thimaine,8
thioguanine,thioguanine,11
thrombin (bovine),thrombin (bovine),17
thyroid,thyroid,7
thyroid (Nature-Throid),thyroid (nature-throid),23
thyroid (bulk) (thyroid extract),thyroid  (thyroid extract),26
thyroid (pork),thyroid (pork),14
thyroid (pork) Ext/T2,thyroid (pork) ext/t2,21
thyroid extract SR,thyroid extract sr,18
"thyroid, pork (bulk)",thyroid pork,12
tiZANidine,tizanidine,10
ticagrelor,ticagrelor,10
tim,timolol,7
timo,timolol,7
timolo,timolol,7
timoloL maleate,timolol maleate,15
timolol,timolol,7
timolol 0.5%,timolol 0.5%,12
timolol maleate,timolol maleate,15
timolol maleate (PF),timolol maleate (pf),20
timolol maleate gel,timolol maleate gel,19
timolol maleate gel - PMTO,timolol maleate gel - pmto,26
timop,timop,5
timoptic,timoptic,8
tiotropium bromide,tiotropium bromide,18
tiotropium bromide(Stiolto),tiotropium bromide(stiolto),27
tiotropium-olodaterol,tiotropium-olodaterol,21
tipranavir,tipranavir,10
tissue plasminogen activator,tissue plasminogen activator,28
tissue plasminogen activator (Activase),tissue plasminogen activator (activase),39
tissue plasminogen activator (Alteplase),tissue plasminogen activator (alteplase),40
tissue plasminogen activator (alteplase),tissue plasminogen activator (alteplase),40
"tissue plasminogen activator (tPA, Alteplase)",tissue plasminogen activator (tpa alteplase),44
tizan,tizan,5
tobramycin,tobramycin,10
tobramycin in 0.225 % NaCl,tobramycin in 0.225% nacl,25
tobramycin with nebulizer,tobramycin with nebulizer,25
tobramycin-dexamethasone,tobramycin-dexamethasone,24
tocilizumab,tocilizumab,11
tocilizumab (Actemra),tocilizumab (actemra),21
tofacitinib,tofacitinib,11
tofacitinib ,tofacitinib,11
tofacitinib (Xeljanz),tofacitinib (xeljanz),21
tofacitinib (Zeljanz),tofacitinib (zeljanz),21
tofacitinib ER (Xeljanz),tofacitinib er (xeljanz),24
tol,tol,3
tolcapone,tolcapone,9
tolmetin,tolmetin,8
tolmetin 400mg Capsule,tolmetin 400mg,14
tolterodine,tolterodine,11
tolterodine ER,tolterodine er,14
topical cream metered-dose dev,topical metered- dev,20
topiramate,topiramate,10
topiramate XR,topiramate xr,13
toprol,toprol,6
torsemide,torsemide,9
toujeo,toujeo,6
traMADoL ER,tramadol er,11
traMADol-acetaminophen,tramadol-acetaminophen,22
traZ,traz,4
traZODONE,trazodone,9
traZODone,trazodone,9
tramadol,tramadol,8
trametinib,trametinib,10
trametinib 2mg,trametinib 2mg,14
trametinib 2mg tablet,trametinib 2mg,14
tran,tran,4
tranexa,tranexa,7
tranexamic acid,tranexamic acid,15
tranexamic acid (bulk),tranexamic acid,15
transpro-et 150-1.75-0.15,transpro-et 150-1.75-0.15,25
travoprost,travoprost,10
travoprost ,travoprost,10
travoprost (benzalkonium),travoprost (benzalkonium),25
treprostiniL,treprostinil,12
treprostiniL-nebulizer-accesor,treprostinil-nebulizer-accesor,30
treprostinil,treprostinil,12
treprostinil diolamine,treprostinil diolamine,22
treprostinil sodium,treprostinil sodium,19
tret,tretinoin,9
tretin,tretinoin,9
tretinoin,tretinoin,9
tretinoin (chemotherapy),tretinoin (chemotherapy),24
tri-est/prog/test,tri-est/prog/,13
tria,tria,4
triam,triam,5
triamc,triamc,6
triamcinolone acetonide,triamcinolone acetonide,23
triamt,triamt,6
triamterene-HCTZ 37.5 mg-25 mg tablet,triamterene-hctz 37.5mg-25mg,28
triamterene-hydrochlorothiazid,triamterene-hydrochlorothiazid,30
triaz,triaz,5
triazol,triazol,7
triazolam,triazolam,9
trientine,trientine,9
trifluoperazine,trifluoperazine,15
trifluridine,trifluridine,12
trifluridine-tipiraci l(Lonsurf),trifluridine-tipiraci l(lonsurf),32
trihexyphenidyl,trihexyphenidyl,15
trile,trile,5
trileptal,trileptal,9
trimethobenzamide,trimethobenzamide,17
trimethobenzamide 300mg CAP,trimethobenzamide 300mg,23
tromethamine,tromethamine,12
trospium,trospium,8
trospium CL,trospium cl,11
trospium ER,trospium er,11
trospium XL,trospium xl,11
tryptophan,tryptophan,10
tuberculin PPD,tuberculin ppd,14
tucatinib,tucatinib,9
tuck,tuck,4
tucks,tucks,5
turmeric root extract,turmeric root extract,21
tyrosine,tyrosine,8
ucalcium citrate,ucalcium citrate,16
umeclidinium,umeclidinium,12
umeclidinium  62.5mcg,umeclidinium 62.5mcg,20
umeclidinium (Incruse Ellipta),umeclidinium (incruse ellipta),30
umeclidinium (Incruse ellipta),umeclidinium (incruse ellipta),30
umeclidinium 62.5 mcg/actuation ,umeclidinium 62.5 mcg/actuation,31
umeclidinium 62.5MCG INH,umeclidinium 62.5mcg,20
umeclidinium Ellipta,umeclidinium ellipta,20
umeclidinium inhalation,umeclidinium,12
umeclidinium-vilanteroL,umeclidinium-vilanterol,23
umeclidinium-vilanteroL 62.5-25 mcg,umeclidinium-vilanterol 62.5-25 mcg,35
umeclidinium-vilanteroL 62.5-25 mcg/actuation ,umeclidinium-vilanterol 62.5-25 mcg/actuation,45
umeclidinium-vilanteroL(ANOROellipta),umeclidinium-vilanterol(anoroellipta),37
umeclidinium-vilanterol,umeclidinium-vilanterol,23
umeclidinium-vilanterol (Anoro),umeclidinium-vilanterol (anoro),31
umeclidinium-vilanterol *NF* 62.5-25 mcg/puff,umeclidinium-vilanterol 62.5-25 mcg/puff,40
umeclidinium-vilanterol 62.5mcg/25mcg,umeclidinium-vilanterol 62.5mcg/25mcg,37
unoprostone isopropyl,unoprostone isopropyl,21
unoprostone isopropyl (RESCULA),unoprostone isopropyl (rescula),31
upadacitinib,upadacitinib,12
ure,ure,3
urea,urea,4
urea 20%  cream,urea 20%,8
uridine triacetate,uridine triacetate,18
ursodioL,ursodiol,8
ursodiol,ursodiol,8
ustekinumab,ustekinumab,11
valACYclovir,valacyclovir,12
valACYclovir 500mg,valacyclovir 500mg,18
valacyclovir,valacyclovir,12
valbenazine,valbenazine,11
valbenazine (Ingrezza),valbenazine (ingrezza),22
valgan,valganciclovir,14
valganciclovir,valganciclovir,14
valp,valproate,9
valpr,valproate,9
valpro,valpro,6
valproat,valproate,9
valproic ,valproic,8
valproic acid (as sodium salt),valproic acid (as sodium salt),30
valsar,valsar,6
valsartan,valsartan,9
valsartan-hydrochlorothiazide,valsartan-hydrochlorothiazide,29
vanco,vanco,5
vancoMYCIN,vancomycin,10
vancoMYCIN for inhalation,vancomycin,10
vancoMYCIN for nasal inhalation,vancomycin,10
vancomy,vancomy,7
vancomycin,vancomycin,10
vancomycin ,vancomycin,10
vancomycin (bulk),vancomycin,10
vancomycin CAPS,vancomycin,10
vancomycin capsule,vancomycin,10
vancomycin oral capsule,vancomycin,10
varenicline,varenicline,11
varicella virus vacc live (PF),varicella virus vacc live (pf),30
varicella-zoster i.glob-maltos,varicella-zoster i.glob-maltos,30
ve,UNK,2
vedolizumab,vedolizumab,11
vemurafenib,vemurafenib,11
vemurafenib (Zelboraf) 240mg Tab,vemurafenib (zelboraf) 240mg,28
venetoclax,venetoclax,10
venetoclax ,venetoclax,10
venetoclax (Venclexta),venetoclax (venclexta),22
venlafaxine,venlafaxine,11
vera,vera,4
verap,verap,5
verapamiL,verapamil,9
verapamil,verapamil,9
vibegron,vibegron,8
vicodin,vicodin,7
vilazodone,vilazodone,10
vilazodone (Viibryd),vilazodone (viibryd),20
vilazodone 40mg,vilazodone 40mg,15
vilazodone 40mg   ,vilazodone 40mg,15
vilazodone 40mg TAB,vilazodone 40mg,15
vilazodone(Viibryd),vilazodone(viibryd),19
vinORELBine (Navelbine),vinorelbine (navelbine),23
viokase,viokase,7
vitamin,vitamin,7
vitamin A,vitamin a,9
vitamin A and D,vitamin a and d,15
vitamin A palmitate,vitamin a palmitate,19
vitamin B-12 liquid,vitamin b-12,12
vitamin B-50 complex,vitamin b-50 complex,20
vitamin D3,vitamin d3,10
vitamin E,vitamin e,9
vitamin K2,vitamin k2,10
vitamin a,vitamin a,9
vitamin c,vitamin c,9
vitamin d,vitamin d,9
vitamin d3,vitamin d3,10
vitamine d3,vitamine d3,11
viteyes,viteyes,7
voriconazole,voriconazole,12
vorinostat,vorinostat,10
vortioxetine,vortioxetine,12
vortioxetine (Trintellix),vortioxetine (trintellix),25
vortioxetine 10mg tab,vortioxetine 10mg,17
voxelotor,voxelotor,9
voxelotor (Oxbryta),voxelotor (oxbryta),19
warf,warf,4
warfarin,warfarin,8
warfarin (Coumadin) Brand Name,warfarin (coumadin),19
well,wellbutrin,10
wellb,wellbutrin,10
wellbut,wellbutrin,10
whey protein isolate,whey protein isolate,20
white petrolatum,white petrolatum,16
xal,xalatan,7
xala,xala,4
xalat,xalatan,7
xalatan,xalatan,7
xarelt,xarelt,6
xeloda (capecitabine),xeloda (capecitabine),21
xyliMelts,xylimelts,9
xylitol-antiseptic comb no.5,xylitol-antiseptic combigan no.5,32
zafirlukast,zafirlukast,11
zaleplon,zaleplon,8
zanamivir,zanamivir,9
zanubrutinib,zanubrutinib,12
zeas,zeas,4
zenpep 20000 units,zenpep 20000 units,18
ziconotide,ziconotide,10
zidovuDINE,zidovudine,10
zileuton,zileuton,8
zinc,zinc,4
zinc chloride,zinc chloride,13
zinc chloride (bulk),zinc chloride,13
zinc gluconate,zinc gluconate,14
zinc oxide,zinc oxide,10
zinc oxide 40%,zinc oxide 40%,14
zinc oxide-white petrolatum,zinc oxide-white petrolatum,27
zinc picolinate (bulk),zinc picolinate,15
zinc sulfate,zinc sulfate,12
ziprasidone,ziprasidone,11
ziprasidone HCL,ziprasidone hcl,15
zofr,zofr,4
zole,zole,4
zoledronic acid,zoledronic acid,15
zolmitriptan,zolmitriptan,12
zolpidem,zolpidem,8
zonisamide,zonisamide,10
zydis,zydis,5
zypre,zypre,5
zyrtec-D,zyrtec-d,8
zz,UNK,2
zzVoxtalisibzz,zzvoxtalisibzz,14
